ticker,donem_baslangic,donem_bitis,endekste_mi,kaynak_dosya
AAGYO,2024-07-01,2024-11-30,EVET,katilim_endeksleri_20241201_20250430.pdf
ACSEL,2024-07-01,2024-11-30,EVET,katilim_endeksleri_20241201_20250430.pdf
ADESE,2024-07-01,2024-11-30,EVET,katilim_endeksleri_20241201_20250430.pdf
AFYON,2024-07-01,2024-11-30,EVET,katilim_endeksleri_20241201_20250430.pdf
AHGAZ,2024-07-01,2024-11-30,EVET,katilim_endeksleri_20241201_20250430.pdf
AHSGY,2024-07-01,2024-11-30,EVET,katilim_endeksleri_20241201_20250430.pdf
AKCNS,2024-07-01,2024-11-30,EVET,katilim_endeksleri_20241201_20250430.pdf
AKFYE,2024-07-01,2024-11-30,EVET,katilim_endeksleri_20241201_20250430.pdf
AKHAN,2024-07-01,2024-11-30,EVET,katilim_endeksleri_20241201_20250430.pdf
AKSA,2024-07-01,2024-11-30,EVET,katilim_endeksleri_20241201_20250430.pdf
AKSEN,2024-07-01,2024-11-30,EVET,katilim_endeksleri_20241201_20250430.pdf
ALBRK,2024-07-01,2024-11-30,EVET,katilim_endeksleri_20241201_20250430.pdf
ALBTN,2024-07-01,2024-11-30,EVET,katilim_endeksleri_20241201_20250430.pdf
ALCTL,2024-07-01,2024-11-30,EVET,katilim_endeksleri_20241201_20250430.pdf
ALK,2024-07-01,2024-11-30,EVET,katilim_endeksleri_20241201_20250430.pdf
ALKA,2024-07-01,2024-11-30,EVET,katilim_endeksleri_20241201_20250430.pdf
ALKIM,2024-07-01,2024-11-30,EVET,katilim_endeksleri_20241201_20250430.pdf
ALKLC,2024-07-01,2024-11-30,EVET,katilim_endeksleri_20241201_20250430.pdf
ALTNY,2024-07-01,2024-11-30,EVET,katilim_endeksleri_20241201_20250430.pdf
ALVES,2024-07-01,2024-11-30,EVET,katilim_endeksleri_20241201_20250430.pdf
ANELE,2024-07-01,2024-11-30,EVET,katilim_endeksleri_20241201_20250430.pdf
ARASE,2024-07-01,2024-11-30,EVET,katilim_endeksleri_20241201_20250430.pdf
ARDYZ,2024-07-01,2024-11-30,EVET,katilim_endeksleri_20241201_20250430.pdf
ARENA,2024-07-01,2024-11-30,EVET,katilim_endeksleri_20241201_20250430.pdf
ARFYE,2024-07-01,2024-11-30,EVET,katilim_endeksleri_20241201_20250430.pdf
ARTMS,2024-07-01,2024-11-30,EVET,katilim_endeksleri_20241201_20250430.pdf
ASELS,2024-07-01,2024-11-30,EVET,katilim_endeksleri_20241201_20250430.pdf
ASGYO,2024-07-01,2024-11-30,EVET,katilim_endeksleri_20241201_20250430.pdf
ASUZU,2024-07-01,2024-11-30,EVET,katilim_endeksleri_20241201_20250430.pdf
ATAGY,2024-07-01,2024-11-30,EVET,katilim_endeksleri_20241201_20250430.pdf
ATAKP,2024-07-01,2024-11-30,EVET,katilim_endeksleri_20241201_20250430.pdf
ATATP,2024-07-01,2024-11-30,EVET,katilim_endeksleri_20241201_20250430.pdf
AVOD,2024-07-01,2024-11-30,EVET,katilim_endeksleri_20241201_20250430.pdf
AVPGY,2024-07-01,2024-11-30,EVET,katilim_endeksleri_20241201_20250430.pdf
AYEN,2024-07-01,2024-11-30,EVET,katilim_endeksleri_20241201_20250430.pdf
BAKAB,2024-07-01,2024-11-30,EVET,katilim_endeksleri_20241201_20250430.pdf
BANVT,2024-07-01,2024-11-30,EVET,katilim_endeksleri_20241201_20250430.pdf
BARMA,2024-07-01,2024-11-30,EVET,katilim_endeksleri_20241201_20250430.pdf
BASGZ,2024-07-01,2024-11-30,EVET,katilim_endeksleri_20241201_20250430.pdf
BAYRK,2024-07-01,2024-11-30,EVET,katilim_endeksleri_20241201_20250430.pdf
BEGYO,2024-07-01,2024-11-30,EVET,katilim_endeksleri_20241201_20250430.pdf
BESTE,2024-07-01,2024-11-30,EVET,katilim_endeksleri_20241201_20250430.pdf
BETAE,2024-07-01,2024-11-30,EVET,katilim_endeksleri_20241201_20250430.pdf
BEYAZ,2024-07-01,2024-11-30,EVET,katilim_endeksleri_20241201_20250430.pdf
BIENY,2024-07-01,2024-11-30,EVET,katilim_endeksleri_20241201_20250430.pdf
BIMAS,2024-07-01,2024-11-30,EVET,katilim_endeksleri_20241201_20250430.pdf
BINBN,2024-07-01,2024-11-30,EVET,katilim_endeksleri_20241201_20250430.pdf
BINHO,2024-07-01,2024-11-30,EVET,katilim_endeksleri_20241201_20250430.pdf
BIOEN,2024-07-01,2024-11-30,EVET,katilim_endeksleri_20241201_20250430.pdf
BMSTL,2024-07-01,2024-11-30,EVET,katilim_endeksleri_20241201_20250430.pdf
BNTAS,2024-07-01,2024-11-30,EVET,katilim_endeksleri_20241201_20250430.pdf
BOBET,2024-07-01,2024-11-30,EVET,katilim_endeksleri_20241201_20250430.pdf
BORLS,2024-07-01,2024-11-30,EVET,katilim_endeksleri_20241201_20250430.pdf
BORSK,2024-07-01,2024-11-30,EVET,katilim_endeksleri_20241201_20250430.pdf
BOSSA,2024-07-01,2024-11-30,EVET,katilim_endeksleri_20241201_20250430.pdf
BRKSN,2024-07-01,2024-11-30,EVET,katilim_endeksleri_20241201_20250430.pdf
BRLSM,2024-07-01,2024-11-30,EVET,katilim_endeksleri_20241201_20250430.pdf
BUCIM,2024-07-01,2024-11-30,EVET,katilim_endeksleri_20241201_20250430.pdf
BURCE,2024-07-01,2024-11-30,EVET,katilim_endeksleri_20241201_20250430.pdf
BURVA,2024-07-01,2024-11-30,EVET,katilim_endeksleri_20241201_20250430.pdf
CANTE,2024-07-01,2024-11-30,EVET,katilim_endeksleri_20241201_20250430.pdf
CATES,2024-07-01,2024-11-30,EVET,katilim_endeksleri_20241201_20250430.pdf
CCOLA,2024-07-01,2024-11-30,EVET,katilim_endeksleri_20241201_20250430.pdf
CEMAS,2024-07-01,2024-11-30,EVET,katilim_endeksleri_20241201_20250430.pdf
CEMTS,2024-07-01,2024-11-30,EVET,katilim_endeksleri_20241201_20250430.pdf
CGCAM,2024-07-01,2024-11-30,EVET,katilim_endeksleri_20241201_20250430.pdf
CIMSA,2024-07-01,2024-11-30,EVET,katilim_endeksleri_20241201_20250430.pdf
CLEBI,2024-07-01,2024-11-30,EVET,katilim_endeksleri_20241201_20250430.pdf
CMBTN,2024-07-01,2024-11-30,EVET,katilim_endeksleri_20241201_20250430.pdf
COSMO,2024-07-01,2024-11-30,EVET,katilim_endeksleri_20241201_20250430.pdf
CUSAN,2024-07-01,2024-11-30,EVET,katilim_endeksleri_20241201_20250430.pdf
CWENE,2024-07-01,2024-11-30,EVET,katilim_endeksleri_20241201_20250430.pdf
DAPGM,2024-07-01,2024-11-30,EVET,katilim_endeksleri_20241201_20250430.pdf
DARDL,2024-07-01,2024-11-30,EVET,katilim_endeksleri_20241201_20250430.pdf
DCTTR,2024-07-01,2024-11-30,EVET,katilim_endeksleri_20241201_20250430.pdf
DESA,2024-07-01,2024-11-30,EVET,katilim_endeksleri_20241201_20250430.pdf
DESPC,2024-07-01,2024-11-30,EVET,katilim_endeksleri_20241201_20250430.pdf
DGATE,2024-07-01,2024-11-30,EVET,katilim_endeksleri_20241201_20250430.pdf
DGGYO,2024-07-01,2024-11-30,EVET,katilim_endeksleri_20241201_20250430.pdf
DGNMO,2024-07-01,2024-11-30,EVET,katilim_endeksleri_20241201_20250430.pdf
DITAS,2024-07-01,2024-11-30,EVET,katilim_endeksleri_20241201_20250430.pdf
DOAS,2024-07-01,2024-11-30,EVET,katilim_endeksleri_20241201_20250430.pdf
DOFER,2024-07-01,2024-11-30,EVET,katilim_endeksleri_20241201_20250430.pdf
DOFRB,2024-07-01,2024-11-30,EVET,katilim_endeksleri_20241201_20250430.pdf
DOGUB,2024-07-01,2024-11-30,EVET,katilim_endeksleri_20241201_20250430.pdf
DURKN,2024-07-01,2024-11-30,EVET,katilim_endeksleri_20241201_20250430.pdf
DYOBY,2024-07-01,2024-11-30,EVET,katilim_endeksleri_20241201_20250430.pdf
EBEBK,2024-07-01,2024-11-30,EVET,katilim_endeksleri_20241201_20250430.pdf
EFOR,2024-07-01,2024-11-30,EVET,katilim_endeksleri_20241201_20250430.pdf
EFORC,2024-07-01,2024-11-30,EVET,katilim_endeksleri_20241201_20250430.pdf
EGEPO,2024-07-01,2024-11-30,EVET,katilim_endeksleri_20241201_20250430.pdf
EGGUB,2024-07-01,2024-11-30,EVET,katilim_endeksleri_20241201_20250430.pdf
EGPRO,2024-07-01,2024-11-30,EVET,katilim_endeksleri_20241201_20250430.pdf
EKOS,2024-07-01,2024-11-30,EVET,katilim_endeksleri_20241201_20250430.pdf
EKSUN,2024-07-01,2024-11-30,EVET,katilim_endeksleri_20241201_20250430.pdf
ELITE,2024-07-01,2024-11-30,EVET,katilim_endeksleri_20241201_20250430.pdf
EMPAE,2024-07-01,2024-11-30,EVET,katilim_endeksleri_20241201_20250430.pdf
ENJSA,2024-07-01,2024-11-30,EVET,katilim_endeksleri_20241201_20250430.pdf
ERCB,2024-07-01,2024-11-30,EVET,katilim_endeksleri_20241201_20250430.pdf
EREGL,2024-07-01,2024-11-30,EVET,katilim_endeksleri_20241201_20250430.pdf
ERSU,2024-07-01,2024-11-30,EVET,katilim_endeksleri_20241201_20250430.pdf
ESCOM,2024-07-01,2024-11-30,EVET,katilim_endeksleri_20241201_20250430.pdf
EUPWR,2024-07-01,2024-11-30,EVET,katilim_endeksleri_20241201_20250430.pdf
EYGYO,2024-07-01,2024-11-30,EVET,katilim_endeksleri_20241201_20250430.pdf
FADE,2024-07-01,2024-11-30,EVET,katilim_endeksleri_20241201_20250430.pdf
FMIZP,2024-07-01,2024-11-30,EVET,katilim_endeksleri_20241201_20250430.pdf
FONET,2024-07-01,2024-11-30,EVET,katilim_endeksleri_20241201_20250430.pdf
FORMT,2024-07-01,2024-11-30,EVET,katilim_endeksleri_20241201_20250430.pdf
FRIGO,2024-07-01,2024-11-30,EVET,katilim_endeksleri_20241201_20250430.pdf
FRMPL,2024-07-01,2024-11-30,EVET,katilim_endeksleri_20241201_20250430.pdf
FZLGY,2024-07-01,2024-11-30,EVET,katilim_endeksleri_20241201_20250430.pdf
GEDZA,2024-07-01,2024-11-30,EVET,katilim_endeksleri_20241201_20250430.pdf
GENIL,2024-07-01,2024-11-30,EVET,katilim_endeksleri_20241201_20250430.pdf
GENKM,2024-07-01,2024-11-30,EVET,katilim_endeksleri_20241201_20250430.pdf
GENTS,2024-07-01,2024-11-30,EVET,katilim_endeksleri_20241201_20250430.pdf
GEREL,2024-07-01,2024-11-30,EVET,katilim_endeksleri_20241201_20250430.pdf
GESAN,2024-07-01,2024-11-30,EVET,katilim_endeksleri_20241201_20250430.pdf
GLRMK,2024-07-01,2024-11-30,EVET,katilim_endeksleri_20241201_20250430.pdf
GMTAS,2024-07-01,2024-11-30,EVET,katilim_endeksleri_20241201_20250430.pdf
GOLDA,2024-07-01,2024-11-30,EVET,katilim_endeksleri_20241201_20250430.pdf
GOLTS,2024-07-01,2024-11-30,EVET,katilim_endeksleri_20241201_20250430.pdf
GRSEL,2024-07-01,2024-11-30,EVET,katilim_endeksleri_20241201_20250430.pdf
GRTHO,2024-07-01,2024-11-30,EVET,katilim_endeksleri_20241201_20250430.pdf
GUBRF,2024-07-01,2024-11-30,EVET,katilim_endeksleri_20241201_20250430.pdf
GUNDG,2024-07-01,2024-11-30,EVET,katilim_endeksleri_20241201_20250430.pdf
HATSN,2024-07-01,2024-11-30,EVET,katilim_endeksleri_20241201_20250430.pdf
HKTM,2024-07-01,2024-11-30,EVET,katilim_endeksleri_20241201_20250430.pdf
HRKET,2024-07-01,2024-11-30,EVET,katilim_endeksleri_20241201_20250430.pdf
HUBVC,2024-07-01,2024-11-30,EVET,katilim_endeksleri_20241201_20250430.pdf
HUNER,2024-07-01,2024-11-30,EVET,katilim_endeksleri_20241201_20250430.pdf
ICUGS,2024-07-01,2024-11-30,EVET,katilim_endeksleri_20241201_20250430.pdf
IDGYO,2024-07-01,2024-11-30,EVET,katilim_endeksleri_20241201_20250430.pdf
IEYHO,2024-07-01,2024-11-30,EVET,katilim_endeksleri_20241201_20250430.pdf
IHEVA,2024-07-01,2024-11-30,EVET,katilim_endeksleri_20241201_20250430.pdf
IHGZT,2024-07-01,2024-11-30,EVET,katilim_endeksleri_20241201_20250430.pdf
IHYAY,2024-07-01,2024-11-30,EVET,katilim_endeksleri_20241201_20250430.pdf
IMASM,2024-07-01,2024-11-30,EVET,katilim_endeksleri_20241201_20250430.pdf
INGRM,2024-07-01,2024-11-30,EVET,katilim_endeksleri_20241201_20250430.pdf
INTEM,2024-07-01,2024-11-30,EVET,katilim_endeksleri_20241201_20250430.pdf
ISDMR,2024-07-01,2024-11-30,EVET,katilim_endeksleri_20241201_20250430.pdf
ISKPL,2024-07-01,2024-11-30,EVET,katilim_endeksleri_20241201_20250430.pdf
ISSEN,2024-07-01,2024-11-30,EVET,katilim_endeksleri_20241201_20250430.pdf
IZFAS,2024-07-01,2024-11-30,EVET,katilim_endeksleri_20241201_20250430.pdf
IZINV,2024-07-01,2024-11-30,EVET,katilim_endeksleri_20241201_20250430.pdf
JANTS,2024-07-01,2024-11-30,EVET,katilim_endeksleri_20241201_20250430.pdf
KAREL,2024-07-01,2024-11-30,EVET,katilim_endeksleri_20241201_20250430.pdf
KARSN,2024-07-01,2024-11-30,EVET,katilim_endeksleri_20241201_20250430.pdf
KARYE,2024-07-01,2024-11-30,EVET,katilim_endeksleri_20241201_20250430.pdf
KATMR,2024-07-01,2024-11-30,EVET,katilim_endeksleri_20241201_20250430.pdf
KAYSE,2024-07-01,2024-11-30,EVET,katilim_endeksleri_20241201_20250430.pdf
KBORU,2024-07-01,2024-11-30,EVET,katilim_endeksleri_20241201_20250430.pdf
KCAER,2024-07-01,2024-11-30,EVET,katilim_endeksleri_20241201_20250430.pdf
KFEIN,2024-07-01,2024-11-30,EVET,katilim_endeksleri_20241201_20250430.pdf
KGYO,2024-07-01,2024-11-30,EVET,katilim_endeksleri_20241201_20250430.pdf
KLKIM,2024-07-01,2024-11-30,EVET,katilim_endeksleri_20241201_20250430.pdf
KNFRT,2024-07-01,2024-11-30,EVET,katilim_endeksleri_20241201_20250430.pdf
KOCMT,2024-07-01,2024-11-30,EVET,katilim_endeksleri_20241201_20250430.pdf
KONKA,2024-07-01,2024-11-30,EVET,katilim_endeksleri_20241201_20250430.pdf
KONTR,2024-07-01,2024-11-30,EVET,katilim_endeksleri_20241201_20250430.pdf
KONYA,2024-07-01,2024-11-30,EVET,katilim_endeksleri_20241201_20250430.pdf
KOPOL,2024-07-01,2024-11-30,EVET,katilim_endeksleri_20241201_20250430.pdf
KOTON,2024-07-01,2024-11-30,EVET,katilim_endeksleri_20241201_20250430.pdf
KRDMA,2024-07-01,2024-11-30,EVET,katilim_endeksleri_20241201_20250430.pdf
KRDMB,2024-07-01,2024-11-30,EVET,katilim_endeksleri_20241201_20250430.pdf
KRDMD,2024-07-01,2024-11-30,EVET,katilim_endeksleri_20241201_20250430.pdf
KRGYO,2024-07-01,2024-11-30,EVET,katilim_endeksleri_20241201_20250430.pdf
KRONT,2024-07-01,2024-11-30,EVET,katilim_endeksleri_20241201_20250430.pdf
KRPLS,2024-07-01,2024-11-30,EVET,katilim_endeksleri_20241201_20250430.pdf
KRSTL,2024-07-01,2024-11-30,EVET,katilim_endeksleri_20241201_20250430.pdf
KRTEK,2024-07-01,2024-11-30,EVET,katilim_endeksleri_20241201_20250430.pdf
KRVGD,2024-07-01,2024-11-30,EVET,katilim_endeksleri_20241201_20250430.pdf
KTLEV,2024-07-01,2024-11-30,EVET,katilim_endeksleri_20241201_20250430.pdf
KUTPO,2024-07-01,2024-11-30,EVET,katilim_endeksleri_20241201_20250430.pdf
KUYAS,2024-07-01,2024-11-30,EVET,katilim_endeksleri_20241201_20250430.pdf
KZBGY,2024-07-01,2024-11-30,EVET,katilim_endeksleri_20241201_20250430.pdf
LILAK,2024-07-01,2024-11-30,EVET,katilim_endeksleri_20241201_20250430.pdf
LINK,2024-07-01,2024-11-30,EVET,katilim_endeksleri_20241201_20250430.pdf
LKMNH,2024-07-01,2024-11-30,EVET,katilim_endeksleri_20241201_20250430.pdf
LMKDC,2024-07-01,2024-11-30,EVET,katilim_endeksleri_20241201_20250430.pdf
LOGO,2024-07-01,2024-11-30,EVET,katilim_endeksleri_20241201_20250430.pdf
LXGYO,2024-07-01,2024-11-30,EVET,katilim_endeksleri_20241201_20250430.pdf
LYDHO,2024-07-01,2024-11-30,EVET,katilim_endeksleri_20241201_20250430.pdf
MAKIM,2024-07-01,2024-11-30,EVET,katilim_endeksleri_20241201_20250430.pdf
MAKTK,2024-07-01,2024-11-30,EVET,katilim_endeksleri_20241201_20250430.pdf
MANAS,2024-07-01,2024-11-30,EVET,katilim_endeksleri_20241201_20250430.pdf
MARBL,2024-07-01,2024-11-30,EVET,katilim_endeksleri_20241201_20250430.pdf
MAVI,2024-07-01,2024-11-30,EVET,katilim_endeksleri_20241201_20250430.pdf
MCARD,2024-07-01,2024-11-30,EVET,katilim_endeksleri_20241201_20250430.pdf
MEDTR,2024-07-01,2024-11-30,EVET,katilim_endeksleri_20241201_20250430.pdf
MEGMT,2024-07-01,2024-11-30,EVET,katilim_endeksleri_20241201_20250430.pdf
MEKAG,2024-07-01,2024-11-30,EVET,katilim_endeksleri_20241201_20250430.pdf
MERCN,2024-07-01,2024-11-30,EVET,katilim_endeksleri_20241201_20250430.pdf
MERKO,2024-07-01,2024-11-30,EVET,katilim_endeksleri_20241201_20250430.pdf
MEYSU,2024-07-01,2024-11-30,EVET,katilim_endeksleri_20241201_20250430.pdf
MIATK,2024-07-01,2024-11-30,EVET,katilim_endeksleri_20241201_20250430.pdf
MNDRS,2024-07-01,2024-11-30,EVET,katilim_endeksleri_20241201_20250430.pdf
MNDTR,2024-07-01,2024-11-30,EVET,katilim_endeksleri_20241201_20250430.pdf
MOBTL,2024-07-01,2024-11-30,EVET,katilim_endeksleri_20241201_20250430.pdf
MPARK,2024-07-01,2024-11-30,EVET,katilim_endeksleri_20241201_20250430.pdf
MTRKS,2024-07-01,2024-11-30,EVET,katilim_endeksleri_20241201_20250430.pdf
NETAS,2024-07-01,2024-11-30,EVET,katilim_endeksleri_20241201_20250430.pdf
NIBAS,2024-07-01,2024-11-30,EVET,katilim_endeksleri_20241201_20250430.pdf
NTGAZ,2024-07-01,2024-11-30,EVET,katilim_endeksleri_20241201_20250430.pdf
NUGYO,2024-07-01,2024-11-30,EVET,katilim_endeksleri_20241201_20250430.pdf
NUHCM,2024-07-01,2024-11-30,EVET,katilim_endeksleri_20241201_20250430.pdf
OBAMS,2024-07-01,2024-11-30,EVET,katilim_endeksleri_20241201_20250430.pdf
ODAS,2024-07-01,2024-11-30,EVET,katilim_endeksleri_20241201_20250430.pdf
OFSYM,2024-07-01,2024-11-30,EVET,katilim_endeksleri_20241201_20250430.pdf
ONCSM,2024-07-01,2024-11-30,EVET,katilim_endeksleri_20241201_20250430.pdf
ONRYT,2024-07-01,2024-11-30,EVET,katilim_endeksleri_20241201_20250430.pdf
ORCAY,2024-07-01,2024-11-30,EVET,katilim_endeksleri_20241201_20250430.pdf
ORGE,2024-07-01,2024-11-30,EVET,katilim_endeksleri_20241201_20250430.pdf
OTKAR,2024-07-01,2024-11-30,EVET,katilim_endeksleri_20241201_20250430.pdf
OYAKC,2024-07-01,2024-11-30,EVET,katilim_endeksleri_20241201_20250430.pdf
OZATD,2024-07-01,2024-11-30,EVET,katilim_endeksleri_20241201_20250430.pdf
OZRDN,2024-07-01,2024-11-30,EVET,katilim_endeksleri_20241201_20250430.pdf
OZSUB,2024-07-01,2024-11-30,EVET,katilim_endeksleri_20241201_20250430.pdf
OZYSR,2024-07-01,2024-11-30,EVET,katilim_endeksleri_20241201_20250430.pdf
PAGYO,2024-07-01,2024-11-30,EVET,katilim_endeksleri_20241201_20250430.pdf
PARSN,2024-07-01,2024-11-30,EVET,katilim_endeksleri_20241201_20250430.pdf
PASEU,2024-07-01,2024-11-30,EVET,katilim_endeksleri_20241201_20250430.pdf
PATEK,2024-07-01,2024-11-30,EVET,katilim_endeksleri_20241201_20250430.pdf
PEKGY,2024-07-01,2024-11-30,EVET,katilim_endeksleri_20241201_20250430.pdf
PENGD,2024-07-01,2024-11-30,EVET,katilim_endeksleri_20241201_20250430.pdf
PENTA,2024-07-01,2024-11-30,EVET,katilim_endeksleri_20241201_20250430.pdf
PETKM,2024-07-01,2024-11-30,EVET,katilim_endeksleri_20241201_20250430.pdf
PETUN,2024-07-01,2024-11-30,EVET,katilim_endeksleri_20241201_20250430.pdf
PGSUS,2024-07-01,2024-11-30,EVET,katilim_endeksleri_20241201_20250430.pdf
PKART,2024-07-01,2024-11-30,EVET,katilim_endeksleri_20241201_20250430.pdf
PLTUR,2024-07-01,2024-11-30,EVET,katilim_endeksleri_20241201_20250430.pdf
PNSUT,2024-07-01,2024-11-30,EVET,katilim_endeksleri_20241201_20250430.pdf
POLHO,2024-07-01,2024-11-30,EVET,katilim_endeksleri_20241201_20250430.pdf
PRDGS,2024-07-01,2024-11-30,EVET,katilim_endeksleri_20241201_20250430.pdf
PRKAB,2024-07-01,2024-11-30,EVET,katilim_endeksleri_20241201_20250430.pdf
QUAGR,2024-07-01,2024-11-30,EVET,katilim_endeksleri_20241201_20250430.pdf
RALYH,2024-07-01,2024-11-30,EVET,katilim_endeksleri_20241201_20250430.pdf
RODRG,2024-07-01,2024-11-30,EVET,katilim_endeksleri_20241201_20250430.pdf
RUBNS,2024-07-01,2024-11-30,EVET,katilim_endeksleri_20241201_20250430.pdf
RYGYO,2024-07-01,2024-11-30,EVET,katilim_endeksleri_20241201_20250430.pdf
SAFKR,2024-07-01,2024-11-30,EVET,katilim_endeksleri_20241201_20250430.pdf
SAMAT,2024-07-01,2024-11-30,EVET,katilim_endeksleri_20241201_20250430.pdf
SANEL,2024-07-01,2024-11-30,EVET,katilim_endeksleri_20241201_20250430.pdf
SANFM,2024-07-01,2024-11-30,EVET,katilim_endeksleri_20241201_20250430.pdf
SANKO,2024-07-01,2024-11-30,EVET,katilim_endeksleri_20241201_20250430.pdf
SASA,2024-07-01,2024-11-30,EVET,katilim_endeksleri_20241201_20250430.pdf
SEGMN,2024-07-01,2024-11-30,EVET,katilim_endeksleri_20241201_20250430.pdf
SEKUR,2024-07-01,2024-11-30,EVET,katilim_endeksleri_20241201_20250430.pdf
SELEC,2024-07-01,2024-11-30,EVET,katilim_endeksleri_20241201_20250430.pdf
SELGD,2024-07-01,2024-11-30,EVET,katilim_endeksleri_20241201_20250430.pdf
SELVA,2024-07-01,2024-11-30,EVET,katilim_endeksleri_20241201_20250430.pdf
SILVR,2024-07-01,2024-11-30,EVET,katilim_endeksleri_20241201_20250430.pdf
SMART,2024-07-01,2024-11-30,EVET,katilim_endeksleri_20241201_20250430.pdf
SMRTG,2024-07-01,2024-11-30,EVET,katilim_endeksleri_20241201_20250430.pdf
SNGYO,2024-07-01,2024-11-30,EVET,katilim_endeksleri_20241201_20250430.pdf
SNICA,2024-07-01,2024-11-30,EVET,katilim_endeksleri_20241201_20250430.pdf
SOHOE,2024-07-01,2024-11-30,EVET,katilim_endeksleri_20241201_20250430.pdf
SOKE,2024-07-01,2024-11-30,EVET,katilim_endeksleri_20241201_20250430.pdf
SONME,2024-07-01,2024-11-30,EVET,katilim_endeksleri_20241201_20250430.pdf
SRVGY,2024-07-01,2024-11-30,EVET,katilim_endeksleri_20241201_20250430.pdf
SSAAT,2024-07-01,2024-11-30,EVET,katilim_endeksleri_20241201_20250430.pdf
SUNTK,2024-07-01,2024-11-30,EVET,katilim_endeksleri_20241201_20250430.pdf
SURGY,2024-07-01,2024-11-30,EVET,katilim_endeksleri_20241201_20250430.pdf
SUWEN,2024-07-01,2024-11-30,EVET,katilim_endeksleri_20241201_20250430.pdf
TABGD,2024-07-01,2024-11-30,EVET,katilim_endeksleri_20241201_20250430.pdf
TCKRC,2024-07-01,2024-11-30,EVET,katilim_endeksleri_20241201_20250430.pdf
TDGYO,2024-07-01,2024-11-30,EVET,katilim_endeksleri_20241201_20250430.pdf
TEHOL,2024-07-01,2024-11-30,EVET,katilim_endeksleri_20241201_20250430.pdf
TEZOL,2024-07-01,2024-11-30,EVET,katilim_endeksleri_20241201_20250430.pdf
THYAO,2024-07-01,2024-11-30,EVET,katilim_endeksleri_20241201_20250430.pdf
TKFEN,2024-07-01,2024-11-30,EVET,katilim_endeksleri_20241201_20250430.pdf
TMSN,2024-07-01,2024-11-30,EVET,katilim_endeksleri_20241201_20250430.pdf
TRHOL,2024-07-01,2024-11-30,EVET,katilim_endeksleri_20241201_20250430.pdf
TRILC,2024-07-01,2024-11-30,EVET,katilim_endeksleri_20241201_20250430.pdf
TUCLK,2024-07-01,2024-11-30,EVET,katilim_endeksleri_20241201_20250430.pdf
TUKAS,2024-07-01,2024-11-30,EVET,katilim_endeksleri_20241201_20250430.pdf
TUPRS,2024-07-01,2024-11-30,EVET,katilim_endeksleri_20241201_20250430.pdf
TUREX,2024-07-01,2024-11-30,EVET,katilim_endeksleri_20241201_20250430.pdf
TURGG,2024-07-01,2024-11-30,EVET,katilim_endeksleri_20241201_20250430.pdf
UCAYM,2024-07-01,2024-11-30,EVET,katilim_endeksleri_20241201_20250430.pdf
ULUSE,2024-07-01,2024-11-30,EVET,katilim_endeksleri_20241201_20250430.pdf
USAK,2024-07-01,2024-11-30,EVET,katilim_endeksleri_20241201_20250430.pdf
VAKKO,2024-07-01,2024-11-30,EVET,katilim_endeksleri_20241201_20250430.pdf
VANGD,2024-07-01,2024-11-30,EVET,katilim_endeksleri_20241201_20250430.pdf
VBTYZ,2024-07-01,2024-11-30,EVET,katilim_endeksleri_20241201_20250430.pdf
VESBE,2024-07-01,2024-11-30,EVET,katilim_endeksleri_20241201_20250430.pdf
VESTL,2024-07-01,2024-11-30,EVET,katilim_endeksleri_20241201_20250430.pdf
VSNMD,2024-07-01,2024-11-30,EVET,katilim_endeksleri_20241201_20250430.pdf
YATAS,2024-07-01,2024-11-30,EVET,katilim_endeksleri_20241201_20250430.pdf
YEOTK,2024-07-01,2024-11-30,EVET,katilim_endeksleri_20241201_20250430.pdf
YKSLN,2024-07-01,2024-11-30,EVET,katilim_endeksleri_20241201_20250430.pdf
YUNSA,2024-07-01,2024-11-30,EVET,katilim_endeksleri_20241201_20250430.pdf
ZEDUR,2024-07-01,2024-11-30,EVET,katilim_endeksleri_20241201_20250430.pdf
ZERGY,2024-07-01,2024-11-30,EVET,katilim_endeksleri_20241201_20250430.pdf
A1CAP,2024-07-01,2024-11-30,HAYIR,katilim_endeksleri_20241201_20250430.pdf
A1YEN,2024-07-01,2024-11-30,HAYIR,katilim_endeksleri_20241201_20250430.pdf
ACP,2024-07-01,2024-11-30,HAYIR,katilim_endeksleri_20241201_20250430.pdf
ADB,2024-07-01,2024-11-30,HAYIR,katilim_endeksleri_20241201_20250430.pdf
ADBNK,2024-07-01,2024-11-30,HAYIR,katilim_endeksleri_20241201_20250430.pdf
ADEL,2024-07-01,2024-11-30,HAYIR,katilim_endeksleri_20241201_20250430.pdf
ADGYO,2024-07-01,2024-11-30,HAYIR,katilim_endeksleri_20241201_20250430.pdf
ADLVY,2024-07-01,2024-11-30,HAYIR,katilim_endeksleri_20241201_20250430.pdf
AEFES,2024-07-01,2024-11-30,HAYIR,katilim_endeksleri_20241201_20250430.pdf
AFB,2024-07-01,2024-11-30,HAYIR,katilim_endeksleri_20241201_20250430.pdf
AGESA,2024-07-01,2024-11-30,HAYIR,katilim_endeksleri_20241201_20250430.pdf
AGHOL,2024-07-01,2024-11-30,HAYIR,katilim_endeksleri_20241201_20250430.pdf
AGROT,2024-07-01,2024-11-30,HAYIR,katilim_endeksleri_20241201_20250430.pdf
AGYO,2024-07-01,2024-11-30,HAYIR,katilim_endeksleri_20241201_20250430.pdf
AKBNK,2024-07-01,2024-11-30,HAYIR,katilim_endeksleri_20241201_20250430.pdf
AKCVR,2024-07-01,2024-11-30,HAYIR,katilim_endeksleri_20241201_20250430.pdf
AKDFA,2024-07-01,2024-11-30,HAYIR,katilim_endeksleri_20241201_20250430.pdf
AKENR,2024-07-01,2024-11-30,HAYIR,katilim_endeksleri_20241201_20250430.pdf
AKFGY,2024-07-01,2024-11-30,HAYIR,katilim_endeksleri_20241201_20250430.pdf
AKFIS,2024-07-01,2024-11-30,HAYIR,katilim_endeksleri_20241201_20250430.pdf
AKFK,2024-07-01,2024-11-30,HAYIR,katilim_endeksleri_20241201_20250430.pdf
AKGRT,2024-07-01,2024-11-30,HAYIR,katilim_endeksleri_20241201_20250430.pdf
AKM,2024-07-01,2024-11-30,HAYIR,katilim_endeksleri_20241201_20250430.pdf
AKMEN,2024-07-01,2024-11-30,HAYIR,katilim_endeksleri_20241201_20250430.pdf
AKMGY,2024-07-01,2024-11-30,HAYIR,katilim_endeksleri_20241201_20250430.pdf
AKSFA,2024-07-01,2024-11-30,HAYIR,katilim_endeksleri_20241201_20250430.pdf
AKSGY,2024-07-01,2024-11-30,HAYIR,katilim_endeksleri_20241201_20250430.pdf
AKSUE,2024-07-01,2024-11-30,HAYIR,katilim_endeksleri_20241201_20250430.pdf
AKTIF,2024-07-01,2024-11-30,HAYIR,katilim_endeksleri_20241201_20250430.pdf
AKTVK,2024-07-01,2024-11-30,HAYIR,katilim_endeksleri_20241201_20250430.pdf
AKYHO,2024-07-01,2024-11-30,HAYIR,katilim_endeksleri_20241201_20250430.pdf
ALARK,2024-07-01,2024-11-30,HAYIR,katilim_endeksleri_20241201_20250430.pdf
ALCAR,2024-07-01,2024-11-30,HAYIR,katilim_endeksleri_20241201_20250430.pdf
ALFAS,2024-07-01,2024-11-30,HAYIR,katilim_endeksleri_20241201_20250430.pdf
ALGYO,2024-07-01,2024-11-30,HAYIR,katilim_endeksleri_20241201_20250430.pdf
ALJF,2024-07-01,2024-11-30,HAYIR,katilim_endeksleri_20241201_20250430.pdf
ALNUS,2024-07-01,2024-11-30,HAYIR,katilim_endeksleri_20241201_20250430.pdf
ANC,2024-07-01,2024-11-30,HAYIR,katilim_endeksleri_20241201_20250430.pdf
ANGEN,2024-07-01,2024-11-30,HAYIR,katilim_endeksleri_20241201_20250430.pdf
ANHYT,2024-07-01,2024-11-30,HAYIR,katilim_endeksleri_20241201_20250430.pdf
ANSGR,2024-07-01,2024-11-30,HAYIR,katilim_endeksleri_20241201_20250430.pdf
ARCLK,2024-07-01,2024-11-30,HAYIR,katilim_endeksleri_20241201_20250430.pdf
ARMGD,2024-07-01,2024-11-30,HAYIR,katilim_endeksleri_20241201_20250430.pdf
ARSAN,2024-07-01,2024-11-30,HAYIR,katilim_endeksleri_20241201_20250430.pdf
ARSVY,2024-07-01,2024-11-30,HAYIR,katilim_endeksleri_20241201_20250430.pdf
ARZUM,2024-07-01,2024-11-30,HAYIR,katilim_endeksleri_20241201_20250430.pdf
ASTOR,2024-07-01,2024-11-30,HAYIR,katilim_endeksleri_20241201_20250430.pdf
ATA,2024-07-01,2024-11-30,HAYIR,katilim_endeksleri_20241201_20250430.pdf
ATATR,2024-07-01,2024-11-30,HAYIR,katilim_endeksleri_20241201_20250430.pdf
ATAVK,2024-07-01,2024-11-30,HAYIR,katilim_endeksleri_20241201_20250430.pdf
ATAYM,2024-07-01,2024-11-30,HAYIR,katilim_endeksleri_20241201_20250430.pdf
ATEKS,2024-07-01,2024-11-30,HAYIR,katilim_endeksleri_20241201_20250430.pdf
ATLAS,2024-07-01,2024-11-30,HAYIR,katilim_endeksleri_20241201_20250430.pdf
ATLFA,2024-07-01,2024-11-30,HAYIR,katilim_endeksleri_20241201_20250430.pdf
ATSYH,2024-07-01,2024-11-30,HAYIR,katilim_endeksleri_20241201_20250430.pdf
AVGYO,2024-07-01,2024-11-30,HAYIR,katilim_endeksleri_20241201_20250430.pdf
AVHOL,2024-07-01,2024-11-30,HAYIR,katilim_endeksleri_20241201_20250430.pdf
AVTUR,2024-07-01,2024-11-30,HAYIR,katilim_endeksleri_20241201_20250430.pdf
AYCES,2024-07-01,2024-11-30,HAYIR,katilim_endeksleri_20241201_20250430.pdf
AYDEM,2024-07-01,2024-11-30,HAYIR,katilim_endeksleri_20241201_20250430.pdf
AYES,2024-07-01,2024-11-30,HAYIR,katilim_endeksleri_20241201_20250430.pdf
AYGAZ,2024-07-01,2024-11-30,HAYIR,katilim_endeksleri_20241201_20250430.pdf
AZTEK,2024-07-01,2024-11-30,HAYIR,katilim_endeksleri_20241201_20250430.pdf
BAGFS,2024-07-01,2024-11-30,HAYIR,katilim_endeksleri_20241201_20250430.pdf
BAHKM,2024-07-01,2024-11-30,HAYIR,katilim_endeksleri_20241201_20250430.pdf
BALAT,2024-07-01,2024-11-30,HAYIR,katilim_endeksleri_20241201_20250430.pdf
BALSU,2024-07-01,2024-11-30,HAYIR,katilim_endeksleri_20241201_20250430.pdf
BASCM,2024-07-01,2024-11-30,HAYIR,katilim_endeksleri_20241201_20250430.pdf
BERA,2024-07-01,2024-11-30,HAYIR,katilim_endeksleri_20241201_20250430.pdf
BESLR,2024-07-01,2024-11-30,HAYIR,katilim_endeksleri_20241201_20250430.pdf
BFREN,2024-07-01,2024-11-30,HAYIR,katilim_endeksleri_20241201_20250430.pdf
BIGCH,2024-07-01,2024-11-30,HAYIR,katilim_endeksleri_20241201_20250430.pdf
BIGEN,2024-07-01,2024-11-30,HAYIR,katilim_endeksleri_20241201_20250430.pdf
BIGTK,2024-07-01,2024-11-30,HAYIR,katilim_endeksleri_20241201_20250430.pdf
BIZIM,2024-07-01,2024-11-30,HAYIR,katilim_endeksleri_20241201_20250430.pdf
BJKAS,2024-07-01,2024-11-30,HAYIR,katilim_endeksleri_20241201_20250430.pdf
BLCYT,2024-07-01,2024-11-30,HAYIR,katilim_endeksleri_20241201_20250430.pdf
BLKOM,2024-07-01,2024-11-30,HAYIR,katilim_endeksleri_20241201_20250430.pdf
BLS,2024-07-01,2024-11-30,HAYIR,katilim_endeksleri_20241201_20250430.pdf
BLSMD,2024-07-01,2024-11-30,HAYIR,katilim_endeksleri_20241201_20250430.pdf
BLUME,2024-07-01,2024-11-30,HAYIR,katilim_endeksleri_20241201_20250430.pdf
BMSCH,2024-07-01,2024-11-30,HAYIR,katilim_endeksleri_20241201_20250430.pdf
BNPPI,2024-07-01,2024-11-30,HAYIR,katilim_endeksleri_20241201_20250430.pdf
BRGAN,2024-07-01,2024-11-30,HAYIR,katilim_endeksleri_20241201_20250430.pdf
BRGFK,2024-07-01,2024-11-30,HAYIR,katilim_endeksleri_20241201_20250430.pdf
BRISA,2024-07-01,2024-11-30,HAYIR,katilim_endeksleri_20241201_20250430.pdf
BRKO,2024-07-01,2024-11-30,HAYIR,katilim_endeksleri_20241201_20250430.pdf
BRKT,2024-07-01,2024-11-30,HAYIR,katilim_endeksleri_20241201_20250430.pdf
BRKVY,2024-07-01,2024-11-30,HAYIR,katilim_endeksleri_20241201_20250430.pdf
BRMEN,2024-07-01,2024-11-30,HAYIR,katilim_endeksleri_20241201_20250430.pdf
BRSAN,2024-07-01,2024-11-30,HAYIR,katilim_endeksleri_20241201_20250430.pdf
BRYAT,2024-07-01,2024-11-30,HAYIR,katilim_endeksleri_20241201_20250430.pdf
BSOKE,2024-07-01,2024-11-30,HAYIR,katilim_endeksleri_20241201_20250430.pdf
BTCIM,2024-07-01,2024-11-30,HAYIR,katilim_endeksleri_20241201_20250430.pdf
BULGS,2024-07-01,2024-11-30,HAYIR,katilim_endeksleri_20241201_20250430.pdf
BUR,2024-07-01,2024-11-30,HAYIR,katilim_endeksleri_20241201_20250430.pdf
BVSAN,2024-07-01,2024-11-30,HAYIR,katilim_endeksleri_20241201_20250430.pdf
BYDNR,2024-07-01,2024-11-30,HAYIR,katilim_endeksleri_20241201_20250430.pdf
CAGFA,2024-07-01,2024-11-30,HAYIR,katilim_endeksleri_20241201_20250430.pdf
CASA,2024-07-01,2024-11-30,HAYIR,katilim_endeksleri_20241201_20250430.pdf
CELHA,2024-07-01,2024-11-30,HAYIR,katilim_endeksleri_20241201_20250430.pdf
CEMZY,2024-07-01,2024-11-30,HAYIR,katilim_endeksleri_20241201_20250430.pdf
CEOEM,2024-07-01,2024-11-30,HAYIR,katilim_endeksleri_20241201_20250430.pdf
CLKMT,2024-07-01,2024-11-30,HAYIR,katilim_endeksleri_20241201_20250430.pdf
CMENT,2024-07-01,2024-11-30,HAYIR,katilim_endeksleri_20241201_20250430.pdf
CMSAN,2024-07-01,2024-11-30,HAYIR,katilim_endeksleri_20241201_20250430.pdf
CONSE,2024-07-01,2024-11-30,HAYIR,katilim_endeksleri_20241201_20250430.pdf
CRDFA,2024-07-01,2024-11-30,HAYIR,katilim_endeksleri_20241201_20250430.pdf
CRFSA,2024-07-01,2024-11-30,HAYIR,katilim_endeksleri_20241201_20250430.pdf
CVKMD,2024-07-01,2024-11-30,HAYIR,katilim_endeksleri_20241201_20250430.pdf
DAGI,2024-07-01,2024-11-30,HAYIR,katilim_endeksleri_20241201_20250430.pdf
DENFA,2024-07-01,2024-11-30,HAYIR,katilim_endeksleri_20241201_20250430.pdf
DENGE,2024-07-01,2024-11-30,HAYIR,katilim_endeksleri_20241201_20250430.pdf
DENVA,2024-07-01,2024-11-30,HAYIR,katilim_endeksleri_20241201_20250430.pdf
DERHL,2024-07-01,2024-11-30,HAYIR,katilim_endeksleri_20241201_20250430.pdf
DERIM,2024-07-01,2024-11-30,HAYIR,katilim_endeksleri_20241201_20250430.pdf
DEVA,2024-07-01,2024-11-30,HAYIR,katilim_endeksleri_20241201_20250430.pdf
DFKTR,2024-07-01,2024-11-30,HAYIR,katilim_endeksleri_20241201_20250430.pdf
DGRVK,2024-07-01,2024-11-30,HAYIR,katilim_endeksleri_20241201_20250430.pdf
DIMES,2024-07-01,2024-11-30,HAYIR,katilim_endeksleri_20241201_20250430.pdf
DIRIT,2024-07-01,2024-11-30,HAYIR,katilim_endeksleri_20241201_20250430.pdf
DKVRL,2024-07-01,2024-11-30,HAYIR,katilim_endeksleri_20241201_20250430.pdf
DMD,2024-07-01,2024-11-30,HAYIR,katilim_endeksleri_20241201_20250430.pdf
DMLKT,2024-07-01,2024-11-30,HAYIR,katilim_endeksleri_20241201_20250430.pdf
DMRGD,2024-07-01,2024-11-30,HAYIR,katilim_endeksleri_20241201_20250430.pdf
DMSAS,2024-07-01,2024-11-30,HAYIR,katilim_endeksleri_20241201_20250430.pdf
DNFIN,2024-07-01,2024-11-30,HAYIR,katilim_endeksleri_20241201_20250430.pdf
DNISI,2024-07-01,2024-11-30,HAYIR,katilim_endeksleri_20241201_20250430.pdf
DNYVA,2024-07-01,2024-11-30,HAYIR,katilim_endeksleri_20241201_20250430.pdf
DNZEN,2024-07-01,2024-11-30,HAYIR,katilim_endeksleri_20241201_20250430.pdf
DOCO,2024-07-01,2024-11-30,HAYIR,katilim_endeksleri_20241201_20250430.pdf
DOGVY,2024-07-01,2024-11-30,HAYIR,katilim_endeksleri_20241201_20250430.pdf
DOHOL,2024-07-01,2024-11-30,HAYIR,katilim_endeksleri_20241201_20250430.pdf
DOKTA,2024-07-01,2024-11-30,HAYIR,katilim_endeksleri_20241201_20250430.pdf
DRPHN,2024-07-01,2024-11-30,HAYIR,katilim_endeksleri_20241201_20250430.pdf
DSTKF,2024-07-01,2024-11-30,HAYIR,katilim_endeksleri_20241201_20250430.pdf
DSYAT,2024-07-01,2024-11-30,HAYIR,katilim_endeksleri_20241201_20250430.pdf
DUNYH,2024-07-01,2024-11-30,HAYIR,katilim_endeksleri_20241201_20250430.pdf
DURDO,2024-07-01,2024-11-30,HAYIR,katilim_endeksleri_20241201_20250430.pdf
DVRLK,2024-07-01,2024-11-30,HAYIR,katilim_endeksleri_20241201_20250430.pdf
DYBNK,2024-07-01,2024-11-30,HAYIR,katilim_endeksleri_20241201_20250430.pdf
DZGYO,2024-07-01,2024-11-30,HAYIR,katilim_endeksleri_20241201_20250430.pdf
ECILC,2024-07-01,2024-11-30,HAYIR,katilim_endeksleri_20241201_20250430.pdf
ECOGR,2024-07-01,2024-11-30,HAYIR,katilim_endeksleri_20241201_20250430.pdf
ECZIP,2024-07-01,2024-11-30,HAYIR,katilim_endeksleri_20241201_20250430.pdf
ECZYT,2024-07-01,2024-11-30,HAYIR,katilim_endeksleri_20241201_20250430.pdf
EDATA,2024-07-01,2024-11-30,HAYIR,katilim_endeksleri_20241201_20250430.pdf
EDIP,2024-07-01,2024-11-30,HAYIR,katilim_endeksleri_20241201_20250430.pdf
EGEEN,2024-07-01,2024-11-30,HAYIR,katilim_endeksleri_20241201_20250430.pdf
EGEGY,2024-07-01,2024-11-30,HAYIR,katilim_endeksleri_20241201_20250430.pdf
EGSER,2024-07-01,2024-11-30,HAYIR,katilim_endeksleri_20241201_20250430.pdf
EKDMR,2024-07-01,2024-11-30,HAYIR,katilim_endeksleri_20241201_20250430.pdf
EKER,2024-07-01,2024-11-30,HAYIR,katilim_endeksleri_20241201_20250430.pdf
EKGYO,2024-07-01,2024-11-30,HAYIR,katilim_endeksleri_20241201_20250430.pdf
EKIM,2024-07-01,2024-11-30,HAYIR,katilim_endeksleri_20241201_20250430.pdf
EKIZ,2024-07-01,2024-11-30,HAYIR,katilim_endeksleri_20241201_20250430.pdf
EKOFA,2024-07-01,2024-11-30,HAYIR,katilim_endeksleri_20241201_20250430.pdf
EKTVK,2024-07-01,2024-11-30,HAYIR,katilim_endeksleri_20241201_20250430.pdf
EMIRV,2024-07-01,2024-11-30,HAYIR,katilim_endeksleri_20241201_20250430.pdf
EMKEL,2024-07-01,2024-11-30,HAYIR,katilim_endeksleri_20241201_20250430.pdf
EMNIS,2024-07-01,2024-11-30,HAYIR,katilim_endeksleri_20241201_20250430.pdf
EMVAR,2024-07-01,2024-11-30,HAYIR,katilim_endeksleri_20241201_20250430.pdf
ENDAE,2024-07-01,2024-11-30,HAYIR,katilim_endeksleri_20241201_20250430.pdf
ENERY,2024-07-01,2024-11-30,HAYIR,katilim_endeksleri_20241201_20250430.pdf
ENKAI,2024-07-01,2024-11-30,HAYIR,katilim_endeksleri_20241201_20250430.pdf
ENPRA,2024-07-01,2024-11-30,HAYIR,katilim_endeksleri_20241201_20250430.pdf
ENSRI,2024-07-01,2024-11-30,HAYIR,katilim_endeksleri_20241201_20250430.pdf
ENTRA,2024-07-01,2024-11-30,HAYIR,katilim_endeksleri_20241201_20250430.pdf
EPLAS,2024-07-01,2024-11-30,HAYIR,katilim_endeksleri_20241201_20250430.pdf
ERBOS,2024-07-01,2024-11-30,HAYIR,katilim_endeksleri_20241201_20250430.pdf
ERGLI,2024-07-01,2024-11-30,HAYIR,katilim_endeksleri_20241201_20250430.pdf
ESCAR,2024-07-01,2024-11-30,HAYIR,katilim_endeksleri_20241201_20250430.pdf
ESEN,2024-07-01,2024-11-30,HAYIR,katilim_endeksleri_20241201_20250430.pdf
ETILR,2024-07-01,2024-11-30,HAYIR,katilim_endeksleri_20241201_20250430.pdf
ETYAT,2024-07-01,2024-11-30,HAYIR,katilim_endeksleri_20241201_20250430.pdf
EUHOL,2024-07-01,2024-11-30,HAYIR,katilim_endeksleri_20241201_20250430.pdf
EUKYO,2024-07-01,2024-11-30,HAYIR,katilim_endeksleri_20241201_20250430.pdf
EUREN,2024-07-01,2024-11-30,HAYIR,katilim_endeksleri_20241201_20250430.pdf
EUYO,2024-07-01,2024-11-30,HAYIR,katilim_endeksleri_20241201_20250430.pdf
EXIMB,2024-07-01,2024-11-30,HAYIR,katilim_endeksleri_20241201_20250430.pdf
FAIRF,2024-07-01,2024-11-30,HAYIR,katilim_endeksleri_20241201_20250430.pdf
FBB,2024-07-01,2024-11-30,HAYIR,katilim_endeksleri_20241201_20250430.pdf
FBBNK,2024-07-01,2024-11-30,HAYIR,katilim_endeksleri_20241201_20250430.pdf
FENER,2024-07-01,2024-11-30,HAYIR,katilim_endeksleri_20241201_20250430.pdf
FIGOF,2024-07-01,2024-11-30,HAYIR,katilim_endeksleri_20241201_20250430.pdf
FIN,2024-07-01,2024-11-30,HAYIR,katilim_endeksleri_20241201_20250430.pdf
FKPET,2024-07-01,2024-11-30,HAYIR,katilim_endeksleri_20241201_20250430.pdf
FLAP,2024-07-01,2024-11-30,HAYIR,katilim_endeksleri_20241201_20250430.pdf
FORTE,2024-07-01,2024-11-30,HAYIR,katilim_endeksleri_20241201_20250430.pdf
FROTO,2024-07-01,2024-11-30,HAYIR,katilim_endeksleri_20241201_20250430.pdf
GARAN,2024-07-01,2024-11-30,HAYIR,katilim_endeksleri_20241201_20250430.pdf
GARFA,2024-07-01,2024-11-30,HAYIR,katilim_endeksleri_20241201_20250430.pdf
GARFL,2024-07-01,2024-11-30,HAYIR,katilim_endeksleri_20241201_20250430.pdf
GATEG,2024-07-01,2024-11-30,HAYIR,katilim_endeksleri_20241201_20250430.pdf
GEDIK,2024-07-01,2024-11-30,HAYIR,katilim_endeksleri_20241201_20250430.pdf
GGBVK,2024-07-01,2024-11-30,HAYIR,katilim_endeksleri_20241201_20250430.pdf
GIPTA,2024-07-01,2024-11-30,HAYIR,katilim_endeksleri_20241201_20250430.pdf
GLB,2024-07-01,2024-11-30,HAYIR,katilim_endeksleri_20241201_20250430.pdf
GLBMD,2024-07-01,2024-11-30,HAYIR,katilim_endeksleri_20241201_20250430.pdf
GLCVY,2024-07-01,2024-11-30,HAYIR,katilim_endeksleri_20241201_20250430.pdf
GLRYH,2024-07-01,2024-11-30,HAYIR,katilim_endeksleri_20241201_20250430.pdf
GLYHO,2024-07-01,2024-11-30,HAYIR,katilim_endeksleri_20241201_20250430.pdf
GOKNR,2024-07-01,2024-11-30,HAYIR,katilim_endeksleri_20241201_20250430.pdf
GOODY,2024-07-01,2024-11-30,HAYIR,katilim_endeksleri_20241201_20250430.pdf
GOZDE,2024-07-01,2024-11-30,HAYIR,katilim_endeksleri_20241201_20250430.pdf
GRM,2024-07-01,2024-11-30,HAYIR,katilim_endeksleri_20241201_20250430.pdf
GRNYO,2024-07-01,2024-11-30,HAYIR,katilim_endeksleri_20241201_20250430.pdf
GRYAT,2024-07-01,2024-11-30,HAYIR,katilim_endeksleri_20241201_20250430.pdf
GSDDE,2024-07-01,2024-11-30,HAYIR,katilim_endeksleri_20241201_20250430.pdf
GSDHO,2024-07-01,2024-11-30,HAYIR,katilim_endeksleri_20241201_20250430.pdf
GSIPD,2024-07-01,2024-11-30,HAYIR,katilim_endeksleri_20241201_20250430.pdf
GSRAY,2024-07-01,2024-11-30,HAYIR,katilim_endeksleri_20241201_20250430.pdf
GWIND,2024-07-01,2024-11-30,HAYIR,katilim_endeksleri_20241201_20250430.pdf
GYVAR,2024-07-01,2024-11-30,HAYIR,katilim_endeksleri_20241201_20250430.pdf
GZNMI,2024-07-01,2024-11-30,HAYIR,katilim_endeksleri_20241201_20250430.pdf
HALKB,2024-07-01,2024-11-30,HAYIR,katilim_endeksleri_20241201_20250430.pdf
HALKF,2024-07-01,2024-11-30,HAYIR,katilim_endeksleri_20241201_20250430.pdf
HALKI,2024-07-01,2024-11-30,HAYIR,katilim_endeksleri_20241201_20250430.pdf
HATEK,2024-07-01,2024-11-30,HAYIR,katilim_endeksleri_20241201_20250430.pdf
HAYVK,2024-07-01,2024-11-30,HAYIR,katilim_endeksleri_20241201_20250430.pdf
HDFFL,2024-07-01,2024-11-30,HAYIR,katilim_endeksleri_20241201_20250430.pdf
HDFGS,2024-07-01,2024-11-30,HAYIR,katilim_endeksleri_20241201_20250430.pdf
HDFVK,2024-07-01,2024-11-30,HAYIR,katilim_endeksleri_20241201_20250430.pdf
HDFYB,2024-07-01,2024-11-30,HAYIR,katilim_endeksleri_20241201_20250430.pdf
HEDEF,2024-07-01,2024-11-30,HAYIR,katilim_endeksleri_20241201_20250430.pdf
HEKTS,2024-07-01,2024-11-30,HAYIR,katilim_endeksleri_20241201_20250430.pdf
HLGYO,2024-07-01,2024-11-30,HAYIR,katilim_endeksleri_20241201_20250430.pdf
HLVKS,2024-07-01,2024-11-30,HAYIR,katilim_endeksleri_20241201_20250430.pdf
HLY,2024-07-01,2024-11-30,HAYIR,katilim_endeksleri_20241201_20250430.pdf
HOROZ,2024-07-01,2024-11-30,HAYIR,katilim_endeksleri_20241201_20250430.pdf
HTTBT,2024-07-01,2024-11-30,HAYIR,katilim_endeksleri_20241201_20250430.pdf
HURGZ,2024-07-01,2024-11-30,HAYIR,katilim_endeksleri_20241201_20250430.pdf
HUZFA,2024-07-01,2024-11-30,HAYIR,katilim_endeksleri_20241201_20250430.pdf
HYB,2024-07-01,2024-11-30,HAYIR,katilim_endeksleri_20241201_20250430.pdf
IAZ,2024-07-01,2024-11-30,HAYIR,katilim_endeksleri_20241201_20250430.pdf
ICB,2024-07-01,2024-11-30,HAYIR,katilim_endeksleri_20241201_20250430.pdf
ICBCT,2024-07-01,2024-11-30,HAYIR,katilim_endeksleri_20241201_20250430.pdf
IHAAS,2024-07-01,2024-11-30,HAYIR,katilim_endeksleri_20241201_20250430.pdf
IHLAS,2024-07-01,2024-11-30,HAYIR,katilim_endeksleri_20241201_20250430.pdf
IHLGM,2024-07-01,2024-11-30,HAYIR,katilim_endeksleri_20241201_20250430.pdf
INDES,2024-07-01,2024-11-30,HAYIR,katilim_endeksleri_20241201_20250430.pdf
INFO,2024-07-01,2024-11-30,HAYIR,katilim_endeksleri_20241201_20250430.pdf
INTEK,2024-07-01,2024-11-30,HAYIR,katilim_endeksleri_20241201_20250430.pdf
INVAZ,2024-07-01,2024-11-30,HAYIR,katilim_endeksleri_20241201_20250430.pdf
INVEO,2024-07-01,2024-11-30,HAYIR,katilim_endeksleri_20241201_20250430.pdf
INVES,2024-07-01,2024-11-30,HAYIR,katilim_endeksleri_20241201_20250430.pdf
ISATR,2024-07-01,2024-11-30,HAYIR,katilim_endeksleri_20241201_20250430.pdf
ISBIR,2024-07-01,2024-11-30,HAYIR,katilim_endeksleri_20241201_20250430.pdf
ISBTR,2024-07-01,2024-11-30,HAYIR,katilim_endeksleri_20241201_20250430.pdf
ISCTR,2024-07-01,2024-11-30,HAYIR,katilim_endeksleri_20241201_20250430.pdf
ISFAK,2024-07-01,2024-11-30,HAYIR,katilim_endeksleri_20241201_20250430.pdf
ISFIN,2024-07-01,2024-11-30,HAYIR,katilim_endeksleri_20241201_20250430.pdf
ISGSY,2024-07-01,2024-11-30,HAYIR,katilim_endeksleri_20241201_20250430.pdf
ISGYO,2024-07-01,2024-11-30,HAYIR,katilim_endeksleri_20241201_20250430.pdf
ISKUR,2024-07-01,2024-11-30,HAYIR,katilim_endeksleri_20241201_20250430.pdf
ISMEN,2024-07-01,2024-11-30,HAYIR,katilim_endeksleri_20241201_20250430.pdf
ISTFK,2024-07-01,2024-11-30,HAYIR,katilim_endeksleri_20241201_20250430.pdf
ISTVY,2024-07-01,2024-11-30,HAYIR,katilim_endeksleri_20241201_20250430.pdf
ISVEA,2024-07-01,2024-11-30,HAYIR,katilim_endeksleri_20241201_20250430.pdf
ISYAT,2024-07-01,2024-11-30,HAYIR,katilim_endeksleri_20241201_20250430.pdf
IYF,2024-07-01,2024-11-30,HAYIR,katilim_endeksleri_20241201_20250430.pdf
IYM,2024-07-01,2024-11-30,HAYIR,katilim_endeksleri_20241201_20250430.pdf
IZENR,2024-07-01,2024-11-30,HAYIR,katilim_endeksleri_20241201_20250430.pdf
IZMDC,2024-07-01,2024-11-30,HAYIR,katilim_endeksleri_20241201_20250430.pdf
KAPLM,2024-07-01,2024-11-30,HAYIR,katilim_endeksleri_20241201_20250430.pdf
KARCL,2024-07-01,2024-11-30,HAYIR,katilim_endeksleri_20241201_20250430.pdf
KARTN,2024-07-01,2024-11-30,HAYIR,katilim_endeksleri_20241201_20250430.pdf
KATVK,2024-07-01,2024-11-30,HAYIR,katilim_endeksleri_20241201_20250430.pdf
KCHOL,2024-07-01,2024-11-30,HAYIR,katilim_endeksleri_20241201_20250430.pdf
KENT,2024-07-01,2024-11-30,HAYIR,katilim_endeksleri_20241201_20250430.pdf
KERVN,2024-07-01,2024-11-30,HAYIR,katilim_endeksleri_20241201_20250430.pdf
KFILO,2024-07-01,2024-11-30,HAYIR,katilim_endeksleri_20241201_20250430.pdf
KIMMR,2024-07-01,2024-11-30,HAYIR,katilim_endeksleri_20241201_20250430.pdf
KLGYO,2024-07-01,2024-11-30,HAYIR,katilim_endeksleri_20241201_20250430.pdf
KLMSN,2024-07-01,2024-11-30,HAYIR,katilim_endeksleri_20241201_20250430.pdf
KLN,2024-07-01,2024-11-30,HAYIR,katilim_endeksleri_20241201_20250430.pdf
KLNMA,2024-07-01,2024-11-30,HAYIR,katilim_endeksleri_20241201_20250430.pdf
KLRHO,2024-07-01,2024-11-30,HAYIR,katilim_endeksleri_20241201_20250430.pdf
KLSER,2024-07-01,2024-11-30,HAYIR,katilim_endeksleri_20241201_20250430.pdf
KLSYN,2024-07-01,2024-11-30,HAYIR,katilim_endeksleri_20241201_20250430.pdf
KLVKS,2024-07-01,2024-11-30,HAYIR,katilim_endeksleri_20241201_20250430.pdf
KLYPV,2024-07-01,2024-11-30,HAYIR,katilim_endeksleri_20241201_20250430.pdf
KMPUR,2024-07-01,2024-11-30,HAYIR,katilim_endeksleri_20241201_20250430.pdf
KNTFA,2024-07-01,2024-11-30,HAYIR,katilim_endeksleri_20241201_20250430.pdf
KOCFN,2024-07-01,2024-11-30,HAYIR,katilim_endeksleri_20241201_20250430.pdf
KORDS,2024-07-01,2024-11-30,HAYIR,katilim_endeksleri_20241201_20250430.pdf
KORTS,2024-07-01,2024-11-30,HAYIR,katilim_endeksleri_20241201_20250430.pdf
KPTGY,2024-07-01,2024-11-30,HAYIR,katilim_endeksleri_20241201_20250430.pdf
KSFIN,2024-07-01,2024-11-30,HAYIR,katilim_endeksleri_20241201_20250430.pdf
KSTUR,2024-07-01,2024-11-30,HAYIR,katilim_endeksleri_20241201_20250430.pdf
KTKVK,2024-07-01,2024-11-30,HAYIR,katilim_endeksleri_20241201_20250430.pdf
KTSKR,2024-07-01,2024-11-30,HAYIR,katilim_endeksleri_20241201_20250430.pdf
KTSVK,2024-07-01,2024-11-30,HAYIR,katilim_endeksleri_20241201_20250430.pdf
KUVVA,2024-07-01,2024-11-30,HAYIR,katilim_endeksleri_20241201_20250430.pdf
KZGYO,2024-07-01,2024-11-30,HAYIR,katilim_endeksleri_20241201_20250430.pdf
LIDER,2024-07-01,2024-11-30,HAYIR,katilim_endeksleri_20241201_20250430.pdf
LIDFA,2024-07-01,2024-11-30,HAYIR,katilim_endeksleri_20241201_20250430.pdf
LRSHO,2024-07-01,2024-11-30,HAYIR,katilim_endeksleri_20241201_20250430.pdf
LUKSK,2024-07-01,2024-11-30,HAYIR,katilim_endeksleri_20241201_20250430.pdf
LYDYE,2024-07-01,2024-11-30,HAYIR,katilim_endeksleri_20241201_20250430.pdf
MAALT,2024-07-01,2024-11-30,HAYIR,katilim_endeksleri_20241201_20250430.pdf
MACKO,2024-07-01,2024-11-30,HAYIR,katilim_endeksleri_20241201_20250430.pdf
MAGEN,2024-07-01,2024-11-30,HAYIR,katilim_endeksleri_20241201_20250430.pdf
MARKA,2024-07-01,2024-11-30,HAYIR,katilim_endeksleri_20241201_20250430.pdf
MARMR,2024-07-01,2024-11-30,HAYIR,katilim_endeksleri_20241201_20250430.pdf
MARTI,2024-07-01,2024-11-30,HAYIR,katilim_endeksleri_20241201_20250430.pdf
MASFN,2024-07-01,2024-11-30,HAYIR,katilim_endeksleri_20241201_20250430.pdf
MBFTR,2024-07-01,2024-11-30,HAYIR,katilim_endeksleri_20241201_20250430.pdf
MDASM,2024-07-01,2024-11-30,HAYIR,katilim_endeksleri_20241201_20250430.pdf
MDIAZ,2024-07-01,2024-11-30,HAYIR,katilim_endeksleri_20241201_20250430.pdf
MDS,2024-07-01,2024-11-30,HAYIR,katilim_endeksleri_20241201_20250430.pdf
MEGAP,2024-07-01,2024-11-30,HAYIR,katilim_endeksleri_20241201_20250430.pdf
MEKMD,2024-07-01,2024-11-30,HAYIR,katilim_endeksleri_20241201_20250430.pdf
MEPET,2024-07-01,2024-11-30,HAYIR,katilim_endeksleri_20241201_20250430.pdf
MERIT,2024-07-01,2024-11-30,HAYIR,katilim_endeksleri_20241201_20250430.pdf
METEN,2024-07-01,2024-11-30,HAYIR,katilim_endeksleri_20241201_20250430.pdf
METRO,2024-07-01,2024-11-30,HAYIR,katilim_endeksleri_20241201_20250430.pdf
MGROS,2024-07-01,2024-11-30,HAYIR,katilim_endeksleri_20241201_20250430.pdf
MHRGY,2024-07-01,2024-11-30,HAYIR,katilim_endeksleri_20241201_20250430.pdf
MILKS,2024-07-01,2024-11-30,HAYIR,katilim_endeksleri_20241201_20250430.pdf
MINTF,2024-07-01,2024-11-30,HAYIR,katilim_endeksleri_20241201_20250430.pdf
MMCAS,2024-07-01,2024-11-30,HAYIR,katilim_endeksleri_20241201_20250430.pdf
MNGFA,2024-07-01,2024-11-30,HAYIR,katilim_endeksleri_20241201_20250430.pdf
MOGAN,2024-07-01,2024-11-30,HAYIR,katilim_endeksleri_20241201_20250430.pdf
MOPAS,2024-07-01,2024-11-30,HAYIR,katilim_endeksleri_20241201_20250430.pdf
MRBAS,2024-07-01,2024-11-30,HAYIR,katilim_endeksleri_20241201_20250430.pdf
MRBKF,2024-07-01,2024-11-30,HAYIR,katilim_endeksleri_20241201_20250430.pdf
MRGYO,2024-07-01,2024-11-30,HAYIR,katilim_endeksleri_20241201_20250430.pdf
MRMAG,2024-07-01,2024-11-30,HAYIR,katilim_endeksleri_20241201_20250430.pdf
MRS,2024-07-01,2024-11-30,HAYIR,katilim_endeksleri_20241201_20250430.pdf
MRSHL,2024-07-01,2024-11-30,HAYIR,katilim_endeksleri_20241201_20250430.pdf
MSA,2024-07-01,2024-11-30,HAYIR,katilim_endeksleri_20241201_20250430.pdf
MSGYO,2024-07-01,2024-11-30,HAYIR,katilim_endeksleri_20241201_20250430.pdf
MSY,2024-07-01,2024-11-30,HAYIR,katilim_endeksleri_20241201_20250430.pdf
MSYBN,2024-07-01,2024-11-30,HAYIR,katilim_endeksleri_20241201_20250430.pdf
MTRYO,2024-07-01,2024-11-30,HAYIR,katilim_endeksleri_20241201_20250430.pdf
MZHLD,2024-07-01,2024-11-30,HAYIR,katilim_endeksleri_20241201_20250430.pdf
NATEN,2024-07-01,2024-11-30,HAYIR,katilim_endeksleri_20241201_20250430.pdf
NETCD,2024-07-01,2024-11-30,HAYIR,katilim_endeksleri_20241201_20250430.pdf
NRBNK,2024-07-01,2024-11-30,HAYIR,katilim_endeksleri_20241201_20250430.pdf
NTHOL,2024-07-01,2024-11-30,HAYIR,katilim_endeksleri_20241201_20250430.pdf
NURVK,2024-07-01,2024-11-30,HAYIR,katilim_endeksleri_20241201_20250430.pdf
NYB,2024-07-01,2024-11-30,HAYIR,katilim_endeksleri_20241201_20250430.pdf
OBASE,2024-07-01,2024-11-30,HAYIR,katilim_endeksleri_20241201_20250430.pdf
ODINE,2024-07-01,2024-11-30,HAYIR,katilim_endeksleri_20241201_20250430.pdf
OMD,2024-07-01,2024-11-30,HAYIR,katilim_endeksleri_20241201_20250430.pdf
OPET,2024-07-01,2024-11-30,HAYIR,katilim_endeksleri_20241201_20250430.pdf
ORFIN,2024-07-01,2024-11-30,HAYIR,katilim_endeksleri_20241201_20250430.pdf
ORMA,2024-07-01,2024-11-30,HAYIR,katilim_endeksleri_20241201_20250430.pdf
ORZAX,2024-07-01,2024-11-30,HAYIR,katilim_endeksleri_20241201_20250430.pdf
OSMEN,2024-07-01,2024-11-30,HAYIR,katilim_endeksleri_20241201_20250430.pdf
OSTIM,2024-07-01,2024-11-30,HAYIR,katilim_endeksleri_20241201_20250430.pdf
OSVKS,2024-07-01,2024-11-30,HAYIR,katilim_endeksleri_20241201_20250430.pdf
OTOSR,2024-07-01,2024-11-30,HAYIR,katilim_endeksleri_20241201_20250430.pdf
OTTO,2024-07-01,2024-11-30,HAYIR,katilim_endeksleri_20241201_20250430.pdf
OYA,2024-07-01,2024-11-30,HAYIR,katilim_endeksleri_20241201_20250430.pdf
OYAYO,2024-07-01,2024-11-30,HAYIR,katilim_endeksleri_20241201_20250430.pdf
OYLUM,2024-07-01,2024-11-30,HAYIR,katilim_endeksleri_20241201_20250430.pdf
OYYAT,2024-07-01,2024-11-30,HAYIR,katilim_endeksleri_20241201_20250430.pdf
OZGYO,2024-07-01,2024-11-30,HAYIR,katilim_endeksleri_20241201_20250430.pdf
OZKGY,2024-07-01,2024-11-30,HAYIR,katilim_endeksleri_20241201_20250430.pdf
PAHOL,2024-07-01,2024-11-30,HAYIR,katilim_endeksleri_20241201_20250430.pdf
PAMEL,2024-07-01,2024-11-30,HAYIR,katilim_endeksleri_20241201_20250430.pdf
PAPIL,2024-07-01,2024-11-30,HAYIR,katilim_endeksleri_20241201_20250430.pdf
PBT,2024-07-01,2024-11-30,HAYIR,katilim_endeksleri_20241201_20250430.pdf
PBTR,2024-07-01,2024-11-30,HAYIR,katilim_endeksleri_20241201_20250430.pdf
PCILT,2024-07-01,2024-11-30,HAYIR,katilim_endeksleri_20241201_20250430.pdf
PINSU,2024-07-01,2024-11-30,HAYIR,katilim_endeksleri_20241201_20250430.pdf
PKENT,2024-07-01,2024-11-30,HAYIR,katilim_endeksleri_20241201_20250430.pdf
PNLSN,2024-07-01,2024-11-30,HAYIR,katilim_endeksleri_20241201_20250430.pdf
POLTK,2024-07-01,2024-11-30,HAYIR,katilim_endeksleri_20241201_20250430.pdf
PRFFK,2024-07-01,2024-11-30,HAYIR,katilim_endeksleri_20241201_20250430.pdf
PRKME,2024-07-01,2024-11-30,HAYIR,katilim_endeksleri_20241201_20250430.pdf
PRZMA,2024-07-01,2024-11-30,HAYIR,katilim_endeksleri_20241201_20250430.pdf
PSDTC,2024-07-01,2024-11-30,HAYIR,katilim_endeksleri_20241201_20250430.pdf
PSGYO,2024-07-01,2024-11-30,HAYIR,katilim_endeksleri_20241201_20250430.pdf
QNBFF,2024-07-01,2024-11-30,HAYIR,katilim_endeksleri_20241201_20250430.pdf
QNBFK,2024-07-01,2024-11-30,HAYIR,katilim_endeksleri_20241201_20250430.pdf
QNBTR,2024-07-01,2024-11-30,HAYIR,katilim_endeksleri_20241201_20250430.pdf
QNBVK,2024-07-01,2024-11-30,HAYIR,katilim_endeksleri_20241201_20250430.pdf
QUFIN,2024-07-01,2024-11-30,HAYIR,katilim_endeksleri_20241201_20250430.pdf
QUICK,2024-07-01,2024-11-30,HAYIR,katilim_endeksleri_20241201_20250430.pdf
QYATB,2024-07-01,2024-11-30,HAYIR,katilim_endeksleri_20241201_20250430.pdf
QYHOL,2024-07-01,2024-11-30,HAYIR,katilim_endeksleri_20241201_20250430.pdf
RAYSG,2024-07-01,2024-11-30,HAYIR,katilim_endeksleri_20241201_20250430.pdf
REEDR,2024-07-01,2024-11-30,HAYIR,katilim_endeksleri_20241201_20250430.pdf
RGYAS,2024-07-01,2024-11-30,HAYIR,katilim_endeksleri_20241201_20250430.pdf
RNPOL,2024-07-01,2024-11-30,HAYIR,katilim_endeksleri_20241201_20250430.pdf
RTALB,2024-07-01,2024-11-30,HAYIR,katilim_endeksleri_20241201_20250430.pdf
RUZYE,2024-07-01,2024-11-30,HAYIR,katilim_endeksleri_20241201_20250430.pdf
RYSAS,2024-07-01,2024-11-30,HAYIR,katilim_endeksleri_20241201_20250430.pdf
SAHOL,2024-07-01,2024-11-30,HAYIR,katilim_endeksleri_20241201_20250430.pdf
SARAE,2024-07-01,2024-11-30,HAYIR,katilim_endeksleri_20241201_20250430.pdf
SARKY,2024-07-01,2024-11-30,HAYIR,katilim_endeksleri_20241201_20250430.pdf
SARTN,2024-07-01,2024-11-30,HAYIR,katilim_endeksleri_20241201_20250430.pdf
SAYAS,2024-07-01,2024-11-30,HAYIR,katilim_endeksleri_20241201_20250430.pdf
SDTTR,2024-07-01,2024-11-30,HAYIR,katilim_endeksleri_20241201_20250430.pdf
SEGYO,2024-07-01,2024-11-30,HAYIR,katilim_endeksleri_20241201_20250430.pdf
SEK,2024-07-01,2024-11-30,HAYIR,katilim_endeksleri_20241201_20250430.pdf
SEKFK,2024-07-01,2024-11-30,HAYIR,katilim_endeksleri_20241201_20250430.pdf
SERNT,2024-07-01,2024-11-30,HAYIR,katilim_endeksleri_20241201_20250430.pdf
SEYKM,2024-07-01,2024-11-30,HAYIR,katilim_endeksleri_20241201_20250430.pdf
SISE,2024-07-01,2024-11-30,HAYIR,katilim_endeksleri_20241201_20250430.pdf
SKBNK,2024-07-01,2024-11-30,HAYIR,katilim_endeksleri_20241201_20250430.pdf
SKTAS,2024-07-01,2024-11-30,HAYIR,katilim_endeksleri_20241201_20250430.pdf
SKY,2024-07-01,2024-11-30,HAYIR,katilim_endeksleri_20241201_20250430.pdf
SKYLP,2024-07-01,2024-11-30,HAYIR,katilim_endeksleri_20241201_20250430.pdf
SKYMD,2024-07-01,2024-11-30,HAYIR,katilim_endeksleri_20241201_20250430.pdf
SMRFA,2024-07-01,2024-11-30,HAYIR,katilim_endeksleri_20241201_20250430.pdf
SMRVA,2024-07-01,2024-11-30,HAYIR,katilim_endeksleri_20241201_20250430.pdf
SNPAM,2024-07-01,2024-11-30,HAYIR,katilim_endeksleri_20241201_20250430.pdf
SODSN,2024-07-01,2024-11-30,HAYIR,katilim_endeksleri_20241201_20250430.pdf
SOKM,2024-07-01,2024-11-30,HAYIR,katilim_endeksleri_20241201_20250430.pdf
SUMAS,2024-07-01,2024-11-30,HAYIR,katilim_endeksleri_20241201_20250430.pdf
SVGYO,2024-07-01,2024-11-30,HAYIR,katilim_endeksleri_20241201_20250430.pdf
TAC,2024-07-01,2024-11-30,HAYIR,katilim_endeksleri_20241201_20250430.pdf
TAE,2024-07-01,2024-11-30,HAYIR,katilim_endeksleri_20241201_20250430.pdf
TAMFA,2024-07-01,2024-11-30,HAYIR,katilim_endeksleri_20241201_20250430.pdf
TARFN,2024-07-01,2024-11-30,HAYIR,katilim_endeksleri_20241201_20250430.pdf
TARKM,2024-07-01,2024-11-30,HAYIR,katilim_endeksleri_20241201_20250430.pdf
TATEN,2024-07-01,2024-11-30,HAYIR,katilim_endeksleri_20241201_20250430.pdf
TATGD,2024-07-01,2024-11-30,HAYIR,katilim_endeksleri_20241201_20250430.pdf
TAVHL,2024-07-01,2024-11-30,HAYIR,katilim_endeksleri_20241201_20250430.pdf
TBORG,2024-07-01,2024-11-30,HAYIR,katilim_endeksleri_20241201_20250430.pdf
TCELL,2024-07-01,2024-11-30,HAYIR,katilim_endeksleri_20241201_20250430.pdf
TCRYT,2024-07-01,2024-11-30,HAYIR,katilim_endeksleri_20241201_20250430.pdf
TEBFA,2024-07-01,2024-11-30,HAYIR,katilim_endeksleri_20241201_20250430.pdf
TEKTU,2024-07-01,2024-11-30,HAYIR,katilim_endeksleri_20241201_20250430.pdf
TERA,2024-07-01,2024-11-30,HAYIR,katilim_endeksleri_20241201_20250430.pdf
TEVKS,2024-07-01,2024-11-30,HAYIR,katilim_endeksleri_20241201_20250430.pdf
TFNVK,2024-07-01,2024-11-30,HAYIR,katilim_endeksleri_20241201_20250430.pdf
TGB,2024-07-01,2024-11-30,HAYIR,katilim_endeksleri_20241201_20250430.pdf
TGSAS,2024-07-01,2024-11-30,HAYIR,katilim_endeksleri_20241201_20250430.pdf
THL,2024-07-01,2024-11-30,HAYIR,katilim_endeksleri_20241201_20250430.pdf
THR,2024-07-01,2024-11-30,HAYIR,katilim_endeksleri_20241201_20250430.pdf
TIB,2024-07-01,2024-11-30,HAYIR,katilim_endeksleri_20241201_20250430.pdf
TIMUR,2024-07-01,2024-11-30,HAYIR,katilim_endeksleri_20241201_20250430.pdf
TKNSA,2024-07-01,2024-11-30,HAYIR,katilim_endeksleri_20241201_20250430.pdf
TLMAN,2024-07-01,2024-11-30,HAYIR,katilim_endeksleri_20241201_20250430.pdf
TMPOL,2024-07-01,2024-11-30,HAYIR,katilim_endeksleri_20241201_20250430.pdf
TNZTP,2024-07-01,2024-11-30,HAYIR,katilim_endeksleri_20241201_20250430.pdf
TOASO,2024-07-01,2024-11-30,HAYIR,katilim_endeksleri_20241201_20250430.pdf
TRA,2024-07-01,2024-11-30,HAYIR,katilim_endeksleri_20241201_20250430.pdf
TRALT,2024-07-01,2024-11-30,HAYIR,katilim_endeksleri_20241201_20250430.pdf
TRBNK,2024-07-01,2024-11-30,HAYIR,katilim_endeksleri_20241201_20250430.pdf
TRCAS,2024-07-01,2024-11-30,HAYIR,katilim_endeksleri_20241201_20250430.pdf
TRENJ,2024-07-01,2024-11-30,HAYIR,katilim_endeksleri_20241201_20250430.pdf
TRFFA,2024-07-01,2024-11-30,HAYIR,katilim_endeksleri_20241201_20250430.pdf
TRGYO,2024-07-01,2024-11-30,HAYIR,katilim_endeksleri_20241201_20250430.pdf
TRKFN,2024-07-01,2024-11-30,HAYIR,katilim_endeksleri_20241201_20250430.pdf
TRKNT,2024-07-01,2024-11-30,HAYIR,katilim_endeksleri_20241201_20250430.pdf
TRMEN,2024-07-01,2024-11-30,HAYIR,katilim_endeksleri_20241201_20250430.pdf
TRMET,2024-07-01,2024-11-30,HAYIR,katilim_endeksleri_20241201_20250430.pdf
TRYKI,2024-07-01,2024-11-30,HAYIR,katilim_endeksleri_20241201_20250430.pdf
TSGYO,2024-07-01,2024-11-30,HAYIR,katilim_endeksleri_20241201_20250430.pdf
TSK,2024-07-01,2024-11-30,HAYIR,katilim_endeksleri_20241201_20250430.pdf
TSKB,2024-07-01,2024-11-30,HAYIR,katilim_endeksleri_20241201_20250430.pdf
TSPOR,2024-07-01,2024-11-30,HAYIR,katilim_endeksleri_20241201_20250430.pdf
TTKOM,2024-07-01,2024-11-30,HAYIR,katilim_endeksleri_20241201_20250430.pdf
TTRAK,2024-07-01,2024-11-30,HAYIR,katilim_endeksleri_20241201_20250430.pdf
TURSG,2024-07-01,2024-11-30,HAYIR,katilim_endeksleri_20241201_20250430.pdf
TV8TV,2024-07-01,2024-11-30,HAYIR,katilim_endeksleri_20241201_20250430.pdf
TVB,2024-07-01,2024-11-30,HAYIR,katilim_endeksleri_20241201_20250430.pdf
TVM,2024-07-01,2024-11-30,HAYIR,katilim_endeksleri_20241201_20250430.pdf
UFUK,2024-07-01,2024-11-30,HAYIR,katilim_endeksleri_20241201_20250430.pdf
ULAS,2024-07-01,2024-11-30,HAYIR,katilim_endeksleri_20241201_20250430.pdf
ULKER,2024-07-01,2024-11-30,HAYIR,katilim_endeksleri_20241201_20250430.pdf
ULUFA,2024-07-01,2024-11-30,HAYIR,katilim_endeksleri_20241201_20250430.pdf
ULUUN,2024-07-01,2024-11-30,HAYIR,katilim_endeksleri_20241201_20250430.pdf
UMPAS,2024-07-01,2024-11-30,HAYIR,katilim_endeksleri_20241201_20250430.pdf
UNLU,2024-07-01,2024-11-30,HAYIR,katilim_endeksleri_20241201_20250430.pdf
VAKBN,2024-07-01,2024-11-30,HAYIR,katilim_endeksleri_20241201_20250430.pdf
VAKFA,2024-07-01,2024-11-30,HAYIR,katilim_endeksleri_20241201_20250430.pdf
VAKFN,2024-07-01,2024-11-30,HAYIR,katilim_endeksleri_20241201_20250430.pdf
VAKVK,2024-07-01,2024-11-30,HAYIR,katilim_endeksleri_20241201_20250430.pdf
VDFAS,2024-07-01,2024-11-30,HAYIR,katilim_endeksleri_20241201_20250430.pdf
VDFLO,2024-07-01,2024-11-30,HAYIR,katilim_endeksleri_20241201_20250430.pdf
VERTU,2024-07-01,2024-11-30,HAYIR,katilim_endeksleri_20241201_20250430.pdf
VERUS,2024-07-01,2024-11-30,HAYIR,katilim_endeksleri_20241201_20250430.pdf
VKFYO,2024-07-01,2024-11-30,HAYIR,katilim_endeksleri_20241201_20250430.pdf
VKGYO,2024-07-01,2024-11-30,HAYIR,katilim_endeksleri_20241201_20250430.pdf
VKING,2024-07-01,2024-11-30,HAYIR,katilim_endeksleri_20241201_20250430.pdf
VRGYO,2024-07-01,2024-11-30,HAYIR,katilim_endeksleri_20241201_20250430.pdf
YAPRK,2024-07-01,2024-11-30,HAYIR,katilim_endeksleri_20241201_20250430.pdf
YATVK,2024-07-01,2024-11-30,HAYIR,katilim_endeksleri_20241201_20250430.pdf
YAYLA,2024-07-01,2024-11-30,HAYIR,katilim_endeksleri_20241201_20250430.pdf
YBQ,2024-07-01,2024-11-30,HAYIR,katilim_endeksleri_20241201_20250430.pdf
YBTAS,2024-07-01,2024-11-30,HAYIR,katilim_endeksleri_20241201_20250430.pdf
YESIL,2024-07-01,2024-11-30,HAYIR,katilim_endeksleri_20241201_20250430.pdf
YGGYO,2024-07-01,2024-11-30,HAYIR,katilim_endeksleri_20241201_20250430.pdf
YIGIT,2024-07-01,2024-11-30,HAYIR,katilim_endeksleri_20241201_20250430.pdf
YKB,2024-07-01,2024-11-30,HAYIR,katilim_endeksleri_20241201_20250430.pdf
YKBNK,2024-07-01,2024-11-30,HAYIR,katilim_endeksleri_20241201_20250430.pdf
YKFIN,2024-07-01,2024-11-30,HAYIR,katilim_endeksleri_20241201_20250430.pdf
YKFKT,2024-07-01,2024-11-30,HAYIR,katilim_endeksleri_20241201_20250430.pdf
YKR,2024-07-01,2024-11-30,HAYIR,katilim_endeksleri_20241201_20250430.pdf
YKYAT,2024-07-01,2024-11-30,HAYIR,katilim_endeksleri_20241201_20250430.pdf
YONGA,2024-07-01,2024-11-30,HAYIR,katilim_endeksleri_20241201_20250430.pdf
YYAPI,2024-07-01,2024-11-30,HAYIR,katilim_endeksleri_20241201_20250430.pdf
YYLGD,2024-07-01,2024-11-30,HAYIR,katilim_endeksleri_20241201_20250430.pdf
ZGYO,2024-07-01,2024-11-30,HAYIR,katilim_endeksleri_20241201_20250430.pdf
ZKBVK,2024-07-01,2024-11-30,HAYIR,katilim_endeksleri_20241201_20250430.pdf
ZKBVR,2024-07-01,2024-11-30,HAYIR,katilim_endeksleri_20241201_20250430.pdf
ZOREN,2024-07-01,2024-11-30,HAYIR,katilim_endeksleri_20241201_20250430.pdf
ZRGYO,2024-07-01,2024-11-30,HAYIR,katilim_endeksleri_20241201_20250430.pdf
AAGYO,2024-12-01,2025-04-30,EVET,katilim_endeksleri_20250501_20250930.pdf
ACSEL,2024-12-01,2025-04-30,EVET,katilim_endeksleri_20250501_20250930.pdf
ADESE,2024-12-01,2025-04-30,EVET,katilim_endeksleri_20250501_20250930.pdf
AHGAZ,2024-12-01,2025-04-30,EVET,katilim_endeksleri_20250501_20250930.pdf
AHSGY,2024-12-01,2025-04-30,EVET,katilim_endeksleri_20250501_20250930.pdf
AKCNS,2024-12-01,2025-04-30,EVET,katilim_endeksleri_20250501_20250930.pdf
AKHAN,2024-12-01,2025-04-30,EVET,katilim_endeksleri_20250501_20250930.pdf
AKSA,2024-12-01,2025-04-30,EVET,katilim_endeksleri_20250501_20250930.pdf
AKSEN,2024-12-01,2025-04-30,EVET,katilim_endeksleri_20250501_20250930.pdf
AKYHO,2024-12-01,2025-04-30,EVET,katilim_endeksleri_20250501_20250930.pdf
ALBRK,2024-12-01,2025-04-30,EVET,katilim_endeksleri_20250501_20250930.pdf
ALBTN,2024-12-01,2025-04-30,EVET,katilim_endeksleri_20250501_20250930.pdf
ALCTL,2024-12-01,2025-04-30,EVET,katilim_endeksleri_20250501_20250930.pdf
ALK,2024-12-01,2025-04-30,EVET,katilim_endeksleri_20250501_20250930.pdf
ALKA,2024-12-01,2025-04-30,EVET,katilim_endeksleri_20250501_20250930.pdf
ALKIM,2024-12-01,2025-04-30,EVET,katilim_endeksleri_20250501_20250930.pdf
ALKLC,2024-12-01,2025-04-30,EVET,katilim_endeksleri_20250501_20250930.pdf
ALTNY,2024-12-01,2025-04-30,EVET,katilim_endeksleri_20250501_20250930.pdf
ALVES,2024-12-01,2025-04-30,EVET,katilim_endeksleri_20250501_20250930.pdf
ANGEN,2024-12-01,2025-04-30,EVET,katilim_endeksleri_20250501_20250930.pdf
ARASE,2024-12-01,2025-04-30,EVET,katilim_endeksleri_20250501_20250930.pdf
ARDYZ,2024-12-01,2025-04-30,EVET,katilim_endeksleri_20250501_20250930.pdf
ARENA,2024-12-01,2025-04-30,EVET,katilim_endeksleri_20250501_20250930.pdf
ARFYE,2024-12-01,2025-04-30,EVET,katilim_endeksleri_20250501_20250930.pdf
ASELS,2024-12-01,2025-04-30,EVET,katilim_endeksleri_20250501_20250930.pdf
ASUZU,2024-12-01,2025-04-30,EVET,katilim_endeksleri_20250501_20250930.pdf
ATAKP,2024-12-01,2025-04-30,EVET,katilim_endeksleri_20250501_20250930.pdf
ATATP,2024-12-01,2025-04-30,EVET,katilim_endeksleri_20250501_20250930.pdf
AVGYO,2024-12-01,2025-04-30,EVET,katilim_endeksleri_20250501_20250930.pdf
AVPGY,2024-12-01,2025-04-30,EVET,katilim_endeksleri_20250501_20250930.pdf
BAHKM,2024-12-01,2025-04-30,EVET,katilim_endeksleri_20250501_20250930.pdf
BAKAB,2024-12-01,2025-04-30,EVET,katilim_endeksleri_20250501_20250930.pdf
BANVT,2024-12-01,2025-04-30,EVET,katilim_endeksleri_20250501_20250930.pdf
BASGZ,2024-12-01,2025-04-30,EVET,katilim_endeksleri_20250501_20250930.pdf
BAYRK,2024-12-01,2025-04-30,EVET,katilim_endeksleri_20250501_20250930.pdf
BERA,2024-12-01,2025-04-30,EVET,katilim_endeksleri_20250501_20250930.pdf
BESTE,2024-12-01,2025-04-30,EVET,katilim_endeksleri_20250501_20250930.pdf
BETAE,2024-12-01,2025-04-30,EVET,katilim_endeksleri_20250501_20250930.pdf
BEYAZ,2024-12-01,2025-04-30,EVET,katilim_endeksleri_20250501_20250930.pdf
BIENY,2024-12-01,2025-04-30,EVET,katilim_endeksleri_20250501_20250930.pdf
BIMAS,2024-12-01,2025-04-30,EVET,katilim_endeksleri_20250501_20250930.pdf
BINBN,2024-12-01,2025-04-30,EVET,katilim_endeksleri_20250501_20250930.pdf
BINHO,2024-12-01,2025-04-30,EVET,katilim_endeksleri_20250501_20250930.pdf
BMSTL,2024-12-01,2025-04-30,EVET,katilim_endeksleri_20250501_20250930.pdf
BORLS,2024-12-01,2025-04-30,EVET,katilim_endeksleri_20250501_20250930.pdf
BORSK,2024-12-01,2025-04-30,EVET,katilim_endeksleri_20250501_20250930.pdf
BOSSA,2024-12-01,2025-04-30,EVET,katilim_endeksleri_20250501_20250930.pdf
BRKSN,2024-12-01,2025-04-30,EVET,katilim_endeksleri_20250501_20250930.pdf
BRLSM,2024-12-01,2025-04-30,EVET,katilim_endeksleri_20250501_20250930.pdf
BSOKE,2024-12-01,2025-04-30,EVET,katilim_endeksleri_20250501_20250930.pdf
BUCIM,2024-12-01,2025-04-30,EVET,katilim_endeksleri_20250501_20250930.pdf
BURCE,2024-12-01,2025-04-30,EVET,katilim_endeksleri_20250501_20250930.pdf
BURVA,2024-12-01,2025-04-30,EVET,katilim_endeksleri_20250501_20250930.pdf
CANTE,2024-12-01,2025-04-30,EVET,katilim_endeksleri_20250501_20250930.pdf
CEMAS,2024-12-01,2025-04-30,EVET,katilim_endeksleri_20250501_20250930.pdf
CEMTS,2024-12-01,2025-04-30,EVET,katilim_endeksleri_20250501_20250930.pdf
CGCAM,2024-12-01,2025-04-30,EVET,katilim_endeksleri_20250501_20250930.pdf
CMBTN,2024-12-01,2025-04-30,EVET,katilim_endeksleri_20250501_20250930.pdf
COSMO,2024-12-01,2025-04-30,EVET,katilim_endeksleri_20250501_20250930.pdf
CUSAN,2024-12-01,2025-04-30,EVET,katilim_endeksleri_20250501_20250930.pdf
CWENE,2024-12-01,2025-04-30,EVET,katilim_endeksleri_20250501_20250930.pdf
DARDL,2024-12-01,2025-04-30,EVET,katilim_endeksleri_20250501_20250930.pdf
DCTTR,2024-12-01,2025-04-30,EVET,katilim_endeksleri_20250501_20250930.pdf
DESPC,2024-12-01,2025-04-30,EVET,katilim_endeksleri_20250501_20250930.pdf
DGATE,2024-12-01,2025-04-30,EVET,katilim_endeksleri_20250501_20250930.pdf
DGNMO,2024-12-01,2025-04-30,EVET,katilim_endeksleri_20250501_20250930.pdf
DMRGD,2024-12-01,2025-04-30,EVET,katilim_endeksleri_20250501_20250930.pdf
DOAS,2024-12-01,2025-04-30,EVET,katilim_endeksleri_20250501_20250930.pdf
DOBUR,2024-12-01,2025-04-30,EVET,katilim_endeksleri_20250501_20250930.pdf
DOFER,2024-12-01,2025-04-30,EVET,katilim_endeksleri_20250501_20250930.pdf
DOFRB,2024-12-01,2025-04-30,EVET,katilim_endeksleri_20250501_20250930.pdf
DURKN,2024-12-01,2025-04-30,EVET,katilim_endeksleri_20250501_20250930.pdf
DYOBY,2024-12-01,2025-04-30,EVET,katilim_endeksleri_20250501_20250930.pdf
EBEBK,2024-12-01,2025-04-30,EVET,katilim_endeksleri_20250501_20250930.pdf
EDATA,2024-12-01,2025-04-30,EVET,katilim_endeksleri_20250501_20250930.pdf
EDIP,2024-12-01,2025-04-30,EVET,katilim_endeksleri_20250501_20250930.pdf
EFOR,2024-12-01,2025-04-30,EVET,katilim_endeksleri_20250501_20250930.pdf
EGEPO,2024-12-01,2025-04-30,EVET,katilim_endeksleri_20250501_20250930.pdf
EGGUB,2024-12-01,2025-04-30,EVET,katilim_endeksleri_20250501_20250930.pdf
EGPRO,2024-12-01,2025-04-30,EVET,katilim_endeksleri_20250501_20250930.pdf
EKSUN,2024-12-01,2025-04-30,EVET,katilim_endeksleri_20250501_20250930.pdf
ELITE,2024-12-01,2025-04-30,EVET,katilim_endeksleri_20250501_20250930.pdf
EMPAE,2024-12-01,2025-04-30,EVET,katilim_endeksleri_20250501_20250930.pdf
ENJSA,2024-12-01,2025-04-30,EVET,katilim_endeksleri_20250501_20250930.pdf
ERCB,2024-12-01,2025-04-30,EVET,katilim_endeksleri_20250501_20250930.pdf
EREGL,2024-12-01,2025-04-30,EVET,katilim_endeksleri_20250501_20250930.pdf
ESCOM,2024-12-01,2025-04-30,EVET,katilim_endeksleri_20250501_20250930.pdf
ESEN,2024-12-01,2025-04-30,EVET,katilim_endeksleri_20250501_20250930.pdf
EUPWR,2024-12-01,2025-04-30,EVET,katilim_endeksleri_20250501_20250930.pdf
EYGYO,2024-12-01,2025-04-30,EVET,katilim_endeksleri_20250501_20250930.pdf
FADE,2024-12-01,2025-04-30,EVET,katilim_endeksleri_20250501_20250930.pdf
FMIZP,2024-12-01,2025-04-30,EVET,katilim_endeksleri_20250501_20250930.pdf
FONET,2024-12-01,2025-04-30,EVET,katilim_endeksleri_20250501_20250930.pdf
FORMT,2024-12-01,2025-04-30,EVET,katilim_endeksleri_20250501_20250930.pdf
FRMPL,2024-12-01,2025-04-30,EVET,katilim_endeksleri_20250501_20250930.pdf
FZLGY,2024-12-01,2025-04-30,EVET,katilim_endeksleri_20250501_20250930.pdf
GEDZA,2024-12-01,2025-04-30,EVET,katilim_endeksleri_20250501_20250930.pdf
GENIL,2024-12-01,2025-04-30,EVET,katilim_endeksleri_20250501_20250930.pdf
GENKM,2024-12-01,2025-04-30,EVET,katilim_endeksleri_20250501_20250930.pdf
GENTS,2024-12-01,2025-04-30,EVET,katilim_endeksleri_20250501_20250930.pdf
GEREL,2024-12-01,2025-04-30,EVET,katilim_endeksleri_20250501_20250930.pdf
GLRMK,2024-12-01,2025-04-30,EVET,katilim_endeksleri_20250501_20250930.pdf
GOKNR,2024-12-01,2025-04-30,EVET,katilim_endeksleri_20250501_20250930.pdf
GOLDA,2024-12-01,2025-04-30,EVET,katilim_endeksleri_20250501_20250930.pdf
GOLTS,2024-12-01,2025-04-30,EVET,katilim_endeksleri_20250501_20250930.pdf
GOODY,2024-12-01,2025-04-30,EVET,katilim_endeksleri_20250501_20250930.pdf
GRSEL,2024-12-01,2025-04-30,EVET,katilim_endeksleri_20250501_20250930.pdf
GRTHO,2024-12-01,2025-04-30,EVET,katilim_endeksleri_20250501_20250930.pdf
GUBRF,2024-12-01,2025-04-30,EVET,katilim_endeksleri_20250501_20250930.pdf
GUNDG,2024-12-01,2025-04-30,EVET,katilim_endeksleri_20250501_20250930.pdf
GWIND,2024-12-01,2025-04-30,EVET,katilim_endeksleri_20250501_20250930.pdf
HATSN,2024-12-01,2025-04-30,EVET,katilim_endeksleri_20250501_20250930.pdf
HKTM,2024-12-01,2025-04-30,EVET,katilim_endeksleri_20250501_20250930.pdf
HOROZ,2024-12-01,2025-04-30,EVET,katilim_endeksleri_20250501_20250930.pdf
HRKET,2024-12-01,2025-04-30,EVET,katilim_endeksleri_20250501_20250930.pdf
HTTBT,2024-12-01,2025-04-30,EVET,katilim_endeksleri_20250501_20250930.pdf
HUNER,2024-12-01,2025-04-30,EVET,katilim_endeksleri_20250501_20250930.pdf
IDGYO,2024-12-01,2025-04-30,EVET,katilim_endeksleri_20250501_20250930.pdf
IHEVA,2024-12-01,2025-04-30,EVET,katilim_endeksleri_20250501_20250930.pdf
IHGZT,2024-12-01,2025-04-30,EVET,katilim_endeksleri_20250501_20250930.pdf
IHLAS,2024-12-01,2025-04-30,EVET,katilim_endeksleri_20250501_20250930.pdf
IHLGM,2024-12-01,2025-04-30,EVET,katilim_endeksleri_20250501_20250930.pdf
IHYAY,2024-12-01,2025-04-30,EVET,katilim_endeksleri_20250501_20250930.pdf
IMASM,2024-12-01,2025-04-30,EVET,katilim_endeksleri_20250501_20250930.pdf
INGRM,2024-12-01,2025-04-30,EVET,katilim_endeksleri_20250501_20250930.pdf
INTEM,2024-12-01,2025-04-30,EVET,katilim_endeksleri_20250501_20250930.pdf
ISDMR,2024-12-01,2025-04-30,EVET,katilim_endeksleri_20250501_20250930.pdf
ISKPL,2024-12-01,2025-04-30,EVET,katilim_endeksleri_20250501_20250930.pdf
ISSEN,2024-12-01,2025-04-30,EVET,katilim_endeksleri_20250501_20250930.pdf
IZFAS,2024-12-01,2025-04-30,EVET,katilim_endeksleri_20250501_20250930.pdf
IZINV,2024-12-01,2025-04-30,EVET,katilim_endeksleri_20250501_20250930.pdf
JANTS,2024-12-01,2025-04-30,EVET,katilim_endeksleri_20250501_20250930.pdf
KAREL,2024-12-01,2025-04-30,EVET,katilim_endeksleri_20250501_20250930.pdf
KATMR,2024-12-01,2025-04-30,EVET,katilim_endeksleri_20250501_20250930.pdf
KAYSE,2024-12-01,2025-04-30,EVET,katilim_endeksleri_20250501_20250930.pdf
KCAER,2024-12-01,2025-04-30,EVET,katilim_endeksleri_20250501_20250930.pdf
KGYO,2024-12-01,2025-04-30,EVET,katilim_endeksleri_20250501_20250930.pdf
KIMMR,2024-12-01,2025-04-30,EVET,katilim_endeksleri_20250501_20250930.pdf
KLSYN,2024-12-01,2025-04-30,EVET,katilim_endeksleri_20250501_20250930.pdf
KNFRT,2024-12-01,2025-04-30,EVET,katilim_endeksleri_20250501_20250930.pdf
KONKA,2024-12-01,2025-04-30,EVET,katilim_endeksleri_20250501_20250930.pdf
KONYA,2024-12-01,2025-04-30,EVET,katilim_endeksleri_20250501_20250930.pdf
KOPOL,2024-12-01,2025-04-30,EVET,katilim_endeksleri_20250501_20250930.pdf
KOTON,2024-12-01,2025-04-30,EVET,katilim_endeksleri_20250501_20250930.pdf
KRDMA,2024-12-01,2025-04-30,EVET,katilim_endeksleri_20250501_20250930.pdf
KRDMB,2024-12-01,2025-04-30,EVET,katilim_endeksleri_20250501_20250930.pdf
KRDMD,2024-12-01,2025-04-30,EVET,katilim_endeksleri_20250501_20250930.pdf
KRGYO,2024-12-01,2025-04-30,EVET,katilim_endeksleri_20250501_20250930.pdf
KRONT,2024-12-01,2025-04-30,EVET,katilim_endeksleri_20250501_20250930.pdf
KRPLS,2024-12-01,2025-04-30,EVET,katilim_endeksleri_20250501_20250930.pdf
KRSTL,2024-12-01,2025-04-30,EVET,katilim_endeksleri_20250501_20250930.pdf
KRVGD,2024-12-01,2025-04-30,EVET,katilim_endeksleri_20250501_20250930.pdf
KTLEV,2024-12-01,2025-04-30,EVET,katilim_endeksleri_20250501_20250930.pdf
KUTPO,2024-12-01,2025-04-30,EVET,katilim_endeksleri_20250501_20250930.pdf
KUYAS,2024-12-01,2025-04-30,EVET,katilim_endeksleri_20250501_20250930.pdf
KZBGY,2024-12-01,2025-04-30,EVET,katilim_endeksleri_20250501_20250930.pdf
LILAK,2024-12-01,2025-04-30,EVET,katilim_endeksleri_20250501_20250930.pdf
LKMNH,2024-12-01,2025-04-30,EVET,katilim_endeksleri_20250501_20250930.pdf
LMKDC,2024-12-01,2025-04-30,EVET,katilim_endeksleri_20250501_20250930.pdf
LOGO,2024-12-01,2025-04-30,EVET,katilim_endeksleri_20250501_20250930.pdf
LRSHO,2024-12-01,2025-04-30,EVET,katilim_endeksleri_20250501_20250930.pdf
LUKSK,2024-12-01,2025-04-30,EVET,katilim_endeksleri_20250501_20250930.pdf
LXGYO,2024-12-01,2025-04-30,EVET,katilim_endeksleri_20250501_20250930.pdf
LYDHO,2024-12-01,2025-04-30,EVET,katilim_endeksleri_20250501_20250930.pdf
MAGEN,2024-12-01,2025-04-30,EVET,katilim_endeksleri_20250501_20250930.pdf
MAKIM,2024-12-01,2025-04-30,EVET,katilim_endeksleri_20250501_20250930.pdf
MANAS,2024-12-01,2025-04-30,EVET,katilim_endeksleri_20250501_20250930.pdf
MARBL,2024-12-01,2025-04-30,EVET,katilim_endeksleri_20250501_20250930.pdf
MARKA,2024-12-01,2025-04-30,EVET,katilim_endeksleri_20250501_20250930.pdf
MAVI,2024-12-01,2025-04-30,EVET,katilim_endeksleri_20250501_20250930.pdf
MCARD,2024-12-01,2025-04-30,EVET,katilim_endeksleri_20250501_20250930.pdf
MEDTR,2024-12-01,2025-04-30,EVET,katilim_endeksleri_20250501_20250930.pdf
MEKAG,2024-12-01,2025-04-30,EVET,katilim_endeksleri_20250501_20250930.pdf
MERCN,2024-12-01,2025-04-30,EVET,katilim_endeksleri_20250501_20250930.pdf
MERKO,2024-12-01,2025-04-30,EVET,katilim_endeksleri_20250501_20250930.pdf
MEYSU,2024-12-01,2025-04-30,EVET,katilim_endeksleri_20250501_20250930.pdf
MIATK,2024-12-01,2025-04-30,EVET,katilim_endeksleri_20250501_20250930.pdf
MNDRS,2024-12-01,2025-04-30,EVET,katilim_endeksleri_20250501_20250930.pdf
MNDTR,2024-12-01,2025-04-30,EVET,katilim_endeksleri_20250501_20250930.pdf
MOBTL,2024-12-01,2025-04-30,EVET,katilim_endeksleri_20250501_20250930.pdf
MPARK,2024-12-01,2025-04-30,EVET,katilim_endeksleri_20250501_20250930.pdf
NATEN,2024-12-01,2025-04-30,EVET,katilim_endeksleri_20250501_20250930.pdf
NETAS,2024-12-01,2025-04-30,EVET,katilim_endeksleri_20250501_20250930.pdf
NTGAZ,2024-12-01,2025-04-30,EVET,katilim_endeksleri_20250501_20250930.pdf
NUHCM,2024-12-01,2025-04-30,EVET,katilim_endeksleri_20250501_20250930.pdf
OBAMS,2024-12-01,2025-04-30,EVET,katilim_endeksleri_20250501_20250930.pdf
OBASE,2024-12-01,2025-04-30,EVET,katilim_endeksleri_20250501_20250930.pdf
ONCSM,2024-12-01,2025-04-30,EVET,katilim_endeksleri_20250501_20250930.pdf
ORCAY,2024-12-01,2025-04-30,EVET,katilim_endeksleri_20250501_20250930.pdf
ORGE,2024-12-01,2025-04-30,EVET,katilim_endeksleri_20250501_20250930.pdf
OSTIM,2024-12-01,2025-04-30,EVET,katilim_endeksleri_20250501_20250930.pdf
OYAKC,2024-12-01,2025-04-30,EVET,katilim_endeksleri_20250501_20250930.pdf
OZATD,2024-12-01,2025-04-30,EVET,katilim_endeksleri_20250501_20250930.pdf
OZRDN,2024-12-01,2025-04-30,EVET,katilim_endeksleri_20250501_20250930.pdf
OZSUB,2024-12-01,2025-04-30,EVET,katilim_endeksleri_20250501_20250930.pdf
OZYSR,2024-12-01,2025-04-30,EVET,katilim_endeksleri_20250501_20250930.pdf
PARSN,2024-12-01,2025-04-30,EVET,katilim_endeksleri_20250501_20250930.pdf
PASEU,2024-12-01,2025-04-30,EVET,katilim_endeksleri_20250501_20250930.pdf
PEKGY,2024-12-01,2025-04-30,EVET,katilim_endeksleri_20250501_20250930.pdf
PENGD,2024-12-01,2025-04-30,EVET,katilim_endeksleri_20250501_20250930.pdf
PENTA,2024-12-01,2025-04-30,EVET,katilim_endeksleri_20250501_20250930.pdf
PETKM,2024-12-01,2025-04-30,EVET,katilim_endeksleri_20250501_20250930.pdf
PETUN,2024-12-01,2025-04-30,EVET,katilim_endeksleri_20250501_20250930.pdf
PKART,2024-12-01,2025-04-30,EVET,katilim_endeksleri_20250501_20250930.pdf
PLTUR,2024-12-01,2025-04-30,EVET,katilim_endeksleri_20250501_20250930.pdf
PNSUT,2024-12-01,2025-04-30,EVET,katilim_endeksleri_20250501_20250930.pdf
POLHO,2024-12-01,2025-04-30,EVET,katilim_endeksleri_20250501_20250930.pdf
PRKAB,2024-12-01,2025-04-30,EVET,katilim_endeksleri_20250501_20250930.pdf
QUAGR,2024-12-01,2025-04-30,EVET,katilim_endeksleri_20250501_20250930.pdf
RALYH,2024-12-01,2025-04-30,EVET,katilim_endeksleri_20250501_20250930.pdf
RODRG,2024-12-01,2025-04-30,EVET,katilim_endeksleri_20250501_20250930.pdf
RUBNS,2024-12-01,2025-04-30,EVET,katilim_endeksleri_20250501_20250930.pdf
SAFKR,2024-12-01,2025-04-30,EVET,katilim_endeksleri_20250501_20250930.pdf
SAMAT,2024-12-01,2025-04-30,EVET,katilim_endeksleri_20250501_20250930.pdf
SANKO,2024-12-01,2025-04-30,EVET,katilim_endeksleri_20250501_20250930.pdf
SAYAS,2024-12-01,2025-04-30,EVET,katilim_endeksleri_20250501_20250930.pdf
SEGMN,2024-12-01,2025-04-30,EVET,katilim_endeksleri_20250501_20250930.pdf
SEKUR,2024-12-01,2025-04-30,EVET,katilim_endeksleri_20250501_20250930.pdf
SELEC,2024-12-01,2025-04-30,EVET,katilim_endeksleri_20250501_20250930.pdf
SELVA,2024-12-01,2025-04-30,EVET,katilim_endeksleri_20250501_20250930.pdf
SILVR,2024-12-01,2025-04-30,EVET,katilim_endeksleri_20250501_20250930.pdf
SMART,2024-12-01,2025-04-30,EVET,katilim_endeksleri_20250501_20250930.pdf
SMRTG,2024-12-01,2025-04-30,EVET,katilim_endeksleri_20250501_20250930.pdf
SNGYO,2024-12-01,2025-04-30,EVET,katilim_endeksleri_20250501_20250930.pdf
SNICA,2024-12-01,2025-04-30,EVET,katilim_endeksleri_20250501_20250930.pdf
SOHOE,2024-12-01,2025-04-30,EVET,katilim_endeksleri_20250501_20250930.pdf
SOKE,2024-12-01,2025-04-30,EVET,katilim_endeksleri_20250501_20250930.pdf
SRVGY,2024-12-01,2025-04-30,EVET,katilim_endeksleri_20250501_20250930.pdf
SSAAT,2024-12-01,2025-04-30,EVET,katilim_endeksleri_20250501_20250930.pdf
SUNTK,2024-12-01,2025-04-30,EVET,katilim_endeksleri_20250501_20250930.pdf
SURGY,2024-12-01,2025-04-30,EVET,katilim_endeksleri_20250501_20250930.pdf
SUWEN,2024-12-01,2025-04-30,EVET,katilim_endeksleri_20250501_20250930.pdf
TCKRC,2024-12-01,2025-04-30,EVET,katilim_endeksleri_20250501_20250930.pdf
TDGYO,2024-12-01,2025-04-30,EVET,katilim_endeksleri_20250501_20250930.pdf
TEHOL,2024-12-01,2025-04-30,EVET,katilim_endeksleri_20250501_20250930.pdf
TEZOL,2024-12-01,2025-04-30,EVET,katilim_endeksleri_20250501_20250930.pdf
TKFEN,2024-12-01,2025-04-30,EVET,katilim_endeksleri_20250501_20250930.pdf
TNZTP,2024-12-01,2025-04-30,EVET,katilim_endeksleri_20250501_20250930.pdf
TRHOL,2024-12-01,2025-04-30,EVET,katilim_endeksleri_20250501_20250930.pdf
TUCLK,2024-12-01,2025-04-30,EVET,katilim_endeksleri_20250501_20250930.pdf
TUKAS,2024-12-01,2025-04-30,EVET,katilim_endeksleri_20250501_20250930.pdf
TUPRS,2024-12-01,2025-04-30,EVET,katilim_endeksleri_20250501_20250930.pdf
TUREX,2024-12-01,2025-04-30,EVET,katilim_endeksleri_20250501_20250930.pdf
UCAYM,2024-12-01,2025-04-30,EVET,katilim_endeksleri_20250501_20250930.pdf
ULUSE,2024-12-01,2025-04-30,EVET,katilim_endeksleri_20250501_20250930.pdf
USAK,2024-12-01,2025-04-30,EVET,katilim_endeksleri_20250501_20250930.pdf
VAKKO,2024-12-01,2025-04-30,EVET,katilim_endeksleri_20250501_20250930.pdf
VANGD,2024-12-01,2025-04-30,EVET,katilim_endeksleri_20250501_20250930.pdf
VBTYZ,2024-12-01,2025-04-30,EVET,katilim_endeksleri_20250501_20250930.pdf
VESBE,2024-12-01,2025-04-30,EVET,katilim_endeksleri_20250501_20250930.pdf
VESTL,2024-12-01,2025-04-30,EVET,katilim_endeksleri_20250501_20250930.pdf
VSNMD,2024-12-01,2025-04-30,EVET,katilim_endeksleri_20250501_20250930.pdf
YATAS,2024-12-01,2025-04-30,EVET,katilim_endeksleri_20250501_20250930.pdf
YEOTK,2024-12-01,2025-04-30,EVET,katilim_endeksleri_20250501_20250930.pdf
YUNSA,2024-12-01,2025-04-30,EVET,katilim_endeksleri_20250501_20250930.pdf
ZEDUR,2024-12-01,2025-04-30,EVET,katilim_endeksleri_20250501_20250930.pdf
ZERGY,2024-12-01,2025-04-30,EVET,katilim_endeksleri_20250501_20250930.pdf
A1CAP,2024-12-01,2025-04-30,HAYIR,katilim_endeksleri_20250501_20250930.pdf
A1YEN,2024-12-01,2025-04-30,HAYIR,katilim_endeksleri_20250501_20250930.pdf
ACP,2024-12-01,2025-04-30,HAYIR,katilim_endeksleri_20250501_20250930.pdf
ADB,2024-12-01,2025-04-30,HAYIR,katilim_endeksleri_20250501_20250930.pdf
ADBNK,2024-12-01,2025-04-30,HAYIR,katilim_endeksleri_20250501_20250930.pdf
ADEL,2024-12-01,2025-04-30,HAYIR,katilim_endeksleri_20250501_20250930.pdf
ADGYO,2024-12-01,2025-04-30,HAYIR,katilim_endeksleri_20250501_20250930.pdf
ADLVY,2024-12-01,2025-04-30,HAYIR,katilim_endeksleri_20250501_20250930.pdf
AEFES,2024-12-01,2025-04-30,HAYIR,katilim_endeksleri_20250501_20250930.pdf
AFB,2024-12-01,2025-04-30,HAYIR,katilim_endeksleri_20250501_20250930.pdf
AFYON,2024-12-01,2025-04-30,HAYIR,katilim_endeksleri_20250501_20250930.pdf
AGESA,2024-12-01,2025-04-30,HAYIR,katilim_endeksleri_20250501_20250930.pdf
AGHOL,2024-12-01,2025-04-30,HAYIR,katilim_endeksleri_20250501_20250930.pdf
AGROT,2024-12-01,2025-04-30,HAYIR,katilim_endeksleri_20250501_20250930.pdf
AGYO,2024-12-01,2025-04-30,HAYIR,katilim_endeksleri_20250501_20250930.pdf
AKBNK,2024-12-01,2025-04-30,HAYIR,katilim_endeksleri_20250501_20250930.pdf
AKCVR,2024-12-01,2025-04-30,HAYIR,katilim_endeksleri_20250501_20250930.pdf
AKDFA,2024-12-01,2025-04-30,HAYIR,katilim_endeksleri_20250501_20250930.pdf
AKENR,2024-12-01,2025-04-30,HAYIR,katilim_endeksleri_20250501_20250930.pdf
AKFGY,2024-12-01,2025-04-30,HAYIR,katilim_endeksleri_20250501_20250930.pdf
AKFIS,2024-12-01,2025-04-30,HAYIR,katilim_endeksleri_20250501_20250930.pdf
AKFK,2024-12-01,2025-04-30,HAYIR,katilim_endeksleri_20250501_20250930.pdf
AKFYE,2024-12-01,2025-04-30,HAYIR,katilim_endeksleri_20250501_20250930.pdf
AKGRT,2024-12-01,2025-04-30,HAYIR,katilim_endeksleri_20250501_20250930.pdf
AKM,2024-12-01,2025-04-30,HAYIR,katilim_endeksleri_20250501_20250930.pdf
AKMEN,2024-12-01,2025-04-30,HAYIR,katilim_endeksleri_20250501_20250930.pdf
AKMGY,2024-12-01,2025-04-30,HAYIR,katilim_endeksleri_20250501_20250930.pdf
AKSFA,2024-12-01,2025-04-30,HAYIR,katilim_endeksleri_20250501_20250930.pdf
AKSGY,2024-12-01,2025-04-30,HAYIR,katilim_endeksleri_20250501_20250930.pdf
AKSUE,2024-12-01,2025-04-30,HAYIR,katilim_endeksleri_20250501_20250930.pdf
AKTIF,2024-12-01,2025-04-30,HAYIR,katilim_endeksleri_20250501_20250930.pdf
AKTVK,2024-12-01,2025-04-30,HAYIR,katilim_endeksleri_20250501_20250930.pdf
ALARK,2024-12-01,2025-04-30,HAYIR,katilim_endeksleri_20250501_20250930.pdf
ALCAR,2024-12-01,2025-04-30,HAYIR,katilim_endeksleri_20250501_20250930.pdf
ALFAS,2024-12-01,2025-04-30,HAYIR,katilim_endeksleri_20250501_20250930.pdf
ALGYO,2024-12-01,2025-04-30,HAYIR,katilim_endeksleri_20250501_20250930.pdf
ALJF,2024-12-01,2025-04-30,HAYIR,katilim_endeksleri_20250501_20250930.pdf
ALNUS,2024-12-01,2025-04-30,HAYIR,katilim_endeksleri_20250501_20250930.pdf
ANC,2024-12-01,2025-04-30,HAYIR,katilim_endeksleri_20250501_20250930.pdf
ANELE,2024-12-01,2025-04-30,HAYIR,katilim_endeksleri_20250501_20250930.pdf
ANHYT,2024-12-01,2025-04-30,HAYIR,katilim_endeksleri_20250501_20250930.pdf
ANSGR,2024-12-01,2025-04-30,HAYIR,katilim_endeksleri_20250501_20250930.pdf
ARCLK,2024-12-01,2025-04-30,HAYIR,katilim_endeksleri_20250501_20250930.pdf
ARMGD,2024-12-01,2025-04-30,HAYIR,katilim_endeksleri_20250501_20250930.pdf
ARSAN,2024-12-01,2025-04-30,HAYIR,katilim_endeksleri_20250501_20250930.pdf
ARSVY,2024-12-01,2025-04-30,HAYIR,katilim_endeksleri_20250501_20250930.pdf
ARTMS,2024-12-01,2025-04-30,HAYIR,katilim_endeksleri_20250501_20250930.pdf
ARZUM,2024-12-01,2025-04-30,HAYIR,katilim_endeksleri_20250501_20250930.pdf
ASGYO,2024-12-01,2025-04-30,HAYIR,katilim_endeksleri_20250501_20250930.pdf
ASTOR,2024-12-01,2025-04-30,HAYIR,katilim_endeksleri_20250501_20250930.pdf
ATA,2024-12-01,2025-04-30,HAYIR,katilim_endeksleri_20250501_20250930.pdf
ATAGY,2024-12-01,2025-04-30,HAYIR,katilim_endeksleri_20250501_20250930.pdf
ATATR,2024-12-01,2025-04-30,HAYIR,katilim_endeksleri_20250501_20250930.pdf
ATAVK,2024-12-01,2025-04-30,HAYIR,katilim_endeksleri_20250501_20250930.pdf
ATAYM,2024-12-01,2025-04-30,HAYIR,katilim_endeksleri_20250501_20250930.pdf
ATEKS,2024-12-01,2025-04-30,HAYIR,katilim_endeksleri_20250501_20250930.pdf
ATLAS,2024-12-01,2025-04-30,HAYIR,katilim_endeksleri_20250501_20250930.pdf
ATLFA,2024-12-01,2025-04-30,HAYIR,katilim_endeksleri_20250501_20250930.pdf
ATSYH,2024-12-01,2025-04-30,HAYIR,katilim_endeksleri_20250501_20250930.pdf
AVHOL,2024-12-01,2025-04-30,HAYIR,katilim_endeksleri_20250501_20250930.pdf
AVOD,2024-12-01,2025-04-30,HAYIR,katilim_endeksleri_20250501_20250930.pdf
AVTUR,2024-12-01,2025-04-30,HAYIR,katilim_endeksleri_20250501_20250930.pdf
AYCES,2024-12-01,2025-04-30,HAYIR,katilim_endeksleri_20250501_20250930.pdf
AYDEM,2024-12-01,2025-04-30,HAYIR,katilim_endeksleri_20250501_20250930.pdf
AYEN,2024-12-01,2025-04-30,HAYIR,katilim_endeksleri_20250501_20250930.pdf
AYES,2024-12-01,2025-04-30,HAYIR,katilim_endeksleri_20250501_20250930.pdf
AYGAZ,2024-12-01,2025-04-30,HAYIR,katilim_endeksleri_20250501_20250930.pdf
AZTEK,2024-12-01,2025-04-30,HAYIR,katilim_endeksleri_20250501_20250930.pdf
BAGFS,2024-12-01,2025-04-30,HAYIR,katilim_endeksleri_20250501_20250930.pdf
BALAT,2024-12-01,2025-04-30,HAYIR,katilim_endeksleri_20250501_20250930.pdf
BALSU,2024-12-01,2025-04-30,HAYIR,katilim_endeksleri_20250501_20250930.pdf
BARMA,2024-12-01,2025-04-30,HAYIR,katilim_endeksleri_20250501_20250930.pdf
BASCM,2024-12-01,2025-04-30,HAYIR,katilim_endeksleri_20250501_20250930.pdf
BEGYO,2024-12-01,2025-04-30,HAYIR,katilim_endeksleri_20250501_20250930.pdf
BESLR,2024-12-01,2025-04-30,HAYIR,katilim_endeksleri_20250501_20250930.pdf
BFREN,2024-12-01,2025-04-30,HAYIR,katilim_endeksleri_20250501_20250930.pdf
BIGCH,2024-12-01,2025-04-30,HAYIR,katilim_endeksleri_20250501_20250930.pdf
BIGEN,2024-12-01,2025-04-30,HAYIR,katilim_endeksleri_20250501_20250930.pdf
BIGTK,2024-12-01,2025-04-30,HAYIR,katilim_endeksleri_20250501_20250930.pdf
BIOEN,2024-12-01,2025-04-30,HAYIR,katilim_endeksleri_20250501_20250930.pdf
BIZIM,2024-12-01,2025-04-30,HAYIR,katilim_endeksleri_20250501_20250930.pdf
BJKAS,2024-12-01,2025-04-30,HAYIR,katilim_endeksleri_20250501_20250930.pdf
BLCYT,2024-12-01,2025-04-30,HAYIR,katilim_endeksleri_20250501_20250930.pdf
BLKOM,2024-12-01,2025-04-30,HAYIR,katilim_endeksleri_20250501_20250930.pdf
BLS,2024-12-01,2025-04-30,HAYIR,katilim_endeksleri_20250501_20250930.pdf
BLSMD,2024-12-01,2025-04-30,HAYIR,katilim_endeksleri_20250501_20250930.pdf
BLUME,2024-12-01,2025-04-30,HAYIR,katilim_endeksleri_20250501_20250930.pdf
BMSCH,2024-12-01,2025-04-30,HAYIR,katilim_endeksleri_20250501_20250930.pdf
BNPPI,2024-12-01,2025-04-30,HAYIR,katilim_endeksleri_20250501_20250930.pdf
BNTAS,2024-12-01,2025-04-30,HAYIR,katilim_endeksleri_20250501_20250930.pdf
BOBET,2024-12-01,2025-04-30,HAYIR,katilim_endeksleri_20250501_20250930.pdf
BRGAN,2024-12-01,2025-04-30,HAYIR,katilim_endeksleri_20250501_20250930.pdf
BRGFK,2024-12-01,2025-04-30,HAYIR,katilim_endeksleri_20250501_20250930.pdf
BRISA,2024-12-01,2025-04-30,HAYIR,katilim_endeksleri_20250501_20250930.pdf
BRKO,2024-12-01,2025-04-30,HAYIR,katilim_endeksleri_20250501_20250930.pdf
BRKT,2024-12-01,2025-04-30,HAYIR,katilim_endeksleri_20250501_20250930.pdf
BRKVY,2024-12-01,2025-04-30,HAYIR,katilim_endeksleri_20250501_20250930.pdf
BRMEN,2024-12-01,2025-04-30,HAYIR,katilim_endeksleri_20250501_20250930.pdf
BRSAN,2024-12-01,2025-04-30,HAYIR,katilim_endeksleri_20250501_20250930.pdf
BRYAT,2024-12-01,2025-04-30,HAYIR,katilim_endeksleri_20250501_20250930.pdf
BTCIM,2024-12-01,2025-04-30,HAYIR,katilim_endeksleri_20250501_20250930.pdf
BULGS,2024-12-01,2025-04-30,HAYIR,katilim_endeksleri_20250501_20250930.pdf
BUR,2024-12-01,2025-04-30,HAYIR,katilim_endeksleri_20250501_20250930.pdf
BVSAN,2024-12-01,2025-04-30,HAYIR,katilim_endeksleri_20250501_20250930.pdf
BYDNR,2024-12-01,2025-04-30,HAYIR,katilim_endeksleri_20250501_20250930.pdf
CAGFA,2024-12-01,2025-04-30,HAYIR,katilim_endeksleri_20250501_20250930.pdf
CASA,2024-12-01,2025-04-30,HAYIR,katilim_endeksleri_20250501_20250930.pdf
CATES,2024-12-01,2025-04-30,HAYIR,katilim_endeksleri_20250501_20250930.pdf
CCOLA,2024-12-01,2025-04-30,HAYIR,katilim_endeksleri_20250501_20250930.pdf
CELHA,2024-12-01,2025-04-30,HAYIR,katilim_endeksleri_20250501_20250930.pdf
CEMZY,2024-12-01,2025-04-30,HAYIR,katilim_endeksleri_20250501_20250930.pdf
CEOEM,2024-12-01,2025-04-30,HAYIR,katilim_endeksleri_20250501_20250930.pdf
CIMSA,2024-12-01,2025-04-30,HAYIR,katilim_endeksleri_20250501_20250930.pdf
CLEBI,2024-12-01,2025-04-30,HAYIR,katilim_endeksleri_20250501_20250930.pdf
CLKMT,2024-12-01,2025-04-30,HAYIR,katilim_endeksleri_20250501_20250930.pdf
CMENT,2024-12-01,2025-04-30,HAYIR,katilim_endeksleri_20250501_20250930.pdf
CMSAN,2024-12-01,2025-04-30,HAYIR,katilim_endeksleri_20250501_20250930.pdf
CONSE,2024-12-01,2025-04-30,HAYIR,katilim_endeksleri_20250501_20250930.pdf
CRDFA,2024-12-01,2025-04-30,HAYIR,katilim_endeksleri_20250501_20250930.pdf
CRFSA,2024-12-01,2025-04-30,HAYIR,katilim_endeksleri_20250501_20250930.pdf
CVKMD,2024-12-01,2025-04-30,HAYIR,katilim_endeksleri_20250501_20250930.pdf
DAGI,2024-12-01,2025-04-30,HAYIR,katilim_endeksleri_20250501_20250930.pdf
DAPGM,2024-12-01,2025-04-30,HAYIR,katilim_endeksleri_20250501_20250930.pdf
DENFA,2024-12-01,2025-04-30,HAYIR,katilim_endeksleri_20250501_20250930.pdf
DENGE,2024-12-01,2025-04-30,HAYIR,katilim_endeksleri_20250501_20250930.pdf
DENVA,2024-12-01,2025-04-30,HAYIR,katilim_endeksleri_20250501_20250930.pdf
DERHL,2024-12-01,2025-04-30,HAYIR,katilim_endeksleri_20250501_20250930.pdf
DERIM,2024-12-01,2025-04-30,HAYIR,katilim_endeksleri_20250501_20250930.pdf
DESA,2024-12-01,2025-04-30,HAYIR,katilim_endeksleri_20250501_20250930.pdf
DEVA,2024-12-01,2025-04-30,HAYIR,katilim_endeksleri_20250501_20250930.pdf
DFKTR,2024-12-01,2025-04-30,HAYIR,katilim_endeksleri_20250501_20250930.pdf
DGGYO,2024-12-01,2025-04-30,HAYIR,katilim_endeksleri_20250501_20250930.pdf
DGRVK,2024-12-01,2025-04-30,HAYIR,katilim_endeksleri_20250501_20250930.pdf
DIMES,2024-12-01,2025-04-30,HAYIR,katilim_endeksleri_20250501_20250930.pdf
DIRIT,2024-12-01,2025-04-30,HAYIR,katilim_endeksleri_20250501_20250930.pdf
DITAS,2024-12-01,2025-04-30,HAYIR,katilim_endeksleri_20250501_20250930.pdf
DKVRL,2024-12-01,2025-04-30,HAYIR,katilim_endeksleri_20250501_20250930.pdf
DMD,2024-12-01,2025-04-30,HAYIR,katilim_endeksleri_20250501_20250930.pdf
DMLKT,2024-12-01,2025-04-30,HAYIR,katilim_endeksleri_20250501_20250930.pdf
DMSAS,2024-12-01,2025-04-30,HAYIR,katilim_endeksleri_20250501_20250930.pdf
DNFIN,2024-12-01,2025-04-30,HAYIR,katilim_endeksleri_20250501_20250930.pdf
DNISI,2024-12-01,2025-04-30,HAYIR,katilim_endeksleri_20250501_20250930.pdf
DNYVA,2024-12-01,2025-04-30,HAYIR,katilim_endeksleri_20250501_20250930.pdf
DNZEN,2024-12-01,2025-04-30,HAYIR,katilim_endeksleri_20250501_20250930.pdf
DOCO,2024-12-01,2025-04-30,HAYIR,katilim_endeksleri_20250501_20250930.pdf
DOGUB,2024-12-01,2025-04-30,HAYIR,katilim_endeksleri_20250501_20250930.pdf
DOGVY,2024-12-01,2025-04-30,HAYIR,katilim_endeksleri_20250501_20250930.pdf
DOHOL,2024-12-01,2025-04-30,HAYIR,katilim_endeksleri_20250501_20250930.pdf
DOKTA,2024-12-01,2025-04-30,HAYIR,katilim_endeksleri_20250501_20250930.pdf
DRPHN,2024-12-01,2025-04-30,HAYIR,katilim_endeksleri_20250501_20250930.pdf
DSTKF,2024-12-01,2025-04-30,HAYIR,katilim_endeksleri_20250501_20250930.pdf
DSYAT,2024-12-01,2025-04-30,HAYIR,katilim_endeksleri_20250501_20250930.pdf
DUNYH,2024-12-01,2025-04-30,HAYIR,katilim_endeksleri_20250501_20250930.pdf
DURDO,2024-12-01,2025-04-30,HAYIR,katilim_endeksleri_20250501_20250930.pdf
DVRLK,2024-12-01,2025-04-30,HAYIR,katilim_endeksleri_20250501_20250930.pdf
DYBNK,2024-12-01,2025-04-30,HAYIR,katilim_endeksleri_20250501_20250930.pdf
DZGYO,2024-12-01,2025-04-30,HAYIR,katilim_endeksleri_20250501_20250930.pdf
ECILC,2024-12-01,2025-04-30,HAYIR,katilim_endeksleri_20250501_20250930.pdf
ECOGR,2024-12-01,2025-04-30,HAYIR,katilim_endeksleri_20250501_20250930.pdf
ECZIP,2024-12-01,2025-04-30,HAYIR,katilim_endeksleri_20250501_20250930.pdf
ECZYT,2024-12-01,2025-04-30,HAYIR,katilim_endeksleri_20250501_20250930.pdf
EGEEN,2024-12-01,2025-04-30,HAYIR,katilim_endeksleri_20250501_20250930.pdf
EGEGY,2024-12-01,2025-04-30,HAYIR,katilim_endeksleri_20250501_20250930.pdf
EGSER,2024-12-01,2025-04-30,HAYIR,katilim_endeksleri_20250501_20250930.pdf
EKDMR,2024-12-01,2025-04-30,HAYIR,katilim_endeksleri_20250501_20250930.pdf
EKER,2024-12-01,2025-04-30,HAYIR,katilim_endeksleri_20250501_20250930.pdf
EKGYO,2024-12-01,2025-04-30,HAYIR,katilim_endeksleri_20250501_20250930.pdf
EKIM,2024-12-01,2025-04-30,HAYIR,katilim_endeksleri_20250501_20250930.pdf
EKIZ,2024-12-01,2025-04-30,HAYIR,katilim_endeksleri_20250501_20250930.pdf
EKOFA,2024-12-01,2025-04-30,HAYIR,katilim_endeksleri_20250501_20250930.pdf
EKOS,2024-12-01,2025-04-30,HAYIR,katilim_endeksleri_20250501_20250930.pdf
EKTVK,2024-12-01,2025-04-30,HAYIR,katilim_endeksleri_20250501_20250930.pdf
EMIRV,2024-12-01,2025-04-30,HAYIR,katilim_endeksleri_20250501_20250930.pdf
EMKEL,2024-12-01,2025-04-30,HAYIR,katilim_endeksleri_20250501_20250930.pdf
EMNIS,2024-12-01,2025-04-30,HAYIR,katilim_endeksleri_20250501_20250930.pdf
EMVAR,2024-12-01,2025-04-30,HAYIR,katilim_endeksleri_20250501_20250930.pdf
ENDAE,2024-12-01,2025-04-30,HAYIR,katilim_endeksleri_20250501_20250930.pdf
ENERY,2024-12-01,2025-04-30,HAYIR,katilim_endeksleri_20250501_20250930.pdf
ENKAI,2024-12-01,2025-04-30,HAYIR,katilim_endeksleri_20250501_20250930.pdf
ENPRA,2024-12-01,2025-04-30,HAYIR,katilim_endeksleri_20250501_20250930.pdf
ENSRI,2024-12-01,2025-04-30,HAYIR,katilim_endeksleri_20250501_20250930.pdf
ENTRA,2024-12-01,2025-04-30,HAYIR,katilim_endeksleri_20250501_20250930.pdf
EPLAS,2024-12-01,2025-04-30,HAYIR,katilim_endeksleri_20250501_20250930.pdf
ERBOS,2024-12-01,2025-04-30,HAYIR,katilim_endeksleri_20250501_20250930.pdf
ERGLI,2024-12-01,2025-04-30,HAYIR,katilim_endeksleri_20250501_20250930.pdf
ERSU,2024-12-01,2025-04-30,HAYIR,katilim_endeksleri_20250501_20250930.pdf
ESCAR,2024-12-01,2025-04-30,HAYIR,katilim_endeksleri_20250501_20250930.pdf
ETILR,2024-12-01,2025-04-30,HAYIR,katilim_endeksleri_20250501_20250930.pdf
ETYAT,2024-12-01,2025-04-30,HAYIR,katilim_endeksleri_20250501_20250930.pdf
EUHOL,2024-12-01,2025-04-30,HAYIR,katilim_endeksleri_20250501_20250930.pdf
EUKYO,2024-12-01,2025-04-30,HAYIR,katilim_endeksleri_20250501_20250930.pdf
EUREN,2024-12-01,2025-04-30,HAYIR,katilim_endeksleri_20250501_20250930.pdf
EUYO,2024-12-01,2025-04-30,HAYIR,katilim_endeksleri_20250501_20250930.pdf
EXIMB,2024-12-01,2025-04-30,HAYIR,katilim_endeksleri_20250501_20250930.pdf
FAIRF,2024-12-01,2025-04-30,HAYIR,katilim_endeksleri_20250501_20250930.pdf
FBB,2024-12-01,2025-04-30,HAYIR,katilim_endeksleri_20250501_20250930.pdf
FBBNK,2024-12-01,2025-04-30,HAYIR,katilim_endeksleri_20250501_20250930.pdf
FENER,2024-12-01,2025-04-30,HAYIR,katilim_endeksleri_20250501_20250930.pdf
FIGOF,2024-12-01,2025-04-30,HAYIR,katilim_endeksleri_20250501_20250930.pdf
FIN,2024-12-01,2025-04-30,HAYIR,katilim_endeksleri_20250501_20250930.pdf
FKPET,2024-12-01,2025-04-30,HAYIR,katilim_endeksleri_20250501_20250930.pdf
FLAP,2024-12-01,2025-04-30,HAYIR,katilim_endeksleri_20250501_20250930.pdf
FORTE,2024-12-01,2025-04-30,HAYIR,katilim_endeksleri_20250501_20250930.pdf
FRIGO,2024-12-01,2025-04-30,HAYIR,katilim_endeksleri_20250501_20250930.pdf
FROTO,2024-12-01,2025-04-30,HAYIR,katilim_endeksleri_20250501_20250930.pdf
GARAN,2024-12-01,2025-04-30,HAYIR,katilim_endeksleri_20250501_20250930.pdf
GARFA,2024-12-01,2025-04-30,HAYIR,katilim_endeksleri_20250501_20250930.pdf
GARFL,2024-12-01,2025-04-30,HAYIR,katilim_endeksleri_20250501_20250930.pdf
GATEG,2024-12-01,2025-04-30,HAYIR,katilim_endeksleri_20250501_20250930.pdf
GEDIK,2024-12-01,2025-04-30,HAYIR,katilim_endeksleri_20250501_20250930.pdf
GESAN,2024-12-01,2025-04-30,HAYIR,katilim_endeksleri_20250501_20250930.pdf
GGBVK,2024-12-01,2025-04-30,HAYIR,katilim_endeksleri_20250501_20250930.pdf
GIPTA,2024-12-01,2025-04-30,HAYIR,katilim_endeksleri_20250501_20250930.pdf
GLB,2024-12-01,2025-04-30,HAYIR,katilim_endeksleri_20250501_20250930.pdf
GLBMD,2024-12-01,2025-04-30,HAYIR,katilim_endeksleri_20250501_20250930.pdf
GLCVY,2024-12-01,2025-04-30,HAYIR,katilim_endeksleri_20250501_20250930.pdf
GLRYH,2024-12-01,2025-04-30,HAYIR,katilim_endeksleri_20250501_20250930.pdf
GLYHO,2024-12-01,2025-04-30,HAYIR,katilim_endeksleri_20250501_20250930.pdf
GMTAS,2024-12-01,2025-04-30,HAYIR,katilim_endeksleri_20250501_20250930.pdf
GOZDE,2024-12-01,2025-04-30,HAYIR,katilim_endeksleri_20250501_20250930.pdf
GRM,2024-12-01,2025-04-30,HAYIR,katilim_endeksleri_20250501_20250930.pdf
GRNYO,2024-12-01,2025-04-30,HAYIR,katilim_endeksleri_20250501_20250930.pdf
GRYAT,2024-12-01,2025-04-30,HAYIR,katilim_endeksleri_20250501_20250930.pdf
GSDDE,2024-12-01,2025-04-30,HAYIR,katilim_endeksleri_20250501_20250930.pdf
GSDHO,2024-12-01,2025-04-30,HAYIR,katilim_endeksleri_20250501_20250930.pdf
GSIPD,2024-12-01,2025-04-30,HAYIR,katilim_endeksleri_20250501_20250930.pdf
GSRAY,2024-12-01,2025-04-30,HAYIR,katilim_endeksleri_20250501_20250930.pdf
GYVAR,2024-12-01,2025-04-30,HAYIR,katilim_endeksleri_20250501_20250930.pdf
GZNMI,2024-12-01,2025-04-30,HAYIR,katilim_endeksleri_20250501_20250930.pdf
HALKB,2024-12-01,2025-04-30,HAYIR,katilim_endeksleri_20250501_20250930.pdf
HALKF,2024-12-01,2025-04-30,HAYIR,katilim_endeksleri_20250501_20250930.pdf
HALKI,2024-12-01,2025-04-30,HAYIR,katilim_endeksleri_20250501_20250930.pdf
HATEK,2024-12-01,2025-04-30,HAYIR,katilim_endeksleri_20250501_20250930.pdf
HAYVK,2024-12-01,2025-04-30,HAYIR,katilim_endeksleri_20250501_20250930.pdf
HDFFL,2024-12-01,2025-04-30,HAYIR,katilim_endeksleri_20250501_20250930.pdf
HDFGS,2024-12-01,2025-04-30,HAYIR,katilim_endeksleri_20250501_20250930.pdf
HDFVK,2024-12-01,2025-04-30,HAYIR,katilim_endeksleri_20250501_20250930.pdf
HDFYB,2024-12-01,2025-04-30,HAYIR,katilim_endeksleri_20250501_20250930.pdf
HEDEF,2024-12-01,2025-04-30,HAYIR,katilim_endeksleri_20250501_20250930.pdf
HEKTS,2024-12-01,2025-04-30,HAYIR,katilim_endeksleri_20250501_20250930.pdf
HLGYO,2024-12-01,2025-04-30,HAYIR,katilim_endeksleri_20250501_20250930.pdf
HLVKS,2024-12-01,2025-04-30,HAYIR,katilim_endeksleri_20250501_20250930.pdf
HLY,2024-12-01,2025-04-30,HAYIR,katilim_endeksleri_20250501_20250930.pdf
HUBVC,2024-12-01,2025-04-30,HAYIR,katilim_endeksleri_20250501_20250930.pdf
HURGZ,2024-12-01,2025-04-30,HAYIR,katilim_endeksleri_20250501_20250930.pdf
HUZFA,2024-12-01,2025-04-30,HAYIR,katilim_endeksleri_20250501_20250930.pdf
HYB,2024-12-01,2025-04-30,HAYIR,katilim_endeksleri_20250501_20250930.pdf
IAZ,2024-12-01,2025-04-30,HAYIR,katilim_endeksleri_20250501_20250930.pdf
ICB,2024-12-01,2025-04-30,HAYIR,katilim_endeksleri_20250501_20250930.pdf
ICBCT,2024-12-01,2025-04-30,HAYIR,katilim_endeksleri_20250501_20250930.pdf
ICUGS,2024-12-01,2025-04-30,HAYIR,katilim_endeksleri_20250501_20250930.pdf
IEYHO,2024-12-01,2025-04-30,HAYIR,katilim_endeksleri_20250501_20250930.pdf
IHAAS,2024-12-01,2025-04-30,HAYIR,katilim_endeksleri_20250501_20250930.pdf
INDES,2024-12-01,2025-04-30,HAYIR,katilim_endeksleri_20250501_20250930.pdf
INFO,2024-12-01,2025-04-30,HAYIR,katilim_endeksleri_20250501_20250930.pdf
INTEK,2024-12-01,2025-04-30,HAYIR,katilim_endeksleri_20250501_20250930.pdf
INVAZ,2024-12-01,2025-04-30,HAYIR,katilim_endeksleri_20250501_20250930.pdf
INVEO,2024-12-01,2025-04-30,HAYIR,katilim_endeksleri_20250501_20250930.pdf
INVES,2024-12-01,2025-04-30,HAYIR,katilim_endeksleri_20250501_20250930.pdf
ISATR,2024-12-01,2025-04-30,HAYIR,katilim_endeksleri_20250501_20250930.pdf
ISBIR,2024-12-01,2025-04-30,HAYIR,katilim_endeksleri_20250501_20250930.pdf
ISBTR,2024-12-01,2025-04-30,HAYIR,katilim_endeksleri_20250501_20250930.pdf
ISCTR,2024-12-01,2025-04-30,HAYIR,katilim_endeksleri_20250501_20250930.pdf
ISFAK,2024-12-01,2025-04-30,HAYIR,katilim_endeksleri_20250501_20250930.pdf
ISFIN,2024-12-01,2025-04-30,HAYIR,katilim_endeksleri_20250501_20250930.pdf
ISGSY,2024-12-01,2025-04-30,HAYIR,katilim_endeksleri_20250501_20250930.pdf
ISGYO,2024-12-01,2025-04-30,HAYIR,katilim_endeksleri_20250501_20250930.pdf
ISKUR,2024-12-01,2025-04-30,HAYIR,katilim_endeksleri_20250501_20250930.pdf
ISMEN,2024-12-01,2025-04-30,HAYIR,katilim_endeksleri_20250501_20250930.pdf
ISTFK,2024-12-01,2025-04-30,HAYIR,katilim_endeksleri_20250501_20250930.pdf
ISTVY,2024-12-01,2025-04-30,HAYIR,katilim_endeksleri_20250501_20250930.pdf
ISVEA,2024-12-01,2025-04-30,HAYIR,katilim_endeksleri_20250501_20250930.pdf
ISYAT,2024-12-01,2025-04-30,HAYIR,katilim_endeksleri_20250501_20250930.pdf
IYF,2024-12-01,2025-04-30,HAYIR,katilim_endeksleri_20250501_20250930.pdf
IYM,2024-12-01,2025-04-30,HAYIR,katilim_endeksleri_20250501_20250930.pdf
IZENR,2024-12-01,2025-04-30,HAYIR,katilim_endeksleri_20250501_20250930.pdf
IZMDC,2024-12-01,2025-04-30,HAYIR,katilim_endeksleri_20250501_20250930.pdf
KAPLM,2024-12-01,2025-04-30,HAYIR,katilim_endeksleri_20250501_20250930.pdf
KARCL,2024-12-01,2025-04-30,HAYIR,katilim_endeksleri_20250501_20250930.pdf
KARSN,2024-12-01,2025-04-30,HAYIR,katilim_endeksleri_20250501_20250930.pdf
KARTN,2024-12-01,2025-04-30,HAYIR,katilim_endeksleri_20250501_20250930.pdf
KATVK,2024-12-01,2025-04-30,HAYIR,katilim_endeksleri_20250501_20250930.pdf
KBORU,2024-12-01,2025-04-30,HAYIR,katilim_endeksleri_20250501_20250930.pdf
KCHOL,2024-12-01,2025-04-30,HAYIR,katilim_endeksleri_20250501_20250930.pdf
KENT,2024-12-01,2025-04-30,HAYIR,katilim_endeksleri_20250501_20250930.pdf
KERVN,2024-12-01,2025-04-30,HAYIR,katilim_endeksleri_20250501_20250930.pdf
KFEIN,2024-12-01,2025-04-30,HAYIR,katilim_endeksleri_20250501_20250930.pdf
KFILO,2024-12-01,2025-04-30,HAYIR,katilim_endeksleri_20250501_20250930.pdf
KLGYO,2024-12-01,2025-04-30,HAYIR,katilim_endeksleri_20250501_20250930.pdf
KLKIM,2024-12-01,2025-04-30,HAYIR,katilim_endeksleri_20250501_20250930.pdf
KLMSN,2024-12-01,2025-04-30,HAYIR,katilim_endeksleri_20250501_20250930.pdf
KLN,2024-12-01,2025-04-30,HAYIR,katilim_endeksleri_20250501_20250930.pdf
KLNMA,2024-12-01,2025-04-30,HAYIR,katilim_endeksleri_20250501_20250930.pdf
KLRHO,2024-12-01,2025-04-30,HAYIR,katilim_endeksleri_20250501_20250930.pdf
KLSER,2024-12-01,2025-04-30,HAYIR,katilim_endeksleri_20250501_20250930.pdf
KLVKS,2024-12-01,2025-04-30,HAYIR,katilim_endeksleri_20250501_20250930.pdf
KLYPV,2024-12-01,2025-04-30,HAYIR,katilim_endeksleri_20250501_20250930.pdf
KMPUR,2024-12-01,2025-04-30,HAYIR,katilim_endeksleri_20250501_20250930.pdf
KNTFA,2024-12-01,2025-04-30,HAYIR,katilim_endeksleri_20250501_20250930.pdf
KOCFN,2024-12-01,2025-04-30,HAYIR,katilim_endeksleri_20250501_20250930.pdf
KOCMT,2024-12-01,2025-04-30,HAYIR,katilim_endeksleri_20250501_20250930.pdf
KONTR,2024-12-01,2025-04-30,HAYIR,katilim_endeksleri_20250501_20250930.pdf
KORDS,2024-12-01,2025-04-30,HAYIR,katilim_endeksleri_20250501_20250930.pdf
KORTS,2024-12-01,2025-04-30,HAYIR,katilim_endeksleri_20250501_20250930.pdf
KPTGY,2024-12-01,2025-04-30,HAYIR,katilim_endeksleri_20250501_20250930.pdf
KRTEK,2024-12-01,2025-04-30,HAYIR,katilim_endeksleri_20250501_20250930.pdf
KSFIN,2024-12-01,2025-04-30,HAYIR,katilim_endeksleri_20250501_20250930.pdf
KSTUR,2024-12-01,2025-04-30,HAYIR,katilim_endeksleri_20250501_20250930.pdf
KTKVK,2024-12-01,2025-04-30,HAYIR,katilim_endeksleri_20250501_20250930.pdf
KTSKR,2024-12-01,2025-04-30,HAYIR,katilim_endeksleri_20250501_20250930.pdf
KTSVK,2024-12-01,2025-04-30,HAYIR,katilim_endeksleri_20250501_20250930.pdf
KUVVA,2024-12-01,2025-04-30,HAYIR,katilim_endeksleri_20250501_20250930.pdf
KZGYO,2024-12-01,2025-04-30,HAYIR,katilim_endeksleri_20250501_20250930.pdf
LIDER,2024-12-01,2025-04-30,HAYIR,katilim_endeksleri_20250501_20250930.pdf
LIDFA,2024-12-01,2025-04-30,HAYIR,katilim_endeksleri_20250501_20250930.pdf
LINK,2024-12-01,2025-04-30,HAYIR,katilim_endeksleri_20250501_20250930.pdf
LYDYE,2024-12-01,2025-04-30,HAYIR,katilim_endeksleri_20250501_20250930.pdf
MAALT,2024-12-01,2025-04-30,HAYIR,katilim_endeksleri_20250501_20250930.pdf
MACKO,2024-12-01,2025-04-30,HAYIR,katilim_endeksleri_20250501_20250930.pdf
MAKTK,2024-12-01,2025-04-30,HAYIR,katilim_endeksleri_20250501_20250930.pdf
MARMR,2024-12-01,2025-04-30,HAYIR,katilim_endeksleri_20250501_20250930.pdf
MARTI,2024-12-01,2025-04-30,HAYIR,katilim_endeksleri_20250501_20250930.pdf
MASFN,2024-12-01,2025-04-30,HAYIR,katilim_endeksleri_20250501_20250930.pdf
MBFTR,2024-12-01,2025-04-30,HAYIR,katilim_endeksleri_20250501_20250930.pdf
MDASM,2024-12-01,2025-04-30,HAYIR,katilim_endeksleri_20250501_20250930.pdf
MDIAZ,2024-12-01,2025-04-30,HAYIR,katilim_endeksleri_20250501_20250930.pdf
MDS,2024-12-01,2025-04-30,HAYIR,katilim_endeksleri_20250501_20250930.pdf
MEGAP,2024-12-01,2025-04-30,HAYIR,katilim_endeksleri_20250501_20250930.pdf
MEGMT,2024-12-01,2025-04-30,HAYIR,katilim_endeksleri_20250501_20250930.pdf
MEKMD,2024-12-01,2025-04-30,HAYIR,katilim_endeksleri_20250501_20250930.pdf
MEPET,2024-12-01,2025-04-30,HAYIR,katilim_endeksleri_20250501_20250930.pdf
MERIT,2024-12-01,2025-04-30,HAYIR,katilim_endeksleri_20250501_20250930.pdf
METEN,2024-12-01,2025-04-30,HAYIR,katilim_endeksleri_20250501_20250930.pdf
METRO,2024-12-01,2025-04-30,HAYIR,katilim_endeksleri_20250501_20250930.pdf
MGROS,2024-12-01,2025-04-30,HAYIR,katilim_endeksleri_20250501_20250930.pdf
MHRGY,2024-12-01,2025-04-30,HAYIR,katilim_endeksleri_20250501_20250930.pdf
MILKS,2024-12-01,2025-04-30,HAYIR,katilim_endeksleri_20250501_20250930.pdf
MINTF,2024-12-01,2025-04-30,HAYIR,katilim_endeksleri_20250501_20250930.pdf
MMCAS,2024-12-01,2025-04-30,HAYIR,katilim_endeksleri_20250501_20250930.pdf
MNGFA,2024-12-01,2025-04-30,HAYIR,katilim_endeksleri_20250501_20250930.pdf
MOGAN,2024-12-01,2025-04-30,HAYIR,katilim_endeksleri_20250501_20250930.pdf
MOPAS,2024-12-01,2025-04-30,HAYIR,katilim_endeksleri_20250501_20250930.pdf
MRBAS,2024-12-01,2025-04-30,HAYIR,katilim_endeksleri_20250501_20250930.pdf
MRBKF,2024-12-01,2025-04-30,HAYIR,katilim_endeksleri_20250501_20250930.pdf
MRGYO,2024-12-01,2025-04-30,HAYIR,katilim_endeksleri_20250501_20250930.pdf
MRMAG,2024-12-01,2025-04-30,HAYIR,katilim_endeksleri_20250501_20250930.pdf
MRS,2024-12-01,2025-04-30,HAYIR,katilim_endeksleri_20250501_20250930.pdf
MRSHL,2024-12-01,2025-04-30,HAYIR,katilim_endeksleri_20250501_20250930.pdf
MSA,2024-12-01,2025-04-30,HAYIR,katilim_endeksleri_20250501_20250930.pdf
MSGYO,2024-12-01,2025-04-30,HAYIR,katilim_endeksleri_20250501_20250930.pdf
MSY,2024-12-01,2025-04-30,HAYIR,katilim_endeksleri_20250501_20250930.pdf
MSYBN,2024-12-01,2025-04-30,HAYIR,katilim_endeksleri_20250501_20250930.pdf
MTRKS,2024-12-01,2025-04-30,HAYIR,katilim_endeksleri_20250501_20250930.pdf
MTRYO,2024-12-01,2025-04-30,HAYIR,katilim_endeksleri_20250501_20250930.pdf
MZHLD,2024-12-01,2025-04-30,HAYIR,katilim_endeksleri_20250501_20250930.pdf
NETCD,2024-12-01,2025-04-30,HAYIR,katilim_endeksleri_20250501_20250930.pdf
NIBAS,2024-12-01,2025-04-30,HAYIR,katilim_endeksleri_20250501_20250930.pdf
NRBNK,2024-12-01,2025-04-30,HAYIR,katilim_endeksleri_20250501_20250930.pdf
NTHOL,2024-12-01,2025-04-30,HAYIR,katilim_endeksleri_20250501_20250930.pdf
NUGYO,2024-12-01,2025-04-30,HAYIR,katilim_endeksleri_20250501_20250930.pdf
NURVK,2024-12-01,2025-04-30,HAYIR,katilim_endeksleri_20250501_20250930.pdf
NYB,2024-12-01,2025-04-30,HAYIR,katilim_endeksleri_20250501_20250930.pdf
ODAS,2024-12-01,2025-04-30,HAYIR,katilim_endeksleri_20250501_20250930.pdf
ODINE,2024-12-01,2025-04-30,HAYIR,katilim_endeksleri_20250501_20250930.pdf
OFSYM,2024-12-01,2025-04-30,HAYIR,katilim_endeksleri_20250501_20250930.pdf
OMD,2024-12-01,2025-04-30,HAYIR,katilim_endeksleri_20250501_20250930.pdf
ONRYT,2024-12-01,2025-04-30,HAYIR,katilim_endeksleri_20250501_20250930.pdf
OPET,2024-12-01,2025-04-30,HAYIR,katilim_endeksleri_20250501_20250930.pdf
ORFIN,2024-12-01,2025-04-30,HAYIR,katilim_endeksleri_20250501_20250930.pdf
ORMA,2024-12-01,2025-04-30,HAYIR,katilim_endeksleri_20250501_20250930.pdf
ORZAX,2024-12-01,2025-04-30,HAYIR,katilim_endeksleri_20250501_20250930.pdf
OSMEN,2024-12-01,2025-04-30,HAYIR,katilim_endeksleri_20250501_20250930.pdf
OSVKS,2024-12-01,2025-04-30,HAYIR,katilim_endeksleri_20250501_20250930.pdf
OTKAR,2024-12-01,2025-04-30,HAYIR,katilim_endeksleri_20250501_20250930.pdf
OTOSR,2024-12-01,2025-04-30,HAYIR,katilim_endeksleri_20250501_20250930.pdf
OTTO,2024-12-01,2025-04-30,HAYIR,katilim_endeksleri_20250501_20250930.pdf
OYA,2024-12-01,2025-04-30,HAYIR,katilim_endeksleri_20250501_20250930.pdf
OYAYO,2024-12-01,2025-04-30,HAYIR,katilim_endeksleri_20250501_20250930.pdf
OYLUM,2024-12-01,2025-04-30,HAYIR,katilim_endeksleri_20250501_20250930.pdf
OYYAT,2024-12-01,2025-04-30,HAYIR,katilim_endeksleri_20250501_20250930.pdf
OZGYO,2024-12-01,2025-04-30,HAYIR,katilim_endeksleri_20250501_20250930.pdf
OZKGY,2024-12-01,2025-04-30,HAYIR,katilim_endeksleri_20250501_20250930.pdf
PAGYO,2024-12-01,2025-04-30,HAYIR,katilim_endeksleri_20250501_20250930.pdf
PAHOL,2024-12-01,2025-04-30,HAYIR,katilim_endeksleri_20250501_20250930.pdf
PAMEL,2024-12-01,2025-04-30,HAYIR,katilim_endeksleri_20250501_20250930.pdf
PAPIL,2024-12-01,2025-04-30,HAYIR,katilim_endeksleri_20250501_20250930.pdf
PATEK,2024-12-01,2025-04-30,HAYIR,katilim_endeksleri_20250501_20250930.pdf
PBT,2024-12-01,2025-04-30,HAYIR,katilim_endeksleri_20250501_20250930.pdf
PBTR,2024-12-01,2025-04-30,HAYIR,katilim_endeksleri_20250501_20250930.pdf
PCILT,2024-12-01,2025-04-30,HAYIR,katilim_endeksleri_20250501_20250930.pdf
PGSUS,2024-12-01,2025-04-30,HAYIR,katilim_endeksleri_20250501_20250930.pdf
PINSU,2024-12-01,2025-04-30,HAYIR,katilim_endeksleri_20250501_20250930.pdf
PKENT,2024-12-01,2025-04-30,HAYIR,katilim_endeksleri_20250501_20250930.pdf
PNLSN,2024-12-01,2025-04-30,HAYIR,katilim_endeksleri_20250501_20250930.pdf
POLTK,2024-12-01,2025-04-30,HAYIR,katilim_endeksleri_20250501_20250930.pdf
PRDGS,2024-12-01,2025-04-30,HAYIR,katilim_endeksleri_20250501_20250930.pdf
PRFFK,2024-12-01,2025-04-30,HAYIR,katilim_endeksleri_20250501_20250930.pdf
PRKME,2024-12-01,2025-04-30,HAYIR,katilim_endeksleri_20250501_20250930.pdf
PRZMA,2024-12-01,2025-04-30,HAYIR,katilim_endeksleri_20250501_20250930.pdf
PSDTC,2024-12-01,2025-04-30,HAYIR,katilim_endeksleri_20250501_20250930.pdf
PSGYO,2024-12-01,2025-04-30,HAYIR,katilim_endeksleri_20250501_20250930.pdf
QNBFF,2024-12-01,2025-04-30,HAYIR,katilim_endeksleri_20250501_20250930.pdf
QNBFK,2024-12-01,2025-04-30,HAYIR,katilim_endeksleri_20250501_20250930.pdf
QNBTR,2024-12-01,2025-04-30,HAYIR,katilim_endeksleri_20250501_20250930.pdf
QNBVK,2024-12-01,2025-04-30,HAYIR,katilim_endeksleri_20250501_20250930.pdf
QUFIN,2024-12-01,2025-04-30,HAYIR,katilim_endeksleri_20250501_20250930.pdf
QUICK,2024-12-01,2025-04-30,HAYIR,katilim_endeksleri_20250501_20250930.pdf
QYATB,2024-12-01,2025-04-30,HAYIR,katilim_endeksleri_20250501_20250930.pdf
QYHOL,2024-12-01,2025-04-30,HAYIR,katilim_endeksleri_20250501_20250930.pdf
RAYSG,2024-12-01,2025-04-30,HAYIR,katilim_endeksleri_20250501_20250930.pdf
REEDR,2024-12-01,2025-04-30,HAYIR,katilim_endeksleri_20250501_20250930.pdf
RGYAS,2024-12-01,2025-04-30,HAYIR,katilim_endeksleri_20250501_20250930.pdf
RNPOL,2024-12-01,2025-04-30,HAYIR,katilim_endeksleri_20250501_20250930.pdf
RTALB,2024-12-01,2025-04-30,HAYIR,katilim_endeksleri_20250501_20250930.pdf
RUZYE,2024-12-01,2025-04-30,HAYIR,katilim_endeksleri_20250501_20250930.pdf
RYGYO,2024-12-01,2025-04-30,HAYIR,katilim_endeksleri_20250501_20250930.pdf
RYSAS,2024-12-01,2025-04-30,HAYIR,katilim_endeksleri_20250501_20250930.pdf
SAHOL,2024-12-01,2025-04-30,HAYIR,katilim_endeksleri_20250501_20250930.pdf
SANEL,2024-12-01,2025-04-30,HAYIR,katilim_endeksleri_20250501_20250930.pdf
SANFM,2024-12-01,2025-04-30,HAYIR,katilim_endeksleri_20250501_20250930.pdf
SARAE,2024-12-01,2025-04-30,HAYIR,katilim_endeksleri_20250501_20250930.pdf
SARKY,2024-12-01,2025-04-30,HAYIR,katilim_endeksleri_20250501_20250930.pdf
SARTN,2024-12-01,2025-04-30,HAYIR,katilim_endeksleri_20250501_20250930.pdf
SASA,2024-12-01,2025-04-30,HAYIR,katilim_endeksleri_20250501_20250930.pdf
SDTTR,2024-12-01,2025-04-30,HAYIR,katilim_endeksleri_20250501_20250930.pdf
SEGYO,2024-12-01,2025-04-30,HAYIR,katilim_endeksleri_20250501_20250930.pdf
SEK,2024-12-01,2025-04-30,HAYIR,katilim_endeksleri_20250501_20250930.pdf
SEKFK,2024-12-01,2025-04-30,HAYIR,katilim_endeksleri_20250501_20250930.pdf
SERNT,2024-12-01,2025-04-30,HAYIR,katilim_endeksleri_20250501_20250930.pdf
SEYKM,2024-12-01,2025-04-30,HAYIR,katilim_endeksleri_20250501_20250930.pdf
SISE,2024-12-01,2025-04-30,HAYIR,katilim_endeksleri_20250501_20250930.pdf
SKBNK,2024-12-01,2025-04-30,HAYIR,katilim_endeksleri_20250501_20250930.pdf
SKTAS,2024-12-01,2025-04-30,HAYIR,katilim_endeksleri_20250501_20250930.pdf
SKY,2024-12-01,2025-04-30,HAYIR,katilim_endeksleri_20250501_20250930.pdf
SKYLP,2024-12-01,2025-04-30,HAYIR,katilim_endeksleri_20250501_20250930.pdf
SKYMD,2024-12-01,2025-04-30,HAYIR,katilim_endeksleri_20250501_20250930.pdf
SMRFA,2024-12-01,2025-04-30,HAYIR,katilim_endeksleri_20250501_20250930.pdf
SMRVA,2024-12-01,2025-04-30,HAYIR,katilim_endeksleri_20250501_20250930.pdf
SNPAM,2024-12-01,2025-04-30,HAYIR,katilim_endeksleri_20250501_20250930.pdf
SODSN,2024-12-01,2025-04-30,HAYIR,katilim_endeksleri_20250501_20250930.pdf
SOKM,2024-12-01,2025-04-30,HAYIR,katilim_endeksleri_20250501_20250930.pdf
SONME,2024-12-01,2025-04-30,HAYIR,katilim_endeksleri_20250501_20250930.pdf
SUMAS,2024-12-01,2025-04-30,HAYIR,katilim_endeksleri_20250501_20250930.pdf
SVGYO,2024-12-01,2025-04-30,HAYIR,katilim_endeksleri_20250501_20250930.pdf
TABGD,2024-12-01,2025-04-30,HAYIR,katilim_endeksleri_20250501_20250930.pdf
TAC,2024-12-01,2025-04-30,HAYIR,katilim_endeksleri_20250501_20250930.pdf
TAE,2024-12-01,2025-04-30,HAYIR,katilim_endeksleri_20250501_20250930.pdf
TAMFA,2024-12-01,2025-04-30,HAYIR,katilim_endeksleri_20250501_20250930.pdf
TARFN,2024-12-01,2025-04-30,HAYIR,katilim_endeksleri_20250501_20250930.pdf
TARKM,2024-12-01,2025-04-30,HAYIR,katilim_endeksleri_20250501_20250930.pdf
TATEN,2024-12-01,2025-04-30,HAYIR,katilim_endeksleri_20250501_20250930.pdf
TATGD,2024-12-01,2025-04-30,HAYIR,katilim_endeksleri_20250501_20250930.pdf
TAVHL,2024-12-01,2025-04-30,HAYIR,katilim_endeksleri_20250501_20250930.pdf
TBORG,2024-12-01,2025-04-30,HAYIR,katilim_endeksleri_20250501_20250930.pdf
TCELL,2024-12-01,2025-04-30,HAYIR,katilim_endeksleri_20250501_20250930.pdf
TCRYT,2024-12-01,2025-04-30,HAYIR,katilim_endeksleri_20250501_20250930.pdf
TEBFA,2024-12-01,2025-04-30,HAYIR,katilim_endeksleri_20250501_20250930.pdf
TEKTU,2024-12-01,2025-04-30,HAYIR,katilim_endeksleri_20250501_20250930.pdf
TERA,2024-12-01,2025-04-30,HAYIR,katilim_endeksleri_20250501_20250930.pdf
TEVKS,2024-12-01,2025-04-30,HAYIR,katilim_endeksleri_20250501_20250930.pdf
TFNVK,2024-12-01,2025-04-30,HAYIR,katilim_endeksleri_20250501_20250930.pdf
TGB,2024-12-01,2025-04-30,HAYIR,katilim_endeksleri_20250501_20250930.pdf
TGSAS,2024-12-01,2025-04-30,HAYIR,katilim_endeksleri_20250501_20250930.pdf
THL,2024-12-01,2025-04-30,HAYIR,katilim_endeksleri_20250501_20250930.pdf
THR,2024-12-01,2025-04-30,HAYIR,katilim_endeksleri_20250501_20250930.pdf
THYAO,2024-12-01,2025-04-30,HAYIR,katilim_endeksleri_20250501_20250930.pdf
TIB,2024-12-01,2025-04-30,HAYIR,katilim_endeksleri_20250501_20250930.pdf
TIMUR,2024-12-01,2025-04-30,HAYIR,katilim_endeksleri_20250501_20250930.pdf
TKNSA,2024-12-01,2025-04-30,HAYIR,katilim_endeksleri_20250501_20250930.pdf
TLMAN,2024-12-01,2025-04-30,HAYIR,katilim_endeksleri_20250501_20250930.pdf
TMPOL,2024-12-01,2025-04-30,HAYIR,katilim_endeksleri_20250501_20250930.pdf
TMSN,2024-12-01,2025-04-30,HAYIR,katilim_endeksleri_20250501_20250930.pdf
TOASO,2024-12-01,2025-04-30,HAYIR,katilim_endeksleri_20250501_20250930.pdf
TRA,2024-12-01,2025-04-30,HAYIR,katilim_endeksleri_20250501_20250930.pdf
TRALT,2024-12-01,2025-04-30,HAYIR,katilim_endeksleri_20250501_20250930.pdf
TRBNK,2024-12-01,2025-04-30,HAYIR,katilim_endeksleri_20250501_20250930.pdf
TRCAS,2024-12-01,2025-04-30,HAYIR,katilim_endeksleri_20250501_20250930.pdf
TRENJ,2024-12-01,2025-04-30,HAYIR,katilim_endeksleri_20250501_20250930.pdf
TRFFA,2024-12-01,2025-04-30,HAYIR,katilim_endeksleri_20250501_20250930.pdf
TRGYO,2024-12-01,2025-04-30,HAYIR,katilim_endeksleri_20250501_20250930.pdf
TRILC,2024-12-01,2025-04-30,HAYIR,katilim_endeksleri_20250501_20250930.pdf
TRKFN,2024-12-01,2025-04-30,HAYIR,katilim_endeksleri_20250501_20250930.pdf
TRKNT,2024-12-01,2025-04-30,HAYIR,katilim_endeksleri_20250501_20250930.pdf
TRMEN,2024-12-01,2025-04-30,HAYIR,katilim_endeksleri_20250501_20250930.pdf
TRMET,2024-12-01,2025-04-30,HAYIR,katilim_endeksleri_20250501_20250930.pdf
TRYKI,2024-12-01,2025-04-30,HAYIR,katilim_endeksleri_20250501_20250930.pdf
TSGYO,2024-12-01,2025-04-30,HAYIR,katilim_endeksleri_20250501_20250930.pdf
TSK,2024-12-01,2025-04-30,HAYIR,katilim_endeksleri_20250501_20250930.pdf
TSKB,2024-12-01,2025-04-30,HAYIR,katilim_endeksleri_20250501_20250930.pdf
TSPOR,2024-12-01,2025-04-30,HAYIR,katilim_endeksleri_20250501_20250930.pdf
TTKOM,2024-12-01,2025-04-30,HAYIR,katilim_endeksleri_20250501_20250930.pdf
TTRAK,2024-12-01,2025-04-30,HAYIR,katilim_endeksleri_20250501_20250930.pdf
TURGG,2024-12-01,2025-04-30,HAYIR,katilim_endeksleri_20250501_20250930.pdf
TURSG,2024-12-01,2025-04-30,HAYIR,katilim_endeksleri_20250501_20250930.pdf
TV8TV,2024-12-01,2025-04-30,HAYIR,katilim_endeksleri_20250501_20250930.pdf
TVB,2024-12-01,2025-04-30,HAYIR,katilim_endeksleri_20250501_20250930.pdf
TVM,2024-12-01,2025-04-30,HAYIR,katilim_endeksleri_20250501_20250930.pdf
UFUK,2024-12-01,2025-04-30,HAYIR,katilim_endeksleri_20250501_20250930.pdf
ULAS,2024-12-01,2025-04-30,HAYIR,katilim_endeksleri_20250501_20250930.pdf
ULKER,2024-12-01,2025-04-30,HAYIR,katilim_endeksleri_20250501_20250930.pdf
ULUFA,2024-12-01,2025-04-30,HAYIR,katilim_endeksleri_20250501_20250930.pdf
ULUUN,2024-12-01,2025-04-30,HAYIR,katilim_endeksleri_20250501_20250930.pdf
UMPAS,2024-12-01,2025-04-30,HAYIR,katilim_endeksleri_20250501_20250930.pdf
UNLU,2024-12-01,2025-04-30,HAYIR,katilim_endeksleri_20250501_20250930.pdf
VAKBN,2024-12-01,2025-04-30,HAYIR,katilim_endeksleri_20250501_20250930.pdf
VAKFA,2024-12-01,2025-04-30,HAYIR,katilim_endeksleri_20250501_20250930.pdf
VAKFN,2024-12-01,2025-04-30,HAYIR,katilim_endeksleri_20250501_20250930.pdf
VAKVK,2024-12-01,2025-04-30,HAYIR,katilim_endeksleri_20250501_20250930.pdf
VDFAS,2024-12-01,2025-04-30,HAYIR,katilim_endeksleri_20250501_20250930.pdf
VDFLO,2024-12-01,2025-04-30,HAYIR,katilim_endeksleri_20250501_20250930.pdf
VERTU,2024-12-01,2025-04-30,HAYIR,katilim_endeksleri_20250501_20250930.pdf
VERUS,2024-12-01,2025-04-30,HAYIR,katilim_endeksleri_20250501_20250930.pdf
VKFYO,2024-12-01,2025-04-30,HAYIR,katilim_endeksleri_20250501_20250930.pdf
VKGYO,2024-12-01,2025-04-30,HAYIR,katilim_endeksleri_20250501_20250930.pdf
VKING,2024-12-01,2025-04-30,HAYIR,katilim_endeksleri_20250501_20250930.pdf
VRGYO,2024-12-01,2025-04-30,HAYIR,katilim_endeksleri_20250501_20250930.pdf
YAPRK,2024-12-01,2025-04-30,HAYIR,katilim_endeksleri_20250501_20250930.pdf
YATVK,2024-12-01,2025-04-30,HAYIR,katilim_endeksleri_20250501_20250930.pdf
YAYLA,2024-12-01,2025-04-30,HAYIR,katilim_endeksleri_20250501_20250930.pdf
YBQ,2024-12-01,2025-04-30,HAYIR,katilim_endeksleri_20250501_20250930.pdf
YBTAS,2024-12-01,2025-04-30,HAYIR,katilim_endeksleri_20250501_20250930.pdf
YESIL,2024-12-01,2025-04-30,HAYIR,katilim_endeksleri_20250501_20250930.pdf
YGGYO,2024-12-01,2025-04-30,HAYIR,katilim_endeksleri_20250501_20250930.pdf
YIGIT,2024-12-01,2025-04-30,HAYIR,katilim_endeksleri_20250501_20250930.pdf
YKB,2024-12-01,2025-04-30,HAYIR,katilim_endeksleri_20250501_20250930.pdf
YKBNK,2024-12-01,2025-04-30,HAYIR,katilim_endeksleri_20250501_20250930.pdf
YKFIN,2024-12-01,2025-04-30,HAYIR,katilim_endeksleri_20250501_20250930.pdf
YKFKT,2024-12-01,2025-04-30,HAYIR,katilim_endeksleri_20250501_20250930.pdf
YKR,2024-12-01,2025-04-30,HAYIR,katilim_endeksleri_20250501_20250930.pdf
YKSLN,2024-12-01,2025-04-30,HAYIR,katilim_endeksleri_20250501_20250930.pdf
YKYAT,2024-12-01,2025-04-30,HAYIR,katilim_endeksleri_20250501_20250930.pdf
YONGA,2024-12-01,2025-04-30,HAYIR,katilim_endeksleri_20250501_20250930.pdf
YYAPI,2024-12-01,2025-04-30,HAYIR,katilim_endeksleri_20250501_20250930.pdf
YYLGD,2024-12-01,2025-04-30,HAYIR,katilim_endeksleri_20250501_20250930.pdf
ZGYO,2024-12-01,2025-04-30,HAYIR,katilim_endeksleri_20250501_20250930.pdf
ZKBVK,2024-12-01,2025-04-30,HAYIR,katilim_endeksleri_20250501_20250930.pdf
ZKBVR,2024-12-01,2025-04-30,HAYIR,katilim_endeksleri_20250501_20250930.pdf
ZOREN,2024-12-01,2025-04-30,HAYIR,katilim_endeksleri_20250501_20250930.pdf
ZRGYO,2024-12-01,2025-04-30,HAYIR,katilim_endeksleri_20250501_20250930.pdf
AAGYO,2025-05-01,2025-09-30,EVET,katilim_endeksleri_20251001_20260430.pdf
ACSEL,2025-05-01,2025-09-30,EVET,katilim_endeksleri_20251001_20260430.pdf
ADESE,2025-05-01,2025-09-30,EVET,katilim_endeksleri_20251001_20260430.pdf
AHGAZ,2025-05-01,2025-09-30,EVET,katilim_endeksleri_20251001_20260430.pdf
AHSGY,2025-05-01,2025-09-30,EVET,katilim_endeksleri_20251001_20260430.pdf
AKCNS,2025-05-01,2025-09-30,EVET,katilim_endeksleri_20251001_20260430.pdf
AKFYE,2025-05-01,2025-09-30,EVET,katilim_endeksleri_20251001_20260430.pdf
AKHAN,2025-05-01,2025-09-30,EVET,katilim_endeksleri_20251001_20260430.pdf
AKSA,2025-05-01,2025-09-30,EVET,katilim_endeksleri_20251001_20260430.pdf
AKSEN,2025-05-01,2025-09-30,EVET,katilim_endeksleri_20251001_20260430.pdf
AKYHO,2025-05-01,2025-09-30,EVET,katilim_endeksleri_20251001_20260430.pdf
ALBRK,2025-05-01,2025-09-30,EVET,katilim_endeksleri_20251001_20260430.pdf
ALBTN,2025-05-01,2025-09-30,EVET,katilim_endeksleri_20251001_20260430.pdf
ALCTL,2025-05-01,2025-09-30,EVET,katilim_endeksleri_20251001_20260430.pdf
ALK,2025-05-01,2025-09-30,EVET,katilim_endeksleri_20251001_20260430.pdf
ALKA,2025-05-01,2025-09-30,EVET,katilim_endeksleri_20251001_20260430.pdf
ALKIM,2025-05-01,2025-09-30,EVET,katilim_endeksleri_20251001_20260430.pdf
ALKLC,2025-05-01,2025-09-30,EVET,katilim_endeksleri_20251001_20260430.pdf
ALTNY,2025-05-01,2025-09-30,EVET,katilim_endeksleri_20251001_20260430.pdf
ALVES,2025-05-01,2025-09-30,EVET,katilim_endeksleri_20251001_20260430.pdf
ANGEN,2025-05-01,2025-09-30,EVET,katilim_endeksleri_20251001_20260430.pdf
ARASE,2025-05-01,2025-09-30,EVET,katilim_endeksleri_20251001_20260430.pdf
ARDYZ,2025-05-01,2025-09-30,EVET,katilim_endeksleri_20251001_20260430.pdf
ARENA,2025-05-01,2025-09-30,EVET,katilim_endeksleri_20251001_20260430.pdf
ARFYE,2025-05-01,2025-09-30,EVET,katilim_endeksleri_20251001_20260430.pdf
ASELS,2025-05-01,2025-09-30,EVET,katilim_endeksleri_20251001_20260430.pdf
ASUZU,2025-05-01,2025-09-30,EVET,katilim_endeksleri_20251001_20260430.pdf
ATAKP,2025-05-01,2025-09-30,EVET,katilim_endeksleri_20251001_20260430.pdf
AVPGY,2025-05-01,2025-09-30,EVET,katilim_endeksleri_20251001_20260430.pdf
AYEN,2025-05-01,2025-09-30,EVET,katilim_endeksleri_20251001_20260430.pdf
BAHKM,2025-05-01,2025-09-30,EVET,katilim_endeksleri_20251001_20260430.pdf
BAKAB,2025-05-01,2025-09-30,EVET,katilim_endeksleri_20251001_20260430.pdf
BANVT,2025-05-01,2025-09-30,EVET,katilim_endeksleri_20251001_20260430.pdf
BASGZ,2025-05-01,2025-09-30,EVET,katilim_endeksleri_20251001_20260430.pdf
BEGYO,2025-05-01,2025-09-30,EVET,katilim_endeksleri_20251001_20260430.pdf
BERA,2025-05-01,2025-09-30,EVET,katilim_endeksleri_20251001_20260430.pdf
BESTE,2025-05-01,2025-09-30,EVET,katilim_endeksleri_20251001_20260430.pdf
BETAE,2025-05-01,2025-09-30,EVET,katilim_endeksleri_20251001_20260430.pdf
BEYAZ,2025-05-01,2025-09-30,EVET,katilim_endeksleri_20251001_20260430.pdf
BIENY,2025-05-01,2025-09-30,EVET,katilim_endeksleri_20251001_20260430.pdf
BIMAS,2025-05-01,2025-09-30,EVET,katilim_endeksleri_20251001_20260430.pdf
BINBN,2025-05-01,2025-09-30,EVET,katilim_endeksleri_20251001_20260430.pdf
BINHO,2025-05-01,2025-09-30,EVET,katilim_endeksleri_20251001_20260430.pdf
BMSTL,2025-05-01,2025-09-30,EVET,katilim_endeksleri_20251001_20260430.pdf
BORLS,2025-05-01,2025-09-30,EVET,katilim_endeksleri_20251001_20260430.pdf
BORSK,2025-05-01,2025-09-30,EVET,katilim_endeksleri_20251001_20260430.pdf
BOSSA,2025-05-01,2025-09-30,EVET,katilim_endeksleri_20251001_20260430.pdf
BRKSN,2025-05-01,2025-09-30,EVET,katilim_endeksleri_20251001_20260430.pdf
BRLSM,2025-05-01,2025-09-30,EVET,katilim_endeksleri_20251001_20260430.pdf
BSOKE,2025-05-01,2025-09-30,EVET,katilim_endeksleri_20251001_20260430.pdf
BUCIM,2025-05-01,2025-09-30,EVET,katilim_endeksleri_20251001_20260430.pdf
BURCE,2025-05-01,2025-09-30,EVET,katilim_endeksleri_20251001_20260430.pdf
BURVA,2025-05-01,2025-09-30,EVET,katilim_endeksleri_20251001_20260430.pdf
CANTE,2025-05-01,2025-09-30,EVET,katilim_endeksleri_20251001_20260430.pdf
CELHA,2025-05-01,2025-09-30,EVET,katilim_endeksleri_20251001_20260430.pdf
CEMTS,2025-05-01,2025-09-30,EVET,katilim_endeksleri_20251001_20260430.pdf
CEMZY,2025-05-01,2025-09-30,EVET,katilim_endeksleri_20251001_20260430.pdf
CGCAM,2025-05-01,2025-09-30,EVET,katilim_endeksleri_20251001_20260430.pdf
CIMSA,2025-05-01,2025-09-30,EVET,katilim_endeksleri_20251001_20260430.pdf
CMBTN,2025-05-01,2025-09-30,EVET,katilim_endeksleri_20251001_20260430.pdf
COSMO,2025-05-01,2025-09-30,EVET,katilim_endeksleri_20251001_20260430.pdf
CVKMD,2025-05-01,2025-09-30,EVET,katilim_endeksleri_20251001_20260430.pdf
CWENE,2025-05-01,2025-09-30,EVET,katilim_endeksleri_20251001_20260430.pdf
DAPGM,2025-05-01,2025-09-30,EVET,katilim_endeksleri_20251001_20260430.pdf
DCTTR,2025-05-01,2025-09-30,EVET,katilim_endeksleri_20251001_20260430.pdf
DESPC,2025-05-01,2025-09-30,EVET,katilim_endeksleri_20251001_20260430.pdf
DGATE,2025-05-01,2025-09-30,EVET,katilim_endeksleri_20251001_20260430.pdf
DGNMO,2025-05-01,2025-09-30,EVET,katilim_endeksleri_20251001_20260430.pdf
DMSAS,2025-05-01,2025-09-30,EVET,katilim_endeksleri_20251001_20260430.pdf
DOFER,2025-05-01,2025-09-30,EVET,katilim_endeksleri_20251001_20260430.pdf
DOFRB,2025-05-01,2025-09-30,EVET,katilim_endeksleri_20251001_20260430.pdf
DOGUB,2025-05-01,2025-09-30,EVET,katilim_endeksleri_20251001_20260430.pdf
DURKN,2025-05-01,2025-09-30,EVET,katilim_endeksleri_20251001_20260430.pdf
DYOBY,2025-05-01,2025-09-30,EVET,katilim_endeksleri_20251001_20260430.pdf
EBEBK,2025-05-01,2025-09-30,EVET,katilim_endeksleri_20251001_20260430.pdf
EDATA,2025-05-01,2025-09-30,EVET,katilim_endeksleri_20251001_20260430.pdf
EDIP,2025-05-01,2025-09-30,EVET,katilim_endeksleri_20251001_20260430.pdf
EFOR,2025-05-01,2025-09-30,EVET,katilim_endeksleri_20251001_20260430.pdf
EGEPO,2025-05-01,2025-09-30,EVET,katilim_endeksleri_20251001_20260430.pdf
EGGUB,2025-05-01,2025-09-30,EVET,katilim_endeksleri_20251001_20260430.pdf
EGPRO,2025-05-01,2025-09-30,EVET,katilim_endeksleri_20251001_20260430.pdf
EKSUN,2025-05-01,2025-09-30,EVET,katilim_endeksleri_20251001_20260430.pdf
ELITE,2025-05-01,2025-09-30,EVET,katilim_endeksleri_20251001_20260430.pdf
EMPAE,2025-05-01,2025-09-30,EVET,katilim_endeksleri_20251001_20260430.pdf
ENERY,2025-05-01,2025-09-30,EVET,katilim_endeksleri_20251001_20260430.pdf
ENJSA,2025-05-01,2025-09-30,EVET,katilim_endeksleri_20251001_20260430.pdf
EREGL,2025-05-01,2025-09-30,EVET,katilim_endeksleri_20251001_20260430.pdf
ESCOM,2025-05-01,2025-09-30,EVET,katilim_endeksleri_20251001_20260430.pdf
EUPWR,2025-05-01,2025-09-30,EVET,katilim_endeksleri_20251001_20260430.pdf
EYGYO,2025-05-01,2025-09-30,EVET,katilim_endeksleri_20251001_20260430.pdf
FADE,2025-05-01,2025-09-30,EVET,katilim_endeksleri_20251001_20260430.pdf
FONET,2025-05-01,2025-09-30,EVET,katilim_endeksleri_20251001_20260430.pdf
FORMT,2025-05-01,2025-09-30,EVET,katilim_endeksleri_20251001_20260430.pdf
FORTE,2025-05-01,2025-09-30,EVET,katilim_endeksleri_20251001_20260430.pdf
FRMPL,2025-05-01,2025-09-30,EVET,katilim_endeksleri_20251001_20260430.pdf
FZLGY,2025-05-01,2025-09-30,EVET,katilim_endeksleri_20251001_20260430.pdf
GEDZA,2025-05-01,2025-09-30,EVET,katilim_endeksleri_20251001_20260430.pdf
GENIL,2025-05-01,2025-09-30,EVET,katilim_endeksleri_20251001_20260430.pdf
GENKM,2025-05-01,2025-09-30,EVET,katilim_endeksleri_20251001_20260430.pdf
GENTS,2025-05-01,2025-09-30,EVET,katilim_endeksleri_20251001_20260430.pdf
GEREL,2025-05-01,2025-09-30,EVET,katilim_endeksleri_20251001_20260430.pdf
GESAN,2025-05-01,2025-09-30,EVET,katilim_endeksleri_20251001_20260430.pdf
GLRMK,2025-05-01,2025-09-30,EVET,katilim_endeksleri_20251001_20260430.pdf
GOKNR,2025-05-01,2025-09-30,EVET,katilim_endeksleri_20251001_20260430.pdf
GOLDA,2025-05-01,2025-09-30,EVET,katilim_endeksleri_20251001_20260430.pdf
GOLTS,2025-05-01,2025-09-30,EVET,katilim_endeksleri_20251001_20260430.pdf
GOODY,2025-05-01,2025-09-30,EVET,katilim_endeksleri_20251001_20260430.pdf
GRSEL,2025-05-01,2025-09-30,EVET,katilim_endeksleri_20251001_20260430.pdf
GRTHO,2025-05-01,2025-09-30,EVET,katilim_endeksleri_20251001_20260430.pdf
GUBRF,2025-05-01,2025-09-30,EVET,katilim_endeksleri_20251001_20260430.pdf
GUNDG,2025-05-01,2025-09-30,EVET,katilim_endeksleri_20251001_20260430.pdf
GWIND,2025-05-01,2025-09-30,EVET,katilim_endeksleri_20251001_20260430.pdf
HATSN,2025-05-01,2025-09-30,EVET,katilim_endeksleri_20251001_20260430.pdf
HKTM,2025-05-01,2025-09-30,EVET,katilim_endeksleri_20251001_20260430.pdf
HOROZ,2025-05-01,2025-09-30,EVET,katilim_endeksleri_20251001_20260430.pdf
HRKET,2025-05-01,2025-09-30,EVET,katilim_endeksleri_20251001_20260430.pdf
ICUGS,2025-05-01,2025-09-30,EVET,katilim_endeksleri_20251001_20260430.pdf
IHEVA,2025-05-01,2025-09-30,EVET,katilim_endeksleri_20251001_20260430.pdf
IHGZT,2025-05-01,2025-09-30,EVET,katilim_endeksleri_20251001_20260430.pdf
IHLAS,2025-05-01,2025-09-30,EVET,katilim_endeksleri_20251001_20260430.pdf
IHYAY,2025-05-01,2025-09-30,EVET,katilim_endeksleri_20251001_20260430.pdf
IMASM,2025-05-01,2025-09-30,EVET,katilim_endeksleri_20251001_20260430.pdf
INGRM,2025-05-01,2025-09-30,EVET,katilim_endeksleri_20251001_20260430.pdf
INTEM,2025-05-01,2025-09-30,EVET,katilim_endeksleri_20251001_20260430.pdf
ISDMR,2025-05-01,2025-09-30,EVET,katilim_endeksleri_20251001_20260430.pdf
ISSEN,2025-05-01,2025-09-30,EVET,katilim_endeksleri_20251001_20260430.pdf
IZFAS,2025-05-01,2025-09-30,EVET,katilim_endeksleri_20251001_20260430.pdf
IZINV,2025-05-01,2025-09-30,EVET,katilim_endeksleri_20251001_20260430.pdf
JANTS,2025-05-01,2025-09-30,EVET,katilim_endeksleri_20251001_20260430.pdf
KARSN,2025-05-01,2025-09-30,EVET,katilim_endeksleri_20251001_20260430.pdf
KATMR,2025-05-01,2025-09-30,EVET,katilim_endeksleri_20251001_20260430.pdf
KCAER,2025-05-01,2025-09-30,EVET,katilim_endeksleri_20251001_20260430.pdf
KIMMR,2025-05-01,2025-09-30,EVET,katilim_endeksleri_20251001_20260430.pdf
KLSYN,2025-05-01,2025-09-30,EVET,katilim_endeksleri_20251001_20260430.pdf
KMPUR,2025-05-01,2025-09-30,EVET,katilim_endeksleri_20251001_20260430.pdf
KNFRT,2025-05-01,2025-09-30,EVET,katilim_endeksleri_20251001_20260430.pdf
KOCMT,2025-05-01,2025-09-30,EVET,katilim_endeksleri_20251001_20260430.pdf
KONKA,2025-05-01,2025-09-30,EVET,katilim_endeksleri_20251001_20260430.pdf
KONTR,2025-05-01,2025-09-30,EVET,katilim_endeksleri_20251001_20260430.pdf
KONYA,2025-05-01,2025-09-30,EVET,katilim_endeksleri_20251001_20260430.pdf
KOPOL,2025-05-01,2025-09-30,EVET,katilim_endeksleri_20251001_20260430.pdf
KOTON,2025-05-01,2025-09-30,EVET,katilim_endeksleri_20251001_20260430.pdf
KRDMA,2025-05-01,2025-09-30,EVET,katilim_endeksleri_20251001_20260430.pdf
KRDMB,2025-05-01,2025-09-30,EVET,katilim_endeksleri_20251001_20260430.pdf
KRDMD,2025-05-01,2025-09-30,EVET,katilim_endeksleri_20251001_20260430.pdf
KRGYO,2025-05-01,2025-09-30,EVET,katilim_endeksleri_20251001_20260430.pdf
KRONT,2025-05-01,2025-09-30,EVET,katilim_endeksleri_20251001_20260430.pdf
KRPLS,2025-05-01,2025-09-30,EVET,katilim_endeksleri_20251001_20260430.pdf
KRSTL,2025-05-01,2025-09-30,EVET,katilim_endeksleri_20251001_20260430.pdf
KRVGD,2025-05-01,2025-09-30,EVET,katilim_endeksleri_20251001_20260430.pdf
KTLEV,2025-05-01,2025-09-30,EVET,katilim_endeksleri_20251001_20260430.pdf
KUTPO,2025-05-01,2025-09-30,EVET,katilim_endeksleri_20251001_20260430.pdf
KUYAS,2025-05-01,2025-09-30,EVET,katilim_endeksleri_20251001_20260430.pdf
KZBGY,2025-05-01,2025-09-30,EVET,katilim_endeksleri_20251001_20260430.pdf
LKMNH,2025-05-01,2025-09-30,EVET,katilim_endeksleri_20251001_20260430.pdf
LMKDC,2025-05-01,2025-09-30,EVET,katilim_endeksleri_20251001_20260430.pdf
LOGO,2025-05-01,2025-09-30,EVET,katilim_endeksleri_20251001_20260430.pdf
LRSHO,2025-05-01,2025-09-30,EVET,katilim_endeksleri_20251001_20260430.pdf
LUKSK,2025-05-01,2025-09-30,EVET,katilim_endeksleri_20251001_20260430.pdf
LXGYO,2025-05-01,2025-09-30,EVET,katilim_endeksleri_20251001_20260430.pdf
MAKIM,2025-05-01,2025-09-30,EVET,katilim_endeksleri_20251001_20260430.pdf
MANAS,2025-05-01,2025-09-30,EVET,katilim_endeksleri_20251001_20260430.pdf
MARBL,2025-05-01,2025-09-30,EVET,katilim_endeksleri_20251001_20260430.pdf
MARKA,2025-05-01,2025-09-30,EVET,katilim_endeksleri_20251001_20260430.pdf
MAVI,2025-05-01,2025-09-30,EVET,katilim_endeksleri_20251001_20260430.pdf
MCARD,2025-05-01,2025-09-30,EVET,katilim_endeksleri_20251001_20260430.pdf
MEDTR,2025-05-01,2025-09-30,EVET,katilim_endeksleri_20251001_20260430.pdf
MEKAG,2025-05-01,2025-09-30,EVET,katilim_endeksleri_20251001_20260430.pdf
MERCN,2025-05-01,2025-09-30,EVET,katilim_endeksleri_20251001_20260430.pdf
MEYSU,2025-05-01,2025-09-30,EVET,katilim_endeksleri_20251001_20260430.pdf
MNDRS,2025-05-01,2025-09-30,EVET,katilim_endeksleri_20251001_20260430.pdf
MNDTR,2025-05-01,2025-09-30,EVET,katilim_endeksleri_20251001_20260430.pdf
MOBTL,2025-05-01,2025-09-30,EVET,katilim_endeksleri_20251001_20260430.pdf
MPARK,2025-05-01,2025-09-30,EVET,katilim_endeksleri_20251001_20260430.pdf
NETAS,2025-05-01,2025-09-30,EVET,katilim_endeksleri_20251001_20260430.pdf
NTGAZ,2025-05-01,2025-09-30,EVET,katilim_endeksleri_20251001_20260430.pdf
OBAMS,2025-05-01,2025-09-30,EVET,katilim_endeksleri_20251001_20260430.pdf
OBASE,2025-05-01,2025-09-30,EVET,katilim_endeksleri_20251001_20260430.pdf
ONCSM,2025-05-01,2025-09-30,EVET,katilim_endeksleri_20251001_20260430.pdf
ORGE,2025-05-01,2025-09-30,EVET,katilim_endeksleri_20251001_20260430.pdf
OSTIM,2025-05-01,2025-09-30,EVET,katilim_endeksleri_20251001_20260430.pdf
OZRDN,2025-05-01,2025-09-30,EVET,katilim_endeksleri_20251001_20260430.pdf
OZSUB,2025-05-01,2025-09-30,EVET,katilim_endeksleri_20251001_20260430.pdf
OZYSR,2025-05-01,2025-09-30,EVET,katilim_endeksleri_20251001_20260430.pdf
PARSN,2025-05-01,2025-09-30,EVET,katilim_endeksleri_20251001_20260430.pdf
PASEU,2025-05-01,2025-09-30,EVET,katilim_endeksleri_20251001_20260430.pdf
PENGD,2025-05-01,2025-09-30,EVET,katilim_endeksleri_20251001_20260430.pdf
PENTA,2025-05-01,2025-09-30,EVET,katilim_endeksleri_20251001_20260430.pdf
PETKM,2025-05-01,2025-09-30,EVET,katilim_endeksleri_20251001_20260430.pdf
PETUN,2025-05-01,2025-09-30,EVET,katilim_endeksleri_20251001_20260430.pdf
PKART,2025-05-01,2025-09-30,EVET,katilim_endeksleri_20251001_20260430.pdf
PLTUR,2025-05-01,2025-09-30,EVET,katilim_endeksleri_20251001_20260430.pdf
POLHO,2025-05-01,2025-09-30,EVET,katilim_endeksleri_20251001_20260430.pdf
PRKAB,2025-05-01,2025-09-30,EVET,katilim_endeksleri_20251001_20260430.pdf
QUAGR,2025-05-01,2025-09-30,EVET,katilim_endeksleri_20251001_20260430.pdf
RALYH,2025-05-01,2025-09-30,EVET,katilim_endeksleri_20251001_20260430.pdf
RODRG,2025-05-01,2025-09-30,EVET,katilim_endeksleri_20251001_20260430.pdf
RUBNS,2025-05-01,2025-09-30,EVET,katilim_endeksleri_20251001_20260430.pdf
SAFKR,2025-05-01,2025-09-30,EVET,katilim_endeksleri_20251001_20260430.pdf
SAMAT,2025-05-01,2025-09-30,EVET,katilim_endeksleri_20251001_20260430.pdf
SANKO,2025-05-01,2025-09-30,EVET,katilim_endeksleri_20251001_20260430.pdf
SAYAS,2025-05-01,2025-09-30,EVET,katilim_endeksleri_20251001_20260430.pdf
SEKUR,2025-05-01,2025-09-30,EVET,katilim_endeksleri_20251001_20260430.pdf
SELEC,2025-05-01,2025-09-30,EVET,katilim_endeksleri_20251001_20260430.pdf
SELVA,2025-05-01,2025-09-30,EVET,katilim_endeksleri_20251001_20260430.pdf
SILVR,2025-05-01,2025-09-30,EVET,katilim_endeksleri_20251001_20260430.pdf
SMART,2025-05-01,2025-09-30,EVET,katilim_endeksleri_20251001_20260430.pdf
SMRTG,2025-05-01,2025-09-30,EVET,katilim_endeksleri_20251001_20260430.pdf
SNGYO,2025-05-01,2025-09-30,EVET,katilim_endeksleri_20251001_20260430.pdf
SNICA,2025-05-01,2025-09-30,EVET,katilim_endeksleri_20251001_20260430.pdf
SOHOE,2025-05-01,2025-09-30,EVET,katilim_endeksleri_20251001_20260430.pdf
SOKE,2025-05-01,2025-09-30,EVET,katilim_endeksleri_20251001_20260430.pdf
SRVGY,2025-05-01,2025-09-30,EVET,katilim_endeksleri_20251001_20260430.pdf
SSAAT,2025-05-01,2025-09-30,EVET,katilim_endeksleri_20251001_20260430.pdf
SUNTK,2025-05-01,2025-09-30,EVET,katilim_endeksleri_20251001_20260430.pdf
SUWEN,2025-05-01,2025-09-30,EVET,katilim_endeksleri_20251001_20260430.pdf
TDGYO,2025-05-01,2025-09-30,EVET,katilim_endeksleri_20251001_20260430.pdf
TEHOL,2025-05-01,2025-09-30,EVET,katilim_endeksleri_20251001_20260430.pdf
TEZOL,2025-05-01,2025-09-30,EVET,katilim_endeksleri_20251001_20260430.pdf
TKFEN,2025-05-01,2025-09-30,EVET,katilim_endeksleri_20251001_20260430.pdf
TMSN,2025-05-01,2025-09-30,EVET,katilim_endeksleri_20251001_20260430.pdf
TNZTP,2025-05-01,2025-09-30,EVET,katilim_endeksleri_20251001_20260430.pdf
TRHOL,2025-05-01,2025-09-30,EVET,katilim_endeksleri_20251001_20260430.pdf
TUCLK,2025-05-01,2025-09-30,EVET,katilim_endeksleri_20251001_20260430.pdf
TUKAS,2025-05-01,2025-09-30,EVET,katilim_endeksleri_20251001_20260430.pdf
TUPRS,2025-05-01,2025-09-30,EVET,katilim_endeksleri_20251001_20260430.pdf
TUREX,2025-05-01,2025-09-30,EVET,katilim_endeksleri_20251001_20260430.pdf
TURGG,2025-05-01,2025-09-30,EVET,katilim_endeksleri_20251001_20260430.pdf
UCAYM,2025-05-01,2025-09-30,EVET,katilim_endeksleri_20251001_20260430.pdf
ULUSE,2025-05-01,2025-09-30,EVET,katilim_endeksleri_20251001_20260430.pdf
USAK,2025-05-01,2025-09-30,EVET,katilim_endeksleri_20251001_20260430.pdf
VAKKO,2025-05-01,2025-09-30,EVET,katilim_endeksleri_20251001_20260430.pdf
VANGD,2025-05-01,2025-09-30,EVET,katilim_endeksleri_20251001_20260430.pdf
VESBE,2025-05-01,2025-09-30,EVET,katilim_endeksleri_20251001_20260430.pdf
VESTL,2025-05-01,2025-09-30,EVET,katilim_endeksleri_20251001_20260430.pdf
VSNMD,2025-05-01,2025-09-30,EVET,katilim_endeksleri_20251001_20260430.pdf
YATAS,2025-05-01,2025-09-30,EVET,katilim_endeksleri_20251001_20260430.pdf
YEOTK,2025-05-01,2025-09-30,EVET,katilim_endeksleri_20251001_20260430.pdf
YUNSA,2025-05-01,2025-09-30,EVET,katilim_endeksleri_20251001_20260430.pdf
ZEDUR,2025-05-01,2025-09-30,EVET,katilim_endeksleri_20251001_20260430.pdf
ZERGY,2025-05-01,2025-09-30,EVET,katilim_endeksleri_20251001_20260430.pdf
A1CAP,2025-05-01,2025-09-30,HAYIR,katilim_endeksleri_20251001_20260430.pdf
A1YEN,2025-05-01,2025-09-30,HAYIR,katilim_endeksleri_20251001_20260430.pdf
ACP,2025-05-01,2025-09-30,HAYIR,katilim_endeksleri_20251001_20260430.pdf
ADB,2025-05-01,2025-09-30,HAYIR,katilim_endeksleri_20251001_20260430.pdf
ADBNK,2025-05-01,2025-09-30,HAYIR,katilim_endeksleri_20251001_20260430.pdf
ADEL,2025-05-01,2025-09-30,HAYIR,katilim_endeksleri_20251001_20260430.pdf
ADGYO,2025-05-01,2025-09-30,HAYIR,katilim_endeksleri_20251001_20260430.pdf
ADLVY,2025-05-01,2025-09-30,HAYIR,katilim_endeksleri_20251001_20260430.pdf
AEFES,2025-05-01,2025-09-30,HAYIR,katilim_endeksleri_20251001_20260430.pdf
AFB,2025-05-01,2025-09-30,HAYIR,katilim_endeksleri_20251001_20260430.pdf
AFYON,2025-05-01,2025-09-30,HAYIR,katilim_endeksleri_20251001_20260430.pdf
AGESA,2025-05-01,2025-09-30,HAYIR,katilim_endeksleri_20251001_20260430.pdf
AGHOL,2025-05-01,2025-09-30,HAYIR,katilim_endeksleri_20251001_20260430.pdf
AGROT,2025-05-01,2025-09-30,HAYIR,katilim_endeksleri_20251001_20260430.pdf
AGYO,2025-05-01,2025-09-30,HAYIR,katilim_endeksleri_20251001_20260430.pdf
AKBNK,2025-05-01,2025-09-30,HAYIR,katilim_endeksleri_20251001_20260430.pdf
AKCVR,2025-05-01,2025-09-30,HAYIR,katilim_endeksleri_20251001_20260430.pdf
AKDFA,2025-05-01,2025-09-30,HAYIR,katilim_endeksleri_20251001_20260430.pdf
AKENR,2025-05-01,2025-09-30,HAYIR,katilim_endeksleri_20251001_20260430.pdf
AKFGY,2025-05-01,2025-09-30,HAYIR,katilim_endeksleri_20251001_20260430.pdf
AKFIS,2025-05-01,2025-09-30,HAYIR,katilim_endeksleri_20251001_20260430.pdf
AKFK,2025-05-01,2025-09-30,HAYIR,katilim_endeksleri_20251001_20260430.pdf
AKGRT,2025-05-01,2025-09-30,HAYIR,katilim_endeksleri_20251001_20260430.pdf
AKM,2025-05-01,2025-09-30,HAYIR,katilim_endeksleri_20251001_20260430.pdf
AKMEN,2025-05-01,2025-09-30,HAYIR,katilim_endeksleri_20251001_20260430.pdf
AKMGY,2025-05-01,2025-09-30,HAYIR,katilim_endeksleri_20251001_20260430.pdf
AKSFA,2025-05-01,2025-09-30,HAYIR,katilim_endeksleri_20251001_20260430.pdf
AKSGY,2025-05-01,2025-09-30,HAYIR,katilim_endeksleri_20251001_20260430.pdf
AKSUE,2025-05-01,2025-09-30,HAYIR,katilim_endeksleri_20251001_20260430.pdf
AKTIF,2025-05-01,2025-09-30,HAYIR,katilim_endeksleri_20251001_20260430.pdf
AKTVK,2025-05-01,2025-09-30,HAYIR,katilim_endeksleri_20251001_20260430.pdf
ALARK,2025-05-01,2025-09-30,HAYIR,katilim_endeksleri_20251001_20260430.pdf
ALCAR,2025-05-01,2025-09-30,HAYIR,katilim_endeksleri_20251001_20260430.pdf
ALFAS,2025-05-01,2025-09-30,HAYIR,katilim_endeksleri_20251001_20260430.pdf
ALGYO,2025-05-01,2025-09-30,HAYIR,katilim_endeksleri_20251001_20260430.pdf
ALJF,2025-05-01,2025-09-30,HAYIR,katilim_endeksleri_20251001_20260430.pdf
ALNUS,2025-05-01,2025-09-30,HAYIR,katilim_endeksleri_20251001_20260430.pdf
ANC,2025-05-01,2025-09-30,HAYIR,katilim_endeksleri_20251001_20260430.pdf
ANELE,2025-05-01,2025-09-30,HAYIR,katilim_endeksleri_20251001_20260430.pdf
ANHYT,2025-05-01,2025-09-30,HAYIR,katilim_endeksleri_20251001_20260430.pdf
ANSGR,2025-05-01,2025-09-30,HAYIR,katilim_endeksleri_20251001_20260430.pdf
ARCLK,2025-05-01,2025-09-30,HAYIR,katilim_endeksleri_20251001_20260430.pdf
ARMGD,2025-05-01,2025-09-30,HAYIR,katilim_endeksleri_20251001_20260430.pdf
ARSAN,2025-05-01,2025-09-30,HAYIR,katilim_endeksleri_20251001_20260430.pdf
ARSVY,2025-05-01,2025-09-30,HAYIR,katilim_endeksleri_20251001_20260430.pdf
ARTMS,2025-05-01,2025-09-30,HAYIR,katilim_endeksleri_20251001_20260430.pdf
ARZUM,2025-05-01,2025-09-30,HAYIR,katilim_endeksleri_20251001_20260430.pdf
ASGYO,2025-05-01,2025-09-30,HAYIR,katilim_endeksleri_20251001_20260430.pdf
ASTOR,2025-05-01,2025-09-30,HAYIR,katilim_endeksleri_20251001_20260430.pdf
ATA,2025-05-01,2025-09-30,HAYIR,katilim_endeksleri_20251001_20260430.pdf
ATAGY,2025-05-01,2025-09-30,HAYIR,katilim_endeksleri_20251001_20260430.pdf
ATATP,2025-05-01,2025-09-30,HAYIR,katilim_endeksleri_20251001_20260430.pdf
ATATR,2025-05-01,2025-09-30,HAYIR,katilim_endeksleri_20251001_20260430.pdf
ATAVK,2025-05-01,2025-09-30,HAYIR,katilim_endeksleri_20251001_20260430.pdf
ATAYM,2025-05-01,2025-09-30,HAYIR,katilim_endeksleri_20251001_20260430.pdf
ATEKS,2025-05-01,2025-09-30,HAYIR,katilim_endeksleri_20251001_20260430.pdf
ATLAS,2025-05-01,2025-09-30,HAYIR,katilim_endeksleri_20251001_20260430.pdf
ATLFA,2025-05-01,2025-09-30,HAYIR,katilim_endeksleri_20251001_20260430.pdf
ATSYH,2025-05-01,2025-09-30,HAYIR,katilim_endeksleri_20251001_20260430.pdf
AVGYO,2025-05-01,2025-09-30,HAYIR,katilim_endeksleri_20251001_20260430.pdf
AVHOL,2025-05-01,2025-09-30,HAYIR,katilim_endeksleri_20251001_20260430.pdf
AVOD,2025-05-01,2025-09-30,HAYIR,katilim_endeksleri_20251001_20260430.pdf
AVTUR,2025-05-01,2025-09-30,HAYIR,katilim_endeksleri_20251001_20260430.pdf
AYCES,2025-05-01,2025-09-30,HAYIR,katilim_endeksleri_20251001_20260430.pdf
AYDEM,2025-05-01,2025-09-30,HAYIR,katilim_endeksleri_20251001_20260430.pdf
AYES,2025-05-01,2025-09-30,HAYIR,katilim_endeksleri_20251001_20260430.pdf
AYGAZ,2025-05-01,2025-09-30,HAYIR,katilim_endeksleri_20251001_20260430.pdf
AZTEK,2025-05-01,2025-09-30,HAYIR,katilim_endeksleri_20251001_20260430.pdf
BAGFS,2025-05-01,2025-09-30,HAYIR,katilim_endeksleri_20251001_20260430.pdf
BALAT,2025-05-01,2025-09-30,HAYIR,katilim_endeksleri_20251001_20260430.pdf
BALSU,2025-05-01,2025-09-30,HAYIR,katilim_endeksleri_20251001_20260430.pdf
BARMA,2025-05-01,2025-09-30,HAYIR,katilim_endeksleri_20251001_20260430.pdf
BASCM,2025-05-01,2025-09-30,HAYIR,katilim_endeksleri_20251001_20260430.pdf
BAYRK,2025-05-01,2025-09-30,HAYIR,katilim_endeksleri_20251001_20260430.pdf
BESLR,2025-05-01,2025-09-30,HAYIR,katilim_endeksleri_20251001_20260430.pdf
BFREN,2025-05-01,2025-09-30,HAYIR,katilim_endeksleri_20251001_20260430.pdf
BIGCH,2025-05-01,2025-09-30,HAYIR,katilim_endeksleri_20251001_20260430.pdf
BIGEN,2025-05-01,2025-09-30,HAYIR,katilim_endeksleri_20251001_20260430.pdf
BIGTK,2025-05-01,2025-09-30,HAYIR,katilim_endeksleri_20251001_20260430.pdf
BIOEN,2025-05-01,2025-09-30,HAYIR,katilim_endeksleri_20251001_20260430.pdf
BIZIM,2025-05-01,2025-09-30,HAYIR,katilim_endeksleri_20251001_20260430.pdf
BJKAS,2025-05-01,2025-09-30,HAYIR,katilim_endeksleri_20251001_20260430.pdf
BLCYT,2025-05-01,2025-09-30,HAYIR,katilim_endeksleri_20251001_20260430.pdf
BLKOM,2025-05-01,2025-09-30,HAYIR,katilim_endeksleri_20251001_20260430.pdf
BLS,2025-05-01,2025-09-30,HAYIR,katilim_endeksleri_20251001_20260430.pdf
BLSMD,2025-05-01,2025-09-30,HAYIR,katilim_endeksleri_20251001_20260430.pdf
BLUME,2025-05-01,2025-09-30,HAYIR,katilim_endeksleri_20251001_20260430.pdf
BMSCH,2025-05-01,2025-09-30,HAYIR,katilim_endeksleri_20251001_20260430.pdf
BNPPI,2025-05-01,2025-09-30,HAYIR,katilim_endeksleri_20251001_20260430.pdf
BNTAS,2025-05-01,2025-09-30,HAYIR,katilim_endeksleri_20251001_20260430.pdf
BOBET,2025-05-01,2025-09-30,HAYIR,katilim_endeksleri_20251001_20260430.pdf
BRGAN,2025-05-01,2025-09-30,HAYIR,katilim_endeksleri_20251001_20260430.pdf
BRGFK,2025-05-01,2025-09-30,HAYIR,katilim_endeksleri_20251001_20260430.pdf
BRISA,2025-05-01,2025-09-30,HAYIR,katilim_endeksleri_20251001_20260430.pdf
BRKO,2025-05-01,2025-09-30,HAYIR,katilim_endeksleri_20251001_20260430.pdf
BRKT,2025-05-01,2025-09-30,HAYIR,katilim_endeksleri_20251001_20260430.pdf
BRKVY,2025-05-01,2025-09-30,HAYIR,katilim_endeksleri_20251001_20260430.pdf
BRMEN,2025-05-01,2025-09-30,HAYIR,katilim_endeksleri_20251001_20260430.pdf
BRSAN,2025-05-01,2025-09-30,HAYIR,katilim_endeksleri_20251001_20260430.pdf
BRYAT,2025-05-01,2025-09-30,HAYIR,katilim_endeksleri_20251001_20260430.pdf
BTCIM,2025-05-01,2025-09-30,HAYIR,katilim_endeksleri_20251001_20260430.pdf
BULGS,2025-05-01,2025-09-30,HAYIR,katilim_endeksleri_20251001_20260430.pdf
BUR,2025-05-01,2025-09-30,HAYIR,katilim_endeksleri_20251001_20260430.pdf
BVSAN,2025-05-01,2025-09-30,HAYIR,katilim_endeksleri_20251001_20260430.pdf
BYDNR,2025-05-01,2025-09-30,HAYIR,katilim_endeksleri_20251001_20260430.pdf
CAGFA,2025-05-01,2025-09-30,HAYIR,katilim_endeksleri_20251001_20260430.pdf
CASA,2025-05-01,2025-09-30,HAYIR,katilim_endeksleri_20251001_20260430.pdf
CATES,2025-05-01,2025-09-30,HAYIR,katilim_endeksleri_20251001_20260430.pdf
CCOLA,2025-05-01,2025-09-30,HAYIR,katilim_endeksleri_20251001_20260430.pdf
CEMAS,2025-05-01,2025-09-30,HAYIR,katilim_endeksleri_20251001_20260430.pdf
CEOEM,2025-05-01,2025-09-30,HAYIR,katilim_endeksleri_20251001_20260430.pdf
CLEBI,2025-05-01,2025-09-30,HAYIR,katilim_endeksleri_20251001_20260430.pdf
CLKMT,2025-05-01,2025-09-30,HAYIR,katilim_endeksleri_20251001_20260430.pdf
CMENT,2025-05-01,2025-09-30,HAYIR,katilim_endeksleri_20251001_20260430.pdf
CMSAN,2025-05-01,2025-09-30,HAYIR,katilim_endeksleri_20251001_20260430.pdf
CONSE,2025-05-01,2025-09-30,HAYIR,katilim_endeksleri_20251001_20260430.pdf
CRDFA,2025-05-01,2025-09-30,HAYIR,katilim_endeksleri_20251001_20260430.pdf
CRFSA,2025-05-01,2025-09-30,HAYIR,katilim_endeksleri_20251001_20260430.pdf
CUSAN,2025-05-01,2025-09-30,HAYIR,katilim_endeksleri_20251001_20260430.pdf
DAGI,2025-05-01,2025-09-30,HAYIR,katilim_endeksleri_20251001_20260430.pdf
DARDL,2025-05-01,2025-09-30,HAYIR,katilim_endeksleri_20251001_20260430.pdf
DENFA,2025-05-01,2025-09-30,HAYIR,katilim_endeksleri_20251001_20260430.pdf
DENGE,2025-05-01,2025-09-30,HAYIR,katilim_endeksleri_20251001_20260430.pdf
DENVA,2025-05-01,2025-09-30,HAYIR,katilim_endeksleri_20251001_20260430.pdf
DERHL,2025-05-01,2025-09-30,HAYIR,katilim_endeksleri_20251001_20260430.pdf
DERIM,2025-05-01,2025-09-30,HAYIR,katilim_endeksleri_20251001_20260430.pdf
DESA,2025-05-01,2025-09-30,HAYIR,katilim_endeksleri_20251001_20260430.pdf
DEVA,2025-05-01,2025-09-30,HAYIR,katilim_endeksleri_20251001_20260430.pdf
DFKTR,2025-05-01,2025-09-30,HAYIR,katilim_endeksleri_20251001_20260430.pdf
DGGYO,2025-05-01,2025-09-30,HAYIR,katilim_endeksleri_20251001_20260430.pdf
DGRVK,2025-05-01,2025-09-30,HAYIR,katilim_endeksleri_20251001_20260430.pdf
DIMES,2025-05-01,2025-09-30,HAYIR,katilim_endeksleri_20251001_20260430.pdf
DIRIT,2025-05-01,2025-09-30,HAYIR,katilim_endeksleri_20251001_20260430.pdf
DITAS,2025-05-01,2025-09-30,HAYIR,katilim_endeksleri_20251001_20260430.pdf
DKVRL,2025-05-01,2025-09-30,HAYIR,katilim_endeksleri_20251001_20260430.pdf
DMD,2025-05-01,2025-09-30,HAYIR,katilim_endeksleri_20251001_20260430.pdf
DMLKT,2025-05-01,2025-09-30,HAYIR,katilim_endeksleri_20251001_20260430.pdf
DMRGD,2025-05-01,2025-09-30,HAYIR,katilim_endeksleri_20251001_20260430.pdf
DNFIN,2025-05-01,2025-09-30,HAYIR,katilim_endeksleri_20251001_20260430.pdf
DNISI,2025-05-01,2025-09-30,HAYIR,katilim_endeksleri_20251001_20260430.pdf
DNYVA,2025-05-01,2025-09-30,HAYIR,katilim_endeksleri_20251001_20260430.pdf
DNZEN,2025-05-01,2025-09-30,HAYIR,katilim_endeksleri_20251001_20260430.pdf
DOAS,2025-05-01,2025-09-30,HAYIR,katilim_endeksleri_20251001_20260430.pdf
DOCO,2025-05-01,2025-09-30,HAYIR,katilim_endeksleri_20251001_20260430.pdf
DOGVY,2025-05-01,2025-09-30,HAYIR,katilim_endeksleri_20251001_20260430.pdf
DOHOL,2025-05-01,2025-09-30,HAYIR,katilim_endeksleri_20251001_20260430.pdf
DOKTA,2025-05-01,2025-09-30,HAYIR,katilim_endeksleri_20251001_20260430.pdf
DRPHN,2025-05-01,2025-09-30,HAYIR,katilim_endeksleri_20251001_20260430.pdf
DSTKF,2025-05-01,2025-09-30,HAYIR,katilim_endeksleri_20251001_20260430.pdf
DSYAT,2025-05-01,2025-09-30,HAYIR,katilim_endeksleri_20251001_20260430.pdf
DUNYH,2025-05-01,2025-09-30,HAYIR,katilim_endeksleri_20251001_20260430.pdf
DURDO,2025-05-01,2025-09-30,HAYIR,katilim_endeksleri_20251001_20260430.pdf
DVRLK,2025-05-01,2025-09-30,HAYIR,katilim_endeksleri_20251001_20260430.pdf
DYBNK,2025-05-01,2025-09-30,HAYIR,katilim_endeksleri_20251001_20260430.pdf
DZGYO,2025-05-01,2025-09-30,HAYIR,katilim_endeksleri_20251001_20260430.pdf
ECILC,2025-05-01,2025-09-30,HAYIR,katilim_endeksleri_20251001_20260430.pdf
ECOGR,2025-05-01,2025-09-30,HAYIR,katilim_endeksleri_20251001_20260430.pdf
ECZIP,2025-05-01,2025-09-30,HAYIR,katilim_endeksleri_20251001_20260430.pdf
ECZYT,2025-05-01,2025-09-30,HAYIR,katilim_endeksleri_20251001_20260430.pdf
EGEEN,2025-05-01,2025-09-30,HAYIR,katilim_endeksleri_20251001_20260430.pdf
EGEGY,2025-05-01,2025-09-30,HAYIR,katilim_endeksleri_20251001_20260430.pdf
EGSER,2025-05-01,2025-09-30,HAYIR,katilim_endeksleri_20251001_20260430.pdf
EKDMR,2025-05-01,2025-09-30,HAYIR,katilim_endeksleri_20251001_20260430.pdf
EKER,2025-05-01,2025-09-30,HAYIR,katilim_endeksleri_20251001_20260430.pdf
EKGYO,2025-05-01,2025-09-30,HAYIR,katilim_endeksleri_20251001_20260430.pdf
EKIM,2025-05-01,2025-09-30,HAYIR,katilim_endeksleri_20251001_20260430.pdf
EKIZ,2025-05-01,2025-09-30,HAYIR,katilim_endeksleri_20251001_20260430.pdf
EKOFA,2025-05-01,2025-09-30,HAYIR,katilim_endeksleri_20251001_20260430.pdf
EKOS,2025-05-01,2025-09-30,HAYIR,katilim_endeksleri_20251001_20260430.pdf
EKTVK,2025-05-01,2025-09-30,HAYIR,katilim_endeksleri_20251001_20260430.pdf
EMIRV,2025-05-01,2025-09-30,HAYIR,katilim_endeksleri_20251001_20260430.pdf
EMKEL,2025-05-01,2025-09-30,HAYIR,katilim_endeksleri_20251001_20260430.pdf
EMNIS,2025-05-01,2025-09-30,HAYIR,katilim_endeksleri_20251001_20260430.pdf
EMVAR,2025-05-01,2025-09-30,HAYIR,katilim_endeksleri_20251001_20260430.pdf
ENDAE,2025-05-01,2025-09-30,HAYIR,katilim_endeksleri_20251001_20260430.pdf
ENKAI,2025-05-01,2025-09-30,HAYIR,katilim_endeksleri_20251001_20260430.pdf
ENPRA,2025-05-01,2025-09-30,HAYIR,katilim_endeksleri_20251001_20260430.pdf
ENSRI,2025-05-01,2025-09-30,HAYIR,katilim_endeksleri_20251001_20260430.pdf
ENTRA,2025-05-01,2025-09-30,HAYIR,katilim_endeksleri_20251001_20260430.pdf
EPLAS,2025-05-01,2025-09-30,HAYIR,katilim_endeksleri_20251001_20260430.pdf
ERBOS,2025-05-01,2025-09-30,HAYIR,katilim_endeksleri_20251001_20260430.pdf
ERCB,2025-05-01,2025-09-30,HAYIR,katilim_endeksleri_20251001_20260430.pdf
ERGLI,2025-05-01,2025-09-30,HAYIR,katilim_endeksleri_20251001_20260430.pdf
ERSU,2025-05-01,2025-09-30,HAYIR,katilim_endeksleri_20251001_20260430.pdf
ESCAR,2025-05-01,2025-09-30,HAYIR,katilim_endeksleri_20251001_20260430.pdf
ESEN,2025-05-01,2025-09-30,HAYIR,katilim_endeksleri_20251001_20260430.pdf
ETILR,2025-05-01,2025-09-30,HAYIR,katilim_endeksleri_20251001_20260430.pdf
ETYAT,2025-05-01,2025-09-30,HAYIR,katilim_endeksleri_20251001_20260430.pdf
EUHOL,2025-05-01,2025-09-30,HAYIR,katilim_endeksleri_20251001_20260430.pdf
EUKYO,2025-05-01,2025-09-30,HAYIR,katilim_endeksleri_20251001_20260430.pdf
EUREN,2025-05-01,2025-09-30,HAYIR,katilim_endeksleri_20251001_20260430.pdf
EUYO,2025-05-01,2025-09-30,HAYIR,katilim_endeksleri_20251001_20260430.pdf
EXIMB,2025-05-01,2025-09-30,HAYIR,katilim_endeksleri_20251001_20260430.pdf
FAIRF,2025-05-01,2025-09-30,HAYIR,katilim_endeksleri_20251001_20260430.pdf
FBB,2025-05-01,2025-09-30,HAYIR,katilim_endeksleri_20251001_20260430.pdf
FBBNK,2025-05-01,2025-09-30,HAYIR,katilim_endeksleri_20251001_20260430.pdf
FENER,2025-05-01,2025-09-30,HAYIR,katilim_endeksleri_20251001_20260430.pdf
FIGOF,2025-05-01,2025-09-30,HAYIR,katilim_endeksleri_20251001_20260430.pdf
FIN,2025-05-01,2025-09-30,HAYIR,katilim_endeksleri_20251001_20260430.pdf
FKPET,2025-05-01,2025-09-30,HAYIR,katilim_endeksleri_20251001_20260430.pdf
FLAP,2025-05-01,2025-09-30,HAYIR,katilim_endeksleri_20251001_20260430.pdf
FMIZP,2025-05-01,2025-09-30,HAYIR,katilim_endeksleri_20251001_20260430.pdf
FRIGO,2025-05-01,2025-09-30,HAYIR,katilim_endeksleri_20251001_20260430.pdf
FROTO,2025-05-01,2025-09-30,HAYIR,katilim_endeksleri_20251001_20260430.pdf
GARAN,2025-05-01,2025-09-30,HAYIR,katilim_endeksleri_20251001_20260430.pdf
GARFA,2025-05-01,2025-09-30,HAYIR,katilim_endeksleri_20251001_20260430.pdf
GARFL,2025-05-01,2025-09-30,HAYIR,katilim_endeksleri_20251001_20260430.pdf
GATEG,2025-05-01,2025-09-30,HAYIR,katilim_endeksleri_20251001_20260430.pdf
GEDIK,2025-05-01,2025-09-30,HAYIR,katilim_endeksleri_20251001_20260430.pdf
GGBVK,2025-05-01,2025-09-30,HAYIR,katilim_endeksleri_20251001_20260430.pdf
GIPTA,2025-05-01,2025-09-30,HAYIR,katilim_endeksleri_20251001_20260430.pdf
GLB,2025-05-01,2025-09-30,HAYIR,katilim_endeksleri_20251001_20260430.pdf
GLBMD,2025-05-01,2025-09-30,HAYIR,katilim_endeksleri_20251001_20260430.pdf
GLCVY,2025-05-01,2025-09-30,HAYIR,katilim_endeksleri_20251001_20260430.pdf
GLRYH,2025-05-01,2025-09-30,HAYIR,katilim_endeksleri_20251001_20260430.pdf
GLYHO,2025-05-01,2025-09-30,HAYIR,katilim_endeksleri_20251001_20260430.pdf
GMTAS,2025-05-01,2025-09-30,HAYIR,katilim_endeksleri_20251001_20260430.pdf
GOZDE,2025-05-01,2025-09-30,HAYIR,katilim_endeksleri_20251001_20260430.pdf
GRM,2025-05-01,2025-09-30,HAYIR,katilim_endeksleri_20251001_20260430.pdf
GRNYO,2025-05-01,2025-09-30,HAYIR,katilim_endeksleri_20251001_20260430.pdf
GRYAT,2025-05-01,2025-09-30,HAYIR,katilim_endeksleri_20251001_20260430.pdf
GSDDE,2025-05-01,2025-09-30,HAYIR,katilim_endeksleri_20251001_20260430.pdf
GSDHO,2025-05-01,2025-09-30,HAYIR,katilim_endeksleri_20251001_20260430.pdf
GSIPD,2025-05-01,2025-09-30,HAYIR,katilim_endeksleri_20251001_20260430.pdf
GSRAY,2025-05-01,2025-09-30,HAYIR,katilim_endeksleri_20251001_20260430.pdf
GYVAR,2025-05-01,2025-09-30,HAYIR,katilim_endeksleri_20251001_20260430.pdf
GZNMI,2025-05-01,2025-09-30,HAYIR,katilim_endeksleri_20251001_20260430.pdf
HALKB,2025-05-01,2025-09-30,HAYIR,katilim_endeksleri_20251001_20260430.pdf
HALKF,2025-05-01,2025-09-30,HAYIR,katilim_endeksleri_20251001_20260430.pdf
HALKI,2025-05-01,2025-09-30,HAYIR,katilim_endeksleri_20251001_20260430.pdf
HATEK,2025-05-01,2025-09-30,HAYIR,katilim_endeksleri_20251001_20260430.pdf
HAYVK,2025-05-01,2025-09-30,HAYIR,katilim_endeksleri_20251001_20260430.pdf
HDFFL,2025-05-01,2025-09-30,HAYIR,katilim_endeksleri_20251001_20260430.pdf
HDFGS,2025-05-01,2025-09-30,HAYIR,katilim_endeksleri_20251001_20260430.pdf
HDFVK,2025-05-01,2025-09-30,HAYIR,katilim_endeksleri_20251001_20260430.pdf
HDFYB,2025-05-01,2025-09-30,HAYIR,katilim_endeksleri_20251001_20260430.pdf
HEDEF,2025-05-01,2025-09-30,HAYIR,katilim_endeksleri_20251001_20260430.pdf
HEKTS,2025-05-01,2025-09-30,HAYIR,katilim_endeksleri_20251001_20260430.pdf
HLGYO,2025-05-01,2025-09-30,HAYIR,katilim_endeksleri_20251001_20260430.pdf
HLVKS,2025-05-01,2025-09-30,HAYIR,katilim_endeksleri_20251001_20260430.pdf
HLY,2025-05-01,2025-09-30,HAYIR,katilim_endeksleri_20251001_20260430.pdf
HTTBT,2025-05-01,2025-09-30,HAYIR,katilim_endeksleri_20251001_20260430.pdf
HUBVC,2025-05-01,2025-09-30,HAYIR,katilim_endeksleri_20251001_20260430.pdf
HUNER,2025-05-01,2025-09-30,HAYIR,katilim_endeksleri_20251001_20260430.pdf
HURGZ,2025-05-01,2025-09-30,HAYIR,katilim_endeksleri_20251001_20260430.pdf
HUZFA,2025-05-01,2025-09-30,HAYIR,katilim_endeksleri_20251001_20260430.pdf
HYB,2025-05-01,2025-09-30,HAYIR,katilim_endeksleri_20251001_20260430.pdf
IAZ,2025-05-01,2025-09-30,HAYIR,katilim_endeksleri_20251001_20260430.pdf
ICB,2025-05-01,2025-09-30,HAYIR,katilim_endeksleri_20251001_20260430.pdf
ICBCT,2025-05-01,2025-09-30,HAYIR,katilim_endeksleri_20251001_20260430.pdf
IDGYO,2025-05-01,2025-09-30,HAYIR,katilim_endeksleri_20251001_20260430.pdf
IEYHO,2025-05-01,2025-09-30,HAYIR,katilim_endeksleri_20251001_20260430.pdf
IHAAS,2025-05-01,2025-09-30,HAYIR,katilim_endeksleri_20251001_20260430.pdf
IHLGM,2025-05-01,2025-09-30,HAYIR,katilim_endeksleri_20251001_20260430.pdf
INDES,2025-05-01,2025-09-30,HAYIR,katilim_endeksleri_20251001_20260430.pdf
INFO,2025-05-01,2025-09-30,HAYIR,katilim_endeksleri_20251001_20260430.pdf
INTEK,2025-05-01,2025-09-30,HAYIR,katilim_endeksleri_20251001_20260430.pdf
INVAZ,2025-05-01,2025-09-30,HAYIR,katilim_endeksleri_20251001_20260430.pdf
INVEO,2025-05-01,2025-09-30,HAYIR,katilim_endeksleri_20251001_20260430.pdf
INVES,2025-05-01,2025-09-30,HAYIR,katilim_endeksleri_20251001_20260430.pdf
ISATR,2025-05-01,2025-09-30,HAYIR,katilim_endeksleri_20251001_20260430.pdf
ISBIR,2025-05-01,2025-09-30,HAYIR,katilim_endeksleri_20251001_20260430.pdf
ISBTR,2025-05-01,2025-09-30,HAYIR,katilim_endeksleri_20251001_20260430.pdf
ISCTR,2025-05-01,2025-09-30,HAYIR,katilim_endeksleri_20251001_20260430.pdf
ISFAK,2025-05-01,2025-09-30,HAYIR,katilim_endeksleri_20251001_20260430.pdf
ISFIN,2025-05-01,2025-09-30,HAYIR,katilim_endeksleri_20251001_20260430.pdf
ISGSY,2025-05-01,2025-09-30,HAYIR,katilim_endeksleri_20251001_20260430.pdf
ISGYO,2025-05-01,2025-09-30,HAYIR,katilim_endeksleri_20251001_20260430.pdf
ISKPL,2025-05-01,2025-09-30,HAYIR,katilim_endeksleri_20251001_20260430.pdf
ISKUR,2025-05-01,2025-09-30,HAYIR,katilim_endeksleri_20251001_20260430.pdf
ISMEN,2025-05-01,2025-09-30,HAYIR,katilim_endeksleri_20251001_20260430.pdf
ISTFK,2025-05-01,2025-09-30,HAYIR,katilim_endeksleri_20251001_20260430.pdf
ISTVY,2025-05-01,2025-09-30,HAYIR,katilim_endeksleri_20251001_20260430.pdf
ISVEA,2025-05-01,2025-09-30,HAYIR,katilim_endeksleri_20251001_20260430.pdf
ISYAT,2025-05-01,2025-09-30,HAYIR,katilim_endeksleri_20251001_20260430.pdf
IYF,2025-05-01,2025-09-30,HAYIR,katilim_endeksleri_20251001_20260430.pdf
IYM,2025-05-01,2025-09-30,HAYIR,katilim_endeksleri_20251001_20260430.pdf
IZENR,2025-05-01,2025-09-30,HAYIR,katilim_endeksleri_20251001_20260430.pdf
IZMDC,2025-05-01,2025-09-30,HAYIR,katilim_endeksleri_20251001_20260430.pdf
KAPLM,2025-05-01,2025-09-30,HAYIR,katilim_endeksleri_20251001_20260430.pdf
KARCL,2025-05-01,2025-09-30,HAYIR,katilim_endeksleri_20251001_20260430.pdf
KAREL,2025-05-01,2025-09-30,HAYIR,katilim_endeksleri_20251001_20260430.pdf
KARTN,2025-05-01,2025-09-30,HAYIR,katilim_endeksleri_20251001_20260430.pdf
KATVK,2025-05-01,2025-09-30,HAYIR,katilim_endeksleri_20251001_20260430.pdf
KAYSE,2025-05-01,2025-09-30,HAYIR,katilim_endeksleri_20251001_20260430.pdf
KBORU,2025-05-01,2025-09-30,HAYIR,katilim_endeksleri_20251001_20260430.pdf
KCHOL,2025-05-01,2025-09-30,HAYIR,katilim_endeksleri_20251001_20260430.pdf
KENT,2025-05-01,2025-09-30,HAYIR,katilim_endeksleri_20251001_20260430.pdf
KERVN,2025-05-01,2025-09-30,HAYIR,katilim_endeksleri_20251001_20260430.pdf
KFEIN,2025-05-01,2025-09-30,HAYIR,katilim_endeksleri_20251001_20260430.pdf
KFILO,2025-05-01,2025-09-30,HAYIR,katilim_endeksleri_20251001_20260430.pdf
KGYO,2025-05-01,2025-09-30,HAYIR,katilim_endeksleri_20251001_20260430.pdf
KLGYO,2025-05-01,2025-09-30,HAYIR,katilim_endeksleri_20251001_20260430.pdf
KLKIM,2025-05-01,2025-09-30,HAYIR,katilim_endeksleri_20251001_20260430.pdf
KLMSN,2025-05-01,2025-09-30,HAYIR,katilim_endeksleri_20251001_20260430.pdf
KLN,2025-05-01,2025-09-30,HAYIR,katilim_endeksleri_20251001_20260430.pdf
KLNMA,2025-05-01,2025-09-30,HAYIR,katilim_endeksleri_20251001_20260430.pdf
KLRHO,2025-05-01,2025-09-30,HAYIR,katilim_endeksleri_20251001_20260430.pdf
KLSER,2025-05-01,2025-09-30,HAYIR,katilim_endeksleri_20251001_20260430.pdf
KLVKS,2025-05-01,2025-09-30,HAYIR,katilim_endeksleri_20251001_20260430.pdf
KLYPV,2025-05-01,2025-09-30,HAYIR,katilim_endeksleri_20251001_20260430.pdf
KNTFA,2025-05-01,2025-09-30,HAYIR,katilim_endeksleri_20251001_20260430.pdf
KOCFN,2025-05-01,2025-09-30,HAYIR,katilim_endeksleri_20251001_20260430.pdf
KORDS,2025-05-01,2025-09-30,HAYIR,katilim_endeksleri_20251001_20260430.pdf
KORTS,2025-05-01,2025-09-30,HAYIR,katilim_endeksleri_20251001_20260430.pdf
KPTGY,2025-05-01,2025-09-30,HAYIR,katilim_endeksleri_20251001_20260430.pdf
KRTEK,2025-05-01,2025-09-30,HAYIR,katilim_endeksleri_20251001_20260430.pdf
KSFIN,2025-05-01,2025-09-30,HAYIR,katilim_endeksleri_20251001_20260430.pdf
KSTUR,2025-05-01,2025-09-30,HAYIR,katilim_endeksleri_20251001_20260430.pdf
KTKVK,2025-05-01,2025-09-30,HAYIR,katilim_endeksleri_20251001_20260430.pdf
KTSKR,2025-05-01,2025-09-30,HAYIR,katilim_endeksleri_20251001_20260430.pdf
KTSVK,2025-05-01,2025-09-30,HAYIR,katilim_endeksleri_20251001_20260430.pdf
KUVVA,2025-05-01,2025-09-30,HAYIR,katilim_endeksleri_20251001_20260430.pdf
KZGYO,2025-05-01,2025-09-30,HAYIR,katilim_endeksleri_20251001_20260430.pdf
LIDER,2025-05-01,2025-09-30,HAYIR,katilim_endeksleri_20251001_20260430.pdf
LIDFA,2025-05-01,2025-09-30,HAYIR,katilim_endeksleri_20251001_20260430.pdf
LILAK,2025-05-01,2025-09-30,HAYIR,katilim_endeksleri_20251001_20260430.pdf
LINK,2025-05-01,2025-09-30,HAYIR,katilim_endeksleri_20251001_20260430.pdf
LYDHO,2025-05-01,2025-09-30,HAYIR,katilim_endeksleri_20251001_20260430.pdf
LYDYE,2025-05-01,2025-09-30,HAYIR,katilim_endeksleri_20251001_20260430.pdf
MAALT,2025-05-01,2025-09-30,HAYIR,katilim_endeksleri_20251001_20260430.pdf
MACKO,2025-05-01,2025-09-30,HAYIR,katilim_endeksleri_20251001_20260430.pdf
MAGEN,2025-05-01,2025-09-30,HAYIR,katilim_endeksleri_20251001_20260430.pdf
MAKTK,2025-05-01,2025-09-30,HAYIR,katilim_endeksleri_20251001_20260430.pdf
MARMR,2025-05-01,2025-09-30,HAYIR,katilim_endeksleri_20251001_20260430.pdf
MARTI,2025-05-01,2025-09-30,HAYIR,katilim_endeksleri_20251001_20260430.pdf
MASFN,2025-05-01,2025-09-30,HAYIR,katilim_endeksleri_20251001_20260430.pdf
MBFTR,2025-05-01,2025-09-30,HAYIR,katilim_endeksleri_20251001_20260430.pdf
MDASM,2025-05-01,2025-09-30,HAYIR,katilim_endeksleri_20251001_20260430.pdf
MDIAZ,2025-05-01,2025-09-30,HAYIR,katilim_endeksleri_20251001_20260430.pdf
MDS,2025-05-01,2025-09-30,HAYIR,katilim_endeksleri_20251001_20260430.pdf
MEGAP,2025-05-01,2025-09-30,HAYIR,katilim_endeksleri_20251001_20260430.pdf
MEGMT,2025-05-01,2025-09-30,HAYIR,katilim_endeksleri_20251001_20260430.pdf
MEKMD,2025-05-01,2025-09-30,HAYIR,katilim_endeksleri_20251001_20260430.pdf
MEPET,2025-05-01,2025-09-30,HAYIR,katilim_endeksleri_20251001_20260430.pdf
MERIT,2025-05-01,2025-09-30,HAYIR,katilim_endeksleri_20251001_20260430.pdf
MERKO,2025-05-01,2025-09-30,HAYIR,katilim_endeksleri_20251001_20260430.pdf
METEN,2025-05-01,2025-09-30,HAYIR,katilim_endeksleri_20251001_20260430.pdf
METRO,2025-05-01,2025-09-30,HAYIR,katilim_endeksleri_20251001_20260430.pdf
MGROS,2025-05-01,2025-09-30,HAYIR,katilim_endeksleri_20251001_20260430.pdf
MHRGY,2025-05-01,2025-09-30,HAYIR,katilim_endeksleri_20251001_20260430.pdf
MIATK,2025-05-01,2025-09-30,HAYIR,katilim_endeksleri_20251001_20260430.pdf
MILKS,2025-05-01,2025-09-30,HAYIR,katilim_endeksleri_20251001_20260430.pdf
MINTF,2025-05-01,2025-09-30,HAYIR,katilim_endeksleri_20251001_20260430.pdf
MMCAS,2025-05-01,2025-09-30,HAYIR,katilim_endeksleri_20251001_20260430.pdf
MNGFA,2025-05-01,2025-09-30,HAYIR,katilim_endeksleri_20251001_20260430.pdf
MOGAN,2025-05-01,2025-09-30,HAYIR,katilim_endeksleri_20251001_20260430.pdf
MOPAS,2025-05-01,2025-09-30,HAYIR,katilim_endeksleri_20251001_20260430.pdf
MRBAS,2025-05-01,2025-09-30,HAYIR,katilim_endeksleri_20251001_20260430.pdf
MRBKF,2025-05-01,2025-09-30,HAYIR,katilim_endeksleri_20251001_20260430.pdf
MRGYO,2025-05-01,2025-09-30,HAYIR,katilim_endeksleri_20251001_20260430.pdf
MRMAG,2025-05-01,2025-09-30,HAYIR,katilim_endeksleri_20251001_20260430.pdf
MRS,2025-05-01,2025-09-30,HAYIR,katilim_endeksleri_20251001_20260430.pdf
MRSHL,2025-05-01,2025-09-30,HAYIR,katilim_endeksleri_20251001_20260430.pdf
MSA,2025-05-01,2025-09-30,HAYIR,katilim_endeksleri_20251001_20260430.pdf
MSGYO,2025-05-01,2025-09-30,HAYIR,katilim_endeksleri_20251001_20260430.pdf
MSY,2025-05-01,2025-09-30,HAYIR,katilim_endeksleri_20251001_20260430.pdf
MSYBN,2025-05-01,2025-09-30,HAYIR,katilim_endeksleri_20251001_20260430.pdf
MTRKS,2025-05-01,2025-09-30,HAYIR,katilim_endeksleri_20251001_20260430.pdf
MTRYO,2025-05-01,2025-09-30,HAYIR,katilim_endeksleri_20251001_20260430.pdf
MZHLD,2025-05-01,2025-09-30,HAYIR,katilim_endeksleri_20251001_20260430.pdf
NATEN,2025-05-01,2025-09-30,HAYIR,katilim_endeksleri_20251001_20260430.pdf
NETCD,2025-05-01,2025-09-30,HAYIR,katilim_endeksleri_20251001_20260430.pdf
NIBAS,2025-05-01,2025-09-30,HAYIR,katilim_endeksleri_20251001_20260430.pdf
NRBNK,2025-05-01,2025-09-30,HAYIR,katilim_endeksleri_20251001_20260430.pdf
NTHOL,2025-05-01,2025-09-30,HAYIR,katilim_endeksleri_20251001_20260430.pdf
NUGYO,2025-05-01,2025-09-30,HAYIR,katilim_endeksleri_20251001_20260430.pdf
NUHCM,2025-05-01,2025-09-30,HAYIR,katilim_endeksleri_20251001_20260430.pdf
NURVK,2025-05-01,2025-09-30,HAYIR,katilim_endeksleri_20251001_20260430.pdf
NYB,2025-05-01,2025-09-30,HAYIR,katilim_endeksleri_20251001_20260430.pdf
ODAS,2025-05-01,2025-09-30,HAYIR,katilim_endeksleri_20251001_20260430.pdf
ODINE,2025-05-01,2025-09-30,HAYIR,katilim_endeksleri_20251001_20260430.pdf
OFSYM,2025-05-01,2025-09-30,HAYIR,katilim_endeksleri_20251001_20260430.pdf
OMD,2025-05-01,2025-09-30,HAYIR,katilim_endeksleri_20251001_20260430.pdf
ONRYT,2025-05-01,2025-09-30,HAYIR,katilim_endeksleri_20251001_20260430.pdf
OPET,2025-05-01,2025-09-30,HAYIR,katilim_endeksleri_20251001_20260430.pdf
ORCAY,2025-05-01,2025-09-30,HAYIR,katilim_endeksleri_20251001_20260430.pdf
ORFIN,2025-05-01,2025-09-30,HAYIR,katilim_endeksleri_20251001_20260430.pdf
ORMA,2025-05-01,2025-09-30,HAYIR,katilim_endeksleri_20251001_20260430.pdf
ORZAX,2025-05-01,2025-09-30,HAYIR,katilim_endeksleri_20251001_20260430.pdf
OSMEN,2025-05-01,2025-09-30,HAYIR,katilim_endeksleri_20251001_20260430.pdf
OSVKS,2025-05-01,2025-09-30,HAYIR,katilim_endeksleri_20251001_20260430.pdf
OTKAR,2025-05-01,2025-09-30,HAYIR,katilim_endeksleri_20251001_20260430.pdf
OTOSR,2025-05-01,2025-09-30,HAYIR,katilim_endeksleri_20251001_20260430.pdf
OTTO,2025-05-01,2025-09-30,HAYIR,katilim_endeksleri_20251001_20260430.pdf
OYA,2025-05-01,2025-09-30,HAYIR,katilim_endeksleri_20251001_20260430.pdf
OYAKC,2025-05-01,2025-09-30,HAYIR,katilim_endeksleri_20251001_20260430.pdf
OYAYO,2025-05-01,2025-09-30,HAYIR,katilim_endeksleri_20251001_20260430.pdf
OYLUM,2025-05-01,2025-09-30,HAYIR,katilim_endeksleri_20251001_20260430.pdf
OYYAT,2025-05-01,2025-09-30,HAYIR,katilim_endeksleri_20251001_20260430.pdf
OZATD,2025-05-01,2025-09-30,HAYIR,katilim_endeksleri_20251001_20260430.pdf
OZGYO,2025-05-01,2025-09-30,HAYIR,katilim_endeksleri_20251001_20260430.pdf
OZKGY,2025-05-01,2025-09-30,HAYIR,katilim_endeksleri_20251001_20260430.pdf
PAGYO,2025-05-01,2025-09-30,HAYIR,katilim_endeksleri_20251001_20260430.pdf
PAHOL,2025-05-01,2025-09-30,HAYIR,katilim_endeksleri_20251001_20260430.pdf
PAMEL,2025-05-01,2025-09-30,HAYIR,katilim_endeksleri_20251001_20260430.pdf
PAPIL,2025-05-01,2025-09-30,HAYIR,katilim_endeksleri_20251001_20260430.pdf
PATEK,2025-05-01,2025-09-30,HAYIR,katilim_endeksleri_20251001_20260430.pdf
PBT,2025-05-01,2025-09-30,HAYIR,katilim_endeksleri_20251001_20260430.pdf
PBTR,2025-05-01,2025-09-30,HAYIR,katilim_endeksleri_20251001_20260430.pdf
PCILT,2025-05-01,2025-09-30,HAYIR,katilim_endeksleri_20251001_20260430.pdf
PEKGY,2025-05-01,2025-09-30,HAYIR,katilim_endeksleri_20251001_20260430.pdf
PGSUS,2025-05-01,2025-09-30,HAYIR,katilim_endeksleri_20251001_20260430.pdf
PINSU,2025-05-01,2025-09-30,HAYIR,katilim_endeksleri_20251001_20260430.pdf
PKENT,2025-05-01,2025-09-30,HAYIR,katilim_endeksleri_20251001_20260430.pdf
PNLSN,2025-05-01,2025-09-30,HAYIR,katilim_endeksleri_20251001_20260430.pdf
PNSUT,2025-05-01,2025-09-30,HAYIR,katilim_endeksleri_20251001_20260430.pdf
POLTK,2025-05-01,2025-09-30,HAYIR,katilim_endeksleri_20251001_20260430.pdf
PRDGS,2025-05-01,2025-09-30,HAYIR,katilim_endeksleri_20251001_20260430.pdf
PRFFK,2025-05-01,2025-09-30,HAYIR,katilim_endeksleri_20251001_20260430.pdf
PRKME,2025-05-01,2025-09-30,HAYIR,katilim_endeksleri_20251001_20260430.pdf
PRZMA,2025-05-01,2025-09-30,HAYIR,katilim_endeksleri_20251001_20260430.pdf
PSDTC,2025-05-01,2025-09-30,HAYIR,katilim_endeksleri_20251001_20260430.pdf
PSGYO,2025-05-01,2025-09-30,HAYIR,katilim_endeksleri_20251001_20260430.pdf
QNBFF,2025-05-01,2025-09-30,HAYIR,katilim_endeksleri_20251001_20260430.pdf
QNBFK,2025-05-01,2025-09-30,HAYIR,katilim_endeksleri_20251001_20260430.pdf
QNBTR,2025-05-01,2025-09-30,HAYIR,katilim_endeksleri_20251001_20260430.pdf
QNBVK,2025-05-01,2025-09-30,HAYIR,katilim_endeksleri_20251001_20260430.pdf
QUFIN,2025-05-01,2025-09-30,HAYIR,katilim_endeksleri_20251001_20260430.pdf
QUICK,2025-05-01,2025-09-30,HAYIR,katilim_endeksleri_20251001_20260430.pdf
QYATB,2025-05-01,2025-09-30,HAYIR,katilim_endeksleri_20251001_20260430.pdf
QYHOL,2025-05-01,2025-09-30,HAYIR,katilim_endeksleri_20251001_20260430.pdf
RAYSG,2025-05-01,2025-09-30,HAYIR,katilim_endeksleri_20251001_20260430.pdf
REEDR,2025-05-01,2025-09-30,HAYIR,katilim_endeksleri_20251001_20260430.pdf
RGYAS,2025-05-01,2025-09-30,HAYIR,katilim_endeksleri_20251001_20260430.pdf
RNPOL,2025-05-01,2025-09-30,HAYIR,katilim_endeksleri_20251001_20260430.pdf
RTALB,2025-05-01,2025-09-30,HAYIR,katilim_endeksleri_20251001_20260430.pdf
RUZYE,2025-05-01,2025-09-30,HAYIR,katilim_endeksleri_20251001_20260430.pdf
RYGYO,2025-05-01,2025-09-30,HAYIR,katilim_endeksleri_20251001_20260430.pdf
RYSAS,2025-05-01,2025-09-30,HAYIR,katilim_endeksleri_20251001_20260430.pdf
SAHOL,2025-05-01,2025-09-30,HAYIR,katilim_endeksleri_20251001_20260430.pdf
SANEL,2025-05-01,2025-09-30,HAYIR,katilim_endeksleri_20251001_20260430.pdf
SANFM,2025-05-01,2025-09-30,HAYIR,katilim_endeksleri_20251001_20260430.pdf
SARAE,2025-05-01,2025-09-30,HAYIR,katilim_endeksleri_20251001_20260430.pdf
SARKY,2025-05-01,2025-09-30,HAYIR,katilim_endeksleri_20251001_20260430.pdf
SARTN,2025-05-01,2025-09-30,HAYIR,katilim_endeksleri_20251001_20260430.pdf
SASA,2025-05-01,2025-09-30,HAYIR,katilim_endeksleri_20251001_20260430.pdf
SDTTR,2025-05-01,2025-09-30,HAYIR,katilim_endeksleri_20251001_20260430.pdf
SEGMN,2025-05-01,2025-09-30,HAYIR,katilim_endeksleri_20251001_20260430.pdf
SEGYO,2025-05-01,2025-09-30,HAYIR,katilim_endeksleri_20251001_20260430.pdf
SEK,2025-05-01,2025-09-30,HAYIR,katilim_endeksleri_20251001_20260430.pdf
SEKFK,2025-05-01,2025-09-30,HAYIR,katilim_endeksleri_20251001_20260430.pdf
SERNT,2025-05-01,2025-09-30,HAYIR,katilim_endeksleri_20251001_20260430.pdf
SEYKM,2025-05-01,2025-09-30,HAYIR,katilim_endeksleri_20251001_20260430.pdf
SISE,2025-05-01,2025-09-30,HAYIR,katilim_endeksleri_20251001_20260430.pdf
SKBNK,2025-05-01,2025-09-30,HAYIR,katilim_endeksleri_20251001_20260430.pdf
SKTAS,2025-05-01,2025-09-30,HAYIR,katilim_endeksleri_20251001_20260430.pdf
SKY,2025-05-01,2025-09-30,HAYIR,katilim_endeksleri_20251001_20260430.pdf
SKYLP,2025-05-01,2025-09-30,HAYIR,katilim_endeksleri_20251001_20260430.pdf
SKYMD,2025-05-01,2025-09-30,HAYIR,katilim_endeksleri_20251001_20260430.pdf
SMRFA,2025-05-01,2025-09-30,HAYIR,katilim_endeksleri_20251001_20260430.pdf
SMRVA,2025-05-01,2025-09-30,HAYIR,katilim_endeksleri_20251001_20260430.pdf
SNPAM,2025-05-01,2025-09-30,HAYIR,katilim_endeksleri_20251001_20260430.pdf
SODSN,2025-05-01,2025-09-30,HAYIR,katilim_endeksleri_20251001_20260430.pdf
SOKM,2025-05-01,2025-09-30,HAYIR,katilim_endeksleri_20251001_20260430.pdf
SONME,2025-05-01,2025-09-30,HAYIR,katilim_endeksleri_20251001_20260430.pdf
SUMAS,2025-05-01,2025-09-30,HAYIR,katilim_endeksleri_20251001_20260430.pdf
SURGY,2025-05-01,2025-09-30,HAYIR,katilim_endeksleri_20251001_20260430.pdf
SVGYO,2025-05-01,2025-09-30,HAYIR,katilim_endeksleri_20251001_20260430.pdf
TABGD,2025-05-01,2025-09-30,HAYIR,katilim_endeksleri_20251001_20260430.pdf
TAC,2025-05-01,2025-09-30,HAYIR,katilim_endeksleri_20251001_20260430.pdf
TAE,2025-05-01,2025-09-30,HAYIR,katilim_endeksleri_20251001_20260430.pdf
TAMFA,2025-05-01,2025-09-30,HAYIR,katilim_endeksleri_20251001_20260430.pdf
TARFN,2025-05-01,2025-09-30,HAYIR,katilim_endeksleri_20251001_20260430.pdf
TARKM,2025-05-01,2025-09-30,HAYIR,katilim_endeksleri_20251001_20260430.pdf
TATEN,2025-05-01,2025-09-30,HAYIR,katilim_endeksleri_20251001_20260430.pdf
TATGD,2025-05-01,2025-09-30,HAYIR,katilim_endeksleri_20251001_20260430.pdf
TAVHL,2025-05-01,2025-09-30,HAYIR,katilim_endeksleri_20251001_20260430.pdf
TBORG,2025-05-01,2025-09-30,HAYIR,katilim_endeksleri_20251001_20260430.pdf
TCELL,2025-05-01,2025-09-30,HAYIR,katilim_endeksleri_20251001_20260430.pdf
TCKRC,2025-05-01,2025-09-30,HAYIR,katilim_endeksleri_20251001_20260430.pdf
TCRYT,2025-05-01,2025-09-30,HAYIR,katilim_endeksleri_20251001_20260430.pdf
TEBFA,2025-05-01,2025-09-30,HAYIR,katilim_endeksleri_20251001_20260430.pdf
TEKTU,2025-05-01,2025-09-30,HAYIR,katilim_endeksleri_20251001_20260430.pdf
TERA,2025-05-01,2025-09-30,HAYIR,katilim_endeksleri_20251001_20260430.pdf
TEVKS,2025-05-01,2025-09-30,HAYIR,katilim_endeksleri_20251001_20260430.pdf
TFNVK,2025-05-01,2025-09-30,HAYIR,katilim_endeksleri_20251001_20260430.pdf
TGB,2025-05-01,2025-09-30,HAYIR,katilim_endeksleri_20251001_20260430.pdf
TGSAS,2025-05-01,2025-09-30,HAYIR,katilim_endeksleri_20251001_20260430.pdf
THL,2025-05-01,2025-09-30,HAYIR,katilim_endeksleri_20251001_20260430.pdf
THR,2025-05-01,2025-09-30,HAYIR,katilim_endeksleri_20251001_20260430.pdf
THYAO,2025-05-01,2025-09-30,HAYIR,katilim_endeksleri_20251001_20260430.pdf
TIB,2025-05-01,2025-09-30,HAYIR,katilim_endeksleri_20251001_20260430.pdf
TIMUR,2025-05-01,2025-09-30,HAYIR,katilim_endeksleri_20251001_20260430.pdf
TKNSA,2025-05-01,2025-09-30,HAYIR,katilim_endeksleri_20251001_20260430.pdf
TLMAN,2025-05-01,2025-09-30,HAYIR,katilim_endeksleri_20251001_20260430.pdf
TMPOL,2025-05-01,2025-09-30,HAYIR,katilim_endeksleri_20251001_20260430.pdf
TOASO,2025-05-01,2025-09-30,HAYIR,katilim_endeksleri_20251001_20260430.pdf
TRA,2025-05-01,2025-09-30,HAYIR,katilim_endeksleri_20251001_20260430.pdf
TRALT,2025-05-01,2025-09-30,HAYIR,katilim_endeksleri_20251001_20260430.pdf
TRBNK,2025-05-01,2025-09-30,HAYIR,katilim_endeksleri_20251001_20260430.pdf
TRCAS,2025-05-01,2025-09-30,HAYIR,katilim_endeksleri_20251001_20260430.pdf
TRENJ,2025-05-01,2025-09-30,HAYIR,katilim_endeksleri_20251001_20260430.pdf
TRFFA,2025-05-01,2025-09-30,HAYIR,katilim_endeksleri_20251001_20260430.pdf
TRGYO,2025-05-01,2025-09-30,HAYIR,katilim_endeksleri_20251001_20260430.pdf
TRILC,2025-05-01,2025-09-30,HAYIR,katilim_endeksleri_20251001_20260430.pdf
TRKFN,2025-05-01,2025-09-30,HAYIR,katilim_endeksleri_20251001_20260430.pdf
TRKNT,2025-05-01,2025-09-30,HAYIR,katilim_endeksleri_20251001_20260430.pdf
TRMEN,2025-05-01,2025-09-30,HAYIR,katilim_endeksleri_20251001_20260430.pdf
TRMET,2025-05-01,2025-09-30,HAYIR,katilim_endeksleri_20251001_20260430.pdf
TRYKI,2025-05-01,2025-09-30,HAYIR,katilim_endeksleri_20251001_20260430.pdf
TSGYO,2025-05-01,2025-09-30,HAYIR,katilim_endeksleri_20251001_20260430.pdf
TSK,2025-05-01,2025-09-30,HAYIR,katilim_endeksleri_20251001_20260430.pdf
TSKB,2025-05-01,2025-09-30,HAYIR,katilim_endeksleri_20251001_20260430.pdf
TSPOR,2025-05-01,2025-09-30,HAYIR,katilim_endeksleri_20251001_20260430.pdf
TTKOM,2025-05-01,2025-09-30,HAYIR,katilim_endeksleri_20251001_20260430.pdf
TTRAK,2025-05-01,2025-09-30,HAYIR,katilim_endeksleri_20251001_20260430.pdf
TURSG,2025-05-01,2025-09-30,HAYIR,katilim_endeksleri_20251001_20260430.pdf
TV8TV,2025-05-01,2025-09-30,HAYIR,katilim_endeksleri_20251001_20260430.pdf
TVB,2025-05-01,2025-09-30,HAYIR,katilim_endeksleri_20251001_20260430.pdf
TVM,2025-05-01,2025-09-30,HAYIR,katilim_endeksleri_20251001_20260430.pdf
UFUK,2025-05-01,2025-09-30,HAYIR,katilim_endeksleri_20251001_20260430.pdf
ULAS,2025-05-01,2025-09-30,HAYIR,katilim_endeksleri_20251001_20260430.pdf
ULKER,2025-05-01,2025-09-30,HAYIR,katilim_endeksleri_20251001_20260430.pdf
ULUFA,2025-05-01,2025-09-30,HAYIR,katilim_endeksleri_20251001_20260430.pdf
ULUUN,2025-05-01,2025-09-30,HAYIR,katilim_endeksleri_20251001_20260430.pdf
UMPAS,2025-05-01,2025-09-30,HAYIR,katilim_endeksleri_20251001_20260430.pdf
UNLU,2025-05-01,2025-09-30,HAYIR,katilim_endeksleri_20251001_20260430.pdf
VAKBN,2025-05-01,2025-09-30,HAYIR,katilim_endeksleri_20251001_20260430.pdf
VAKFA,2025-05-01,2025-09-30,HAYIR,katilim_endeksleri_20251001_20260430.pdf
VAKFN,2025-05-01,2025-09-30,HAYIR,katilim_endeksleri_20251001_20260430.pdf
VAKVK,2025-05-01,2025-09-30,HAYIR,katilim_endeksleri_20251001_20260430.pdf
VBTYZ,2025-05-01,2025-09-30,HAYIR,katilim_endeksleri_20251001_20260430.pdf
VDFAS,2025-05-01,2025-09-30,HAYIR,katilim_endeksleri_20251001_20260430.pdf
VDFLO,2025-05-01,2025-09-30,HAYIR,katilim_endeksleri_20251001_20260430.pdf
VERTU,2025-05-01,2025-09-30,HAYIR,katilim_endeksleri_20251001_20260430.pdf
VERUS,2025-05-01,2025-09-30,HAYIR,katilim_endeksleri_20251001_20260430.pdf
VKFYO,2025-05-01,2025-09-30,HAYIR,katilim_endeksleri_20251001_20260430.pdf
VKGYO,2025-05-01,2025-09-30,HAYIR,katilim_endeksleri_20251001_20260430.pdf
VKING,2025-05-01,2025-09-30,HAYIR,katilim_endeksleri_20251001_20260430.pdf
VRGYO,2025-05-01,2025-09-30,HAYIR,katilim_endeksleri_20251001_20260430.pdf
YAPRK,2025-05-01,2025-09-30,HAYIR,katilim_endeksleri_20251001_20260430.pdf
YATVK,2025-05-01,2025-09-30,HAYIR,katilim_endeksleri_20251001_20260430.pdf
YAYLA,2025-05-01,2025-09-30,HAYIR,katilim_endeksleri_20251001_20260430.pdf
YBQ,2025-05-01,2025-09-30,HAYIR,katilim_endeksleri_20251001_20260430.pdf
YBTAS,2025-05-01,2025-09-30,HAYIR,katilim_endeksleri_20251001_20260430.pdf
YESIL,2025-05-01,2025-09-30,HAYIR,katilim_endeksleri_20251001_20260430.pdf
YGGYO,2025-05-01,2025-09-30,HAYIR,katilim_endeksleri_20251001_20260430.pdf
YIGIT,2025-05-01,2025-09-30,HAYIR,katilim_endeksleri_20251001_20260430.pdf
YKB,2025-05-01,2025-09-30,HAYIR,katilim_endeksleri_20251001_20260430.pdf
YKBNK,2025-05-01,2025-09-30,HAYIR,katilim_endeksleri_20251001_20260430.pdf
YKFIN,2025-05-01,2025-09-30,HAYIR,katilim_endeksleri_20251001_20260430.pdf
YKFKT,2025-05-01,2025-09-30,HAYIR,katilim_endeksleri_20251001_20260430.pdf
YKR,2025-05-01,2025-09-30,HAYIR,katilim_endeksleri_20251001_20260430.pdf
YKSLN,2025-05-01,2025-09-30,HAYIR,katilim_endeksleri_20251001_20260430.pdf
YKYAT,2025-05-01,2025-09-30,HAYIR,katilim_endeksleri_20251001_20260430.pdf
YONGA,2025-05-01,2025-09-30,HAYIR,katilim_endeksleri_20251001_20260430.pdf
YYAPI,2025-05-01,2025-09-30,HAYIR,katilim_endeksleri_20251001_20260430.pdf
YYLGD,2025-05-01,2025-09-30,HAYIR,katilim_endeksleri_20251001_20260430.pdf
ZGYO,2025-05-01,2025-09-30,HAYIR,katilim_endeksleri_20251001_20260430.pdf
ZKBVK,2025-05-01,2025-09-30,HAYIR,katilim_endeksleri_20251001_20260430.pdf
ZKBVR,2025-05-01,2025-09-30,HAYIR,katilim_endeksleri_20251001_20260430.pdf
ZOREN,2025-05-01,2025-09-30,HAYIR,katilim_endeksleri_20251001_20260430.pdf
ZRGYO,2025-05-01,2025-09-30,HAYIR,katilim_endeksleri_20251001_20260430.pdf
AAGYO,2025-10-01,2026-04-30,EVET,katilim_endeksleri_20260501_20260930.pdf
ACSEL,2025-10-01,2026-04-30,EVET,katilim_endeksleri_20260501_20260930.pdf
AHGAZ,2025-10-01,2026-04-30,EVET,katilim_endeksleri_20260501_20260930.pdf
AHSGY,2025-10-01,2026-04-30,EVET,katilim_endeksleri_20260501_20260930.pdf
AKFYE,2025-10-01,2026-04-30,EVET,katilim_endeksleri_20260501_20260930.pdf
AKHAN,2025-10-01,2026-04-30,EVET,katilim_endeksleri_20260501_20260930.pdf
AKSA,2025-10-01,2026-04-30,EVET,katilim_endeksleri_20260501_20260930.pdf
AKYHO,2025-10-01,2026-04-30,EVET,katilim_endeksleri_20260501_20260930.pdf
ALBRK,2025-10-01,2026-04-30,EVET,katilim_endeksleri_20260501_20260930.pdf
ALBTN,2025-10-01,2026-04-30,EVET,katilim_endeksleri_20260501_20260930.pdf
ALCTL,2025-10-01,2026-04-30,EVET,katilim_endeksleri_20260501_20260930.pdf
ALK,2025-10-01,2026-04-30,EVET,katilim_endeksleri_20260501_20260930.pdf
ALKA,2025-10-01,2026-04-30,EVET,katilim_endeksleri_20260501_20260930.pdf
ALKIM,2025-10-01,2026-04-30,EVET,katilim_endeksleri_20260501_20260930.pdf
ALKLC,2025-10-01,2026-04-30,EVET,katilim_endeksleri_20260501_20260930.pdf
ALTNY,2025-10-01,2026-04-30,EVET,katilim_endeksleri_20260501_20260930.pdf
ALVES,2025-10-01,2026-04-30,EVET,katilim_endeksleri_20260501_20260930.pdf
ANGEN,2025-10-01,2026-04-30,EVET,katilim_endeksleri_20260501_20260930.pdf
ARASE,2025-10-01,2026-04-30,EVET,katilim_endeksleri_20260501_20260930.pdf
ARDYZ,2025-10-01,2026-04-30,EVET,katilim_endeksleri_20260501_20260930.pdf
ARFYE,2025-10-01,2026-04-30,EVET,katilim_endeksleri_20260501_20260930.pdf
ASELS,2025-10-01,2026-04-30,EVET,katilim_endeksleri_20260501_20260930.pdf
ATAKP,2025-10-01,2026-04-30,EVET,katilim_endeksleri_20260501_20260930.pdf
ATATP,2025-10-01,2026-04-30,EVET,katilim_endeksleri_20260501_20260930.pdf
AVPGY,2025-10-01,2026-04-30,EVET,katilim_endeksleri_20260501_20260930.pdf
AYEN,2025-10-01,2026-04-30,EVET,katilim_endeksleri_20260501_20260930.pdf
BAHKM,2025-10-01,2026-04-30,EVET,katilim_endeksleri_20260501_20260930.pdf
BAKAB,2025-10-01,2026-04-30,EVET,katilim_endeksleri_20260501_20260930.pdf
BANVT,2025-10-01,2026-04-30,EVET,katilim_endeksleri_20260501_20260930.pdf
BASGZ,2025-10-01,2026-04-30,EVET,katilim_endeksleri_20260501_20260930.pdf
BEGYO,2025-10-01,2026-04-30,EVET,katilim_endeksleri_20260501_20260930.pdf
BERA,2025-10-01,2026-04-30,EVET,katilim_endeksleri_20260501_20260930.pdf
BESTE,2025-10-01,2026-04-30,EVET,katilim_endeksleri_20260501_20260930.pdf
BETAE,2025-10-01,2026-04-30,EVET,katilim_endeksleri_20260501_20260930.pdf
BIENY,2025-10-01,2026-04-30,EVET,katilim_endeksleri_20260501_20260930.pdf
BIMAS,2025-10-01,2026-04-30,EVET,katilim_endeksleri_20260501_20260930.pdf
BINBN,2025-10-01,2026-04-30,EVET,katilim_endeksleri_20260501_20260930.pdf
BINHO,2025-10-01,2026-04-30,EVET,katilim_endeksleri_20260501_20260930.pdf
BMSTL,2025-10-01,2026-04-30,EVET,katilim_endeksleri_20260501_20260930.pdf
BNTAS,2025-10-01,2026-04-30,EVET,katilim_endeksleri_20260501_20260930.pdf
BORSK,2025-10-01,2026-04-30,EVET,katilim_endeksleri_20260501_20260930.pdf
BOSSA,2025-10-01,2026-04-30,EVET,katilim_endeksleri_20260501_20260930.pdf
BRISA,2025-10-01,2026-04-30,EVET,katilim_endeksleri_20260501_20260930.pdf
BRKSN,2025-10-01,2026-04-30,EVET,katilim_endeksleri_20260501_20260930.pdf
BRLSM,2025-10-01,2026-04-30,EVET,katilim_endeksleri_20260501_20260930.pdf
BSOKE,2025-10-01,2026-04-30,EVET,katilim_endeksleri_20260501_20260930.pdf
BURCE,2025-10-01,2026-04-30,EVET,katilim_endeksleri_20260501_20260930.pdf
BURVA,2025-10-01,2026-04-30,EVET,katilim_endeksleri_20260501_20260930.pdf
CANTE,2025-10-01,2026-04-30,EVET,katilim_endeksleri_20260501_20260930.pdf
CATES,2025-10-01,2026-04-30,EVET,katilim_endeksleri_20260501_20260930.pdf
CELHA,2025-10-01,2026-04-30,EVET,katilim_endeksleri_20260501_20260930.pdf
CEMTS,2025-10-01,2026-04-30,EVET,katilim_endeksleri_20260501_20260930.pdf
CEMZY,2025-10-01,2026-04-30,EVET,katilim_endeksleri_20260501_20260930.pdf
CIMSA,2025-10-01,2026-04-30,EVET,katilim_endeksleri_20260501_20260930.pdf
CMBTN,2025-10-01,2026-04-30,EVET,katilim_endeksleri_20260501_20260930.pdf
COSMO,2025-10-01,2026-04-30,EVET,katilim_endeksleri_20260501_20260930.pdf
CVKMD,2025-10-01,2026-04-30,EVET,katilim_endeksleri_20260501_20260930.pdf
CWENE,2025-10-01,2026-04-30,EVET,katilim_endeksleri_20260501_20260930.pdf
DAPGM,2025-10-01,2026-04-30,EVET,katilim_endeksleri_20260501_20260930.pdf
DARDL,2025-10-01,2026-04-30,EVET,katilim_endeksleri_20260501_20260930.pdf
DCTTR,2025-10-01,2026-04-30,EVET,katilim_endeksleri_20260501_20260930.pdf
DENGE,2025-10-01,2026-04-30,EVET,katilim_endeksleri_20260501_20260930.pdf
DESPC,2025-10-01,2026-04-30,EVET,katilim_endeksleri_20260501_20260930.pdf
DGATE,2025-10-01,2026-04-30,EVET,katilim_endeksleri_20260501_20260930.pdf
DGNMO,2025-10-01,2026-04-30,EVET,katilim_endeksleri_20260501_20260930.pdf
DMSAS,2025-10-01,2026-04-30,EVET,katilim_endeksleri_20260501_20260930.pdf
DOFER,2025-10-01,2026-04-30,EVET,katilim_endeksleri_20260501_20260930.pdf
DOFRB,2025-10-01,2026-04-30,EVET,katilim_endeksleri_20260501_20260930.pdf
DOGUB,2025-10-01,2026-04-30,EVET,katilim_endeksleri_20260501_20260930.pdf
DYOBY,2025-10-01,2026-04-30,EVET,katilim_endeksleri_20260501_20260930.pdf
EBEBK,2025-10-01,2026-04-30,EVET,katilim_endeksleri_20260501_20260930.pdf
EDATA,2025-10-01,2026-04-30,EVET,katilim_endeksleri_20260501_20260930.pdf
EDIP,2025-10-01,2026-04-30,EVET,katilim_endeksleri_20260501_20260930.pdf
EFOR,2025-10-01,2026-04-30,EVET,katilim_endeksleri_20260501_20260930.pdf
EGEPO,2025-10-01,2026-04-30,EVET,katilim_endeksleri_20260501_20260930.pdf
EGGUB,2025-10-01,2026-04-30,EVET,katilim_endeksleri_20260501_20260930.pdf
EGPRO,2025-10-01,2026-04-30,EVET,katilim_endeksleri_20260501_20260930.pdf
EKGYO,2025-10-01,2026-04-30,EVET,katilim_endeksleri_20260501_20260930.pdf
EKSUN,2025-10-01,2026-04-30,EVET,katilim_endeksleri_20260501_20260930.pdf
ELITE,2025-10-01,2026-04-30,EVET,katilim_endeksleri_20260501_20260930.pdf
EMPAE,2025-10-01,2026-04-30,EVET,katilim_endeksleri_20260501_20260930.pdf
ENJSA,2025-10-01,2026-04-30,EVET,katilim_endeksleri_20260501_20260930.pdf
EREGL,2025-10-01,2026-04-30,EVET,katilim_endeksleri_20260501_20260930.pdf
ESCOM,2025-10-01,2026-04-30,EVET,katilim_endeksleri_20260501_20260930.pdf
EUPWR,2025-10-01,2026-04-30,EVET,katilim_endeksleri_20260501_20260930.pdf
EYGYO,2025-10-01,2026-04-30,EVET,katilim_endeksleri_20260501_20260930.pdf
FADE,2025-10-01,2026-04-30,EVET,katilim_endeksleri_20260501_20260930.pdf
FONET,2025-10-01,2026-04-30,EVET,katilim_endeksleri_20260501_20260930.pdf
FORMT,2025-10-01,2026-04-30,EVET,katilim_endeksleri_20260501_20260930.pdf
FORTE,2025-10-01,2026-04-30,EVET,katilim_endeksleri_20260501_20260930.pdf
FRMPL,2025-10-01,2026-04-30,EVET,katilim_endeksleri_20260501_20260930.pdf
FZLGY,2025-10-01,2026-04-30,EVET,katilim_endeksleri_20260501_20260930.pdf
GEDZA,2025-10-01,2026-04-30,EVET,katilim_endeksleri_20260501_20260930.pdf
GENIL,2025-10-01,2026-04-30,EVET,katilim_endeksleri_20260501_20260930.pdf
GENKM,2025-10-01,2026-04-30,EVET,katilim_endeksleri_20260501_20260930.pdf
GENTS,2025-10-01,2026-04-30,EVET,katilim_endeksleri_20260501_20260930.pdf
GEREL,2025-10-01,2026-04-30,EVET,katilim_endeksleri_20260501_20260930.pdf
GESAN,2025-10-01,2026-04-30,EVET,katilim_endeksleri_20260501_20260930.pdf
GLRMK,2025-10-01,2026-04-30,EVET,katilim_endeksleri_20260501_20260930.pdf
GOKNR,2025-10-01,2026-04-30,EVET,katilim_endeksleri_20260501_20260930.pdf
GOLDA,2025-10-01,2026-04-30,EVET,katilim_endeksleri_20260501_20260930.pdf
GOLTS,2025-10-01,2026-04-30,EVET,katilim_endeksleri_20260501_20260930.pdf
GOODY,2025-10-01,2026-04-30,EVET,katilim_endeksleri_20260501_20260930.pdf
GRSEL,2025-10-01,2026-04-30,EVET,katilim_endeksleri_20260501_20260930.pdf
GRTHO,2025-10-01,2026-04-30,EVET,katilim_endeksleri_20260501_20260930.pdf
GUBRF,2025-10-01,2026-04-30,EVET,katilim_endeksleri_20260501_20260930.pdf
GUNDG,2025-10-01,2026-04-30,EVET,katilim_endeksleri_20260501_20260930.pdf
HATSN,2025-10-01,2026-04-30,EVET,katilim_endeksleri_20260501_20260930.pdf
HKTM,2025-10-01,2026-04-30,EVET,katilim_endeksleri_20260501_20260930.pdf
HOROZ,2025-10-01,2026-04-30,EVET,katilim_endeksleri_20260501_20260930.pdf
HRKET,2025-10-01,2026-04-30,EVET,katilim_endeksleri_20260501_20260930.pdf
IDGYO,2025-10-01,2026-04-30,EVET,katilim_endeksleri_20260501_20260930.pdf
IHEVA,2025-10-01,2026-04-30,EVET,katilim_endeksleri_20260501_20260930.pdf
IHLAS,2025-10-01,2026-04-30,EVET,katilim_endeksleri_20260501_20260930.pdf
IHLGM,2025-10-01,2026-04-30,EVET,katilim_endeksleri_20260501_20260930.pdf
IHYAY,2025-10-01,2026-04-30,EVET,katilim_endeksleri_20260501_20260930.pdf
IMASM,2025-10-01,2026-04-30,EVET,katilim_endeksleri_20260501_20260930.pdf
INTEM,2025-10-01,2026-04-30,EVET,katilim_endeksleri_20260501_20260930.pdf
ISDMR,2025-10-01,2026-04-30,EVET,katilim_endeksleri_20260501_20260930.pdf
ISSEN,2025-10-01,2026-04-30,EVET,katilim_endeksleri_20260501_20260930.pdf
IZFAS,2025-10-01,2026-04-30,EVET,katilim_endeksleri_20260501_20260930.pdf
IZINV,2025-10-01,2026-04-30,EVET,katilim_endeksleri_20260501_20260930.pdf
JANTS,2025-10-01,2026-04-30,EVET,katilim_endeksleri_20260501_20260930.pdf
KARSN,2025-10-01,2026-04-30,EVET,katilim_endeksleri_20260501_20260930.pdf
KATMR,2025-10-01,2026-04-30,EVET,katilim_endeksleri_20260501_20260930.pdf
KBORU,2025-10-01,2026-04-30,EVET,katilim_endeksleri_20260501_20260930.pdf
KCAER,2025-10-01,2026-04-30,EVET,katilim_endeksleri_20260501_20260930.pdf
KIMMR,2025-10-01,2026-04-30,EVET,katilim_endeksleri_20260501_20260930.pdf
KLSYN,2025-10-01,2026-04-30,EVET,katilim_endeksleri_20260501_20260930.pdf
KNFRT,2025-10-01,2026-04-30,EVET,katilim_endeksleri_20260501_20260930.pdf
KOCMT,2025-10-01,2026-04-30,EVET,katilim_endeksleri_20260501_20260930.pdf
KONKA,2025-10-01,2026-04-30,EVET,katilim_endeksleri_20260501_20260930.pdf
KONTR,2025-10-01,2026-04-30,EVET,katilim_endeksleri_20260501_20260930.pdf
KONYA,2025-10-01,2026-04-30,EVET,katilim_endeksleri_20260501_20260930.pdf
KOPOL,2025-10-01,2026-04-30,EVET,katilim_endeksleri_20260501_20260930.pdf
KOTON,2025-10-01,2026-04-30,EVET,katilim_endeksleri_20260501_20260930.pdf
KRDMA,2025-10-01,2026-04-30,EVET,katilim_endeksleri_20260501_20260930.pdf
KRDMB,2025-10-01,2026-04-30,EVET,katilim_endeksleri_20260501_20260930.pdf
KRDMD,2025-10-01,2026-04-30,EVET,katilim_endeksleri_20260501_20260930.pdf
KRGYO,2025-10-01,2026-04-30,EVET,katilim_endeksleri_20260501_20260930.pdf
KRONT,2025-10-01,2026-04-30,EVET,katilim_endeksleri_20260501_20260930.pdf
KRPLS,2025-10-01,2026-04-30,EVET,katilim_endeksleri_20260501_20260930.pdf
KRSTL,2025-10-01,2026-04-30,EVET,katilim_endeksleri_20260501_20260930.pdf
KRVGD,2025-10-01,2026-04-30,EVET,katilim_endeksleri_20260501_20260930.pdf
KTLEV,2025-10-01,2026-04-30,EVET,katilim_endeksleri_20260501_20260930.pdf
KUTPO,2025-10-01,2026-04-30,EVET,katilim_endeksleri_20260501_20260930.pdf
KUYAS,2025-10-01,2026-04-30,EVET,katilim_endeksleri_20260501_20260930.pdf
KZBGY,2025-10-01,2026-04-30,EVET,katilim_endeksleri_20260501_20260930.pdf
LKMNH,2025-10-01,2026-04-30,EVET,katilim_endeksleri_20260501_20260930.pdf
LMKDC,2025-10-01,2026-04-30,EVET,katilim_endeksleri_20260501_20260930.pdf
LOGO,2025-10-01,2026-04-30,EVET,katilim_endeksleri_20260501_20260930.pdf
LXGYO,2025-10-01,2026-04-30,EVET,katilim_endeksleri_20260501_20260930.pdf
MAGEN,2025-10-01,2026-04-30,EVET,katilim_endeksleri_20260501_20260930.pdf
MAKIM,2025-10-01,2026-04-30,EVET,katilim_endeksleri_20260501_20260930.pdf
MARBL,2025-10-01,2026-04-30,EVET,katilim_endeksleri_20260501_20260930.pdf
MAVI,2025-10-01,2026-04-30,EVET,katilim_endeksleri_20260501_20260930.pdf
MCARD,2025-10-01,2026-04-30,EVET,katilim_endeksleri_20260501_20260930.pdf
MEDTR,2025-10-01,2026-04-30,EVET,katilim_endeksleri_20260501_20260930.pdf
MEKAG,2025-10-01,2026-04-30,EVET,katilim_endeksleri_20260501_20260930.pdf
MERCN,2025-10-01,2026-04-30,EVET,katilim_endeksleri_20260501_20260930.pdf
MEYSU,2025-10-01,2026-04-30,EVET,katilim_endeksleri_20260501_20260930.pdf
MNDRS,2025-10-01,2026-04-30,EVET,katilim_endeksleri_20260501_20260930.pdf
MNDTR,2025-10-01,2026-04-30,EVET,katilim_endeksleri_20260501_20260930.pdf
MOBTL,2025-10-01,2026-04-30,EVET,katilim_endeksleri_20260501_20260930.pdf
MPARK,2025-10-01,2026-04-30,EVET,katilim_endeksleri_20260501_20260930.pdf
NETAS,2025-10-01,2026-04-30,EVET,katilim_endeksleri_20260501_20260930.pdf
NTGAZ,2025-10-01,2026-04-30,EVET,katilim_endeksleri_20260501_20260930.pdf
OBAMS,2025-10-01,2026-04-30,EVET,katilim_endeksleri_20260501_20260930.pdf
OBASE,2025-10-01,2026-04-30,EVET,katilim_endeksleri_20260501_20260930.pdf
OFSYM,2025-10-01,2026-04-30,EVET,katilim_endeksleri_20260501_20260930.pdf
ONCSM,2025-10-01,2026-04-30,EVET,katilim_endeksleri_20260501_20260930.pdf
ORGE,2025-10-01,2026-04-30,EVET,katilim_endeksleri_20260501_20260930.pdf
OSTIM,2025-10-01,2026-04-30,EVET,katilim_endeksleri_20260501_20260930.pdf
OZRDN,2025-10-01,2026-04-30,EVET,katilim_endeksleri_20260501_20260930.pdf
OZYSR,2025-10-01,2026-04-30,EVET,katilim_endeksleri_20260501_20260930.pdf
PAGYO,2025-10-01,2026-04-30,EVET,katilim_endeksleri_20260501_20260930.pdf
PARSN,2025-10-01,2026-04-30,EVET,katilim_endeksleri_20260501_20260930.pdf
PASEU,2025-10-01,2026-04-30,EVET,katilim_endeksleri_20260501_20260930.pdf
PENGD,2025-10-01,2026-04-30,EVET,katilim_endeksleri_20260501_20260930.pdf
PENTA,2025-10-01,2026-04-30,EVET,katilim_endeksleri_20260501_20260930.pdf
PETKM,2025-10-01,2026-04-30,EVET,katilim_endeksleri_20260501_20260930.pdf
PETUN,2025-10-01,2026-04-30,EVET,katilim_endeksleri_20260501_20260930.pdf
PKART,2025-10-01,2026-04-30,EVET,katilim_endeksleri_20260501_20260930.pdf
PLTUR,2025-10-01,2026-04-30,EVET,katilim_endeksleri_20260501_20260930.pdf
PNLSN,2025-10-01,2026-04-30,EVET,katilim_endeksleri_20260501_20260930.pdf
POLHO,2025-10-01,2026-04-30,EVET,katilim_endeksleri_20260501_20260930.pdf
QUAGR,2025-10-01,2026-04-30,EVET,katilim_endeksleri_20260501_20260930.pdf
RGYAS,2025-10-01,2026-04-30,EVET,katilim_endeksleri_20260501_20260930.pdf
RNPOL,2025-10-01,2026-04-30,EVET,katilim_endeksleri_20260501_20260930.pdf
RODRG,2025-10-01,2026-04-30,EVET,katilim_endeksleri_20260501_20260930.pdf
RUBNS,2025-10-01,2026-04-30,EVET,katilim_endeksleri_20260501_20260930.pdf
SAFKR,2025-10-01,2026-04-30,EVET,katilim_endeksleri_20260501_20260930.pdf
SAMAT,2025-10-01,2026-04-30,EVET,katilim_endeksleri_20260501_20260930.pdf
SANEL,2025-10-01,2026-04-30,EVET,katilim_endeksleri_20260501_20260930.pdf
SANKO,2025-10-01,2026-04-30,EVET,katilim_endeksleri_20260501_20260930.pdf
SARKY,2025-10-01,2026-04-30,EVET,katilim_endeksleri_20260501_20260930.pdf
SAYAS,2025-10-01,2026-04-30,EVET,katilim_endeksleri_20260501_20260930.pdf
SEKUR,2025-10-01,2026-04-30,EVET,katilim_endeksleri_20260501_20260930.pdf
SELEC,2025-10-01,2026-04-30,EVET,katilim_endeksleri_20260501_20260930.pdf
SELVA,2025-10-01,2026-04-30,EVET,katilim_endeksleri_20260501_20260930.pdf
SILVR,2025-10-01,2026-04-30,EVET,katilim_endeksleri_20260501_20260930.pdf
SMART,2025-10-01,2026-04-30,EVET,katilim_endeksleri_20260501_20260930.pdf
SMRTG,2025-10-01,2026-04-30,EVET,katilim_endeksleri_20260501_20260930.pdf
SNGYO,2025-10-01,2026-04-30,EVET,katilim_endeksleri_20260501_20260930.pdf
SNICA,2025-10-01,2026-04-30,EVET,katilim_endeksleri_20260501_20260930.pdf
SOHOE,2025-10-01,2026-04-30,EVET,katilim_endeksleri_20260501_20260930.pdf
SOKE,2025-10-01,2026-04-30,EVET,katilim_endeksleri_20260501_20260930.pdf
SRVGY,2025-10-01,2026-04-30,EVET,katilim_endeksleri_20260501_20260930.pdf
SSAAT,2025-10-01,2026-04-30,EVET,katilim_endeksleri_20260501_20260930.pdf
SUNTK,2025-10-01,2026-04-30,EVET,katilim_endeksleri_20260501_20260930.pdf
SURGY,2025-10-01,2026-04-30,EVET,katilim_endeksleri_20260501_20260930.pdf
SUWEN,2025-10-01,2026-04-30,EVET,katilim_endeksleri_20260501_20260930.pdf
TARKM,2025-10-01,2026-04-30,EVET,katilim_endeksleri_20260501_20260930.pdf
TDGYO,2025-10-01,2026-04-30,EVET,katilim_endeksleri_20260501_20260930.pdf
TEZOL,2025-10-01,2026-04-30,EVET,katilim_endeksleri_20260501_20260930.pdf
TKNSA,2025-10-01,2026-04-30,EVET,katilim_endeksleri_20260501_20260930.pdf
TMSN,2025-10-01,2026-04-30,EVET,katilim_endeksleri_20260501_20260930.pdf
TNZTP,2025-10-01,2026-04-30,EVET,katilim_endeksleri_20260501_20260930.pdf
TUCLK,2025-10-01,2026-04-30,EVET,katilim_endeksleri_20260501_20260930.pdf
TUKAS,2025-10-01,2026-04-30,EVET,katilim_endeksleri_20260501_20260930.pdf
TUPRS,2025-10-01,2026-04-30,EVET,katilim_endeksleri_20260501_20260930.pdf
TUREX,2025-10-01,2026-04-30,EVET,katilim_endeksleri_20260501_20260930.pdf
UCAYM,2025-10-01,2026-04-30,EVET,katilim_endeksleri_20260501_20260930.pdf
ULAS,2025-10-01,2026-04-30,EVET,katilim_endeksleri_20260501_20260930.pdf
ULUSE,2025-10-01,2026-04-30,EVET,katilim_endeksleri_20260501_20260930.pdf
USAK,2025-10-01,2026-04-30,EVET,katilim_endeksleri_20260501_20260930.pdf
VAKKO,2025-10-01,2026-04-30,EVET,katilim_endeksleri_20260501_20260930.pdf
VANGD,2025-10-01,2026-04-30,EVET,katilim_endeksleri_20260501_20260930.pdf
VESBE,2025-10-01,2026-04-30,EVET,katilim_endeksleri_20260501_20260930.pdf
VRGYO,2025-10-01,2026-04-30,EVET,katilim_endeksleri_20260501_20260930.pdf
YATAS,2025-10-01,2026-04-30,EVET,katilim_endeksleri_20260501_20260930.pdf
YEOTK,2025-10-01,2026-04-30,EVET,katilim_endeksleri_20260501_20260930.pdf
YUNSA,2025-10-01,2026-04-30,EVET,katilim_endeksleri_20260501_20260930.pdf
ZEDUR,2025-10-01,2026-04-30,EVET,katilim_endeksleri_20260501_20260930.pdf
ZERGY,2025-10-01,2026-04-30,EVET,katilim_endeksleri_20260501_20260930.pdf
A1CAP,2025-10-01,2026-04-30,HAYIR,katilim_endeksleri_20260501_20260930.pdf
A1YEN,2025-10-01,2026-04-30,HAYIR,katilim_endeksleri_20260501_20260930.pdf
ACP,2025-10-01,2026-04-30,HAYIR,katilim_endeksleri_20260501_20260930.pdf
ADB,2025-10-01,2026-04-30,HAYIR,katilim_endeksleri_20260501_20260930.pdf
ADBNK,2025-10-01,2026-04-30,HAYIR,katilim_endeksleri_20260501_20260930.pdf
ADEL,2025-10-01,2026-04-30,HAYIR,katilim_endeksleri_20260501_20260930.pdf
ADESE,2025-10-01,2026-04-30,HAYIR,katilim_endeksleri_20260501_20260930.pdf
ADGYO,2025-10-01,2026-04-30,HAYIR,katilim_endeksleri_20260501_20260930.pdf
ADLVY,2025-10-01,2026-04-30,HAYIR,katilim_endeksleri_20260501_20260930.pdf
AEFES,2025-10-01,2026-04-30,HAYIR,katilim_endeksleri_20260501_20260930.pdf
AFB,2025-10-01,2026-04-30,HAYIR,katilim_endeksleri_20260501_20260930.pdf
AFYON,2025-10-01,2026-04-30,HAYIR,katilim_endeksleri_20260501_20260930.pdf
AGESA,2025-10-01,2026-04-30,HAYIR,katilim_endeksleri_20260501_20260930.pdf
AGHOL,2025-10-01,2026-04-30,HAYIR,katilim_endeksleri_20260501_20260930.pdf
AGROT,2025-10-01,2026-04-30,HAYIR,katilim_endeksleri_20260501_20260930.pdf
AGYO,2025-10-01,2026-04-30,HAYIR,katilim_endeksleri_20260501_20260930.pdf
AKBNK,2025-10-01,2026-04-30,HAYIR,katilim_endeksleri_20260501_20260930.pdf
AKCNS,2025-10-01,2026-04-30,HAYIR,katilim_endeksleri_20260501_20260930.pdf
AKCVR,2025-10-01,2026-04-30,HAYIR,katilim_endeksleri_20260501_20260930.pdf
AKDFA,2025-10-01,2026-04-30,HAYIR,katilim_endeksleri_20260501_20260930.pdf
AKENR,2025-10-01,2026-04-30,HAYIR,katilim_endeksleri_20260501_20260930.pdf
AKFGY,2025-10-01,2026-04-30,HAYIR,katilim_endeksleri_20260501_20260930.pdf
AKFIS,2025-10-01,2026-04-30,HAYIR,katilim_endeksleri_20260501_20260930.pdf
AKFK,2025-10-01,2026-04-30,HAYIR,katilim_endeksleri_20260501_20260930.pdf
AKGRT,2025-10-01,2026-04-30,HAYIR,katilim_endeksleri_20260501_20260930.pdf
AKM,2025-10-01,2026-04-30,HAYIR,katilim_endeksleri_20260501_20260930.pdf
AKMEN,2025-10-01,2026-04-30,HAYIR,katilim_endeksleri_20260501_20260930.pdf
AKMGY,2025-10-01,2026-04-30,HAYIR,katilim_endeksleri_20260501_20260930.pdf
AKSEN,2025-10-01,2026-04-30,HAYIR,katilim_endeksleri_20260501_20260930.pdf
AKSFA,2025-10-01,2026-04-30,HAYIR,katilim_endeksleri_20260501_20260930.pdf
AKSGY,2025-10-01,2026-04-30,HAYIR,katilim_endeksleri_20260501_20260930.pdf
AKSUE,2025-10-01,2026-04-30,HAYIR,katilim_endeksleri_20260501_20260930.pdf
AKTIF,2025-10-01,2026-04-30,HAYIR,katilim_endeksleri_20260501_20260930.pdf
AKTVK,2025-10-01,2026-04-30,HAYIR,katilim_endeksleri_20260501_20260930.pdf
ALARK,2025-10-01,2026-04-30,HAYIR,katilim_endeksleri_20260501_20260930.pdf
ALCAR,2025-10-01,2026-04-30,HAYIR,katilim_endeksleri_20260501_20260930.pdf
ALFAS,2025-10-01,2026-04-30,HAYIR,katilim_endeksleri_20260501_20260930.pdf
ALGYO,2025-10-01,2026-04-30,HAYIR,katilim_endeksleri_20260501_20260930.pdf
ALJF,2025-10-01,2026-04-30,HAYIR,katilim_endeksleri_20260501_20260930.pdf
ALNUS,2025-10-01,2026-04-30,HAYIR,katilim_endeksleri_20260501_20260930.pdf
ANC,2025-10-01,2026-04-30,HAYIR,katilim_endeksleri_20260501_20260930.pdf
ANELE,2025-10-01,2026-04-30,HAYIR,katilim_endeksleri_20260501_20260930.pdf
ANHYT,2025-10-01,2026-04-30,HAYIR,katilim_endeksleri_20260501_20260930.pdf
ANSGR,2025-10-01,2026-04-30,HAYIR,katilim_endeksleri_20260501_20260930.pdf
ARCLK,2025-10-01,2026-04-30,HAYIR,katilim_endeksleri_20260501_20260930.pdf
ARENA,2025-10-01,2026-04-30,HAYIR,katilim_endeksleri_20260501_20260930.pdf
ARMGD,2025-10-01,2026-04-30,HAYIR,katilim_endeksleri_20260501_20260930.pdf
ARSAN,2025-10-01,2026-04-30,HAYIR,katilim_endeksleri_20260501_20260930.pdf
ARSVY,2025-10-01,2026-04-30,HAYIR,katilim_endeksleri_20260501_20260930.pdf
ARTMS,2025-10-01,2026-04-30,HAYIR,katilim_endeksleri_20260501_20260930.pdf
ARZUM,2025-10-01,2026-04-30,HAYIR,katilim_endeksleri_20260501_20260930.pdf
ASGYO,2025-10-01,2026-04-30,HAYIR,katilim_endeksleri_20260501_20260930.pdf
ASTOR,2025-10-01,2026-04-30,HAYIR,katilim_endeksleri_20260501_20260930.pdf
ASUZU,2025-10-01,2026-04-30,HAYIR,katilim_endeksleri_20260501_20260930.pdf
ATA,2025-10-01,2026-04-30,HAYIR,katilim_endeksleri_20260501_20260930.pdf
ATAGY,2025-10-01,2026-04-30,HAYIR,katilim_endeksleri_20260501_20260930.pdf
ATATR,2025-10-01,2026-04-30,HAYIR,katilim_endeksleri_20260501_20260930.pdf
ATAVK,2025-10-01,2026-04-30,HAYIR,katilim_endeksleri_20260501_20260930.pdf
ATAYM,2025-10-01,2026-04-30,HAYIR,katilim_endeksleri_20260501_20260930.pdf
ATEKS,2025-10-01,2026-04-30,HAYIR,katilim_endeksleri_20260501_20260930.pdf
ATLAS,2025-10-01,2026-04-30,HAYIR,katilim_endeksleri_20260501_20260930.pdf
ATLFA,2025-10-01,2026-04-30,HAYIR,katilim_endeksleri_20260501_20260930.pdf
ATSYH,2025-10-01,2026-04-30,HAYIR,katilim_endeksleri_20260501_20260930.pdf
AVGYO,2025-10-01,2026-04-30,HAYIR,katilim_endeksleri_20260501_20260930.pdf
AVHOL,2025-10-01,2026-04-30,HAYIR,katilim_endeksleri_20260501_20260930.pdf
AVOD,2025-10-01,2026-04-30,HAYIR,katilim_endeksleri_20260501_20260930.pdf
AVTUR,2025-10-01,2026-04-30,HAYIR,katilim_endeksleri_20260501_20260930.pdf
AYCES,2025-10-01,2026-04-30,HAYIR,katilim_endeksleri_20260501_20260930.pdf
AYDEM,2025-10-01,2026-04-30,HAYIR,katilim_endeksleri_20260501_20260930.pdf
AYES,2025-10-01,2026-04-30,HAYIR,katilim_endeksleri_20260501_20260930.pdf
AYGAZ,2025-10-01,2026-04-30,HAYIR,katilim_endeksleri_20260501_20260930.pdf
AZTEK,2025-10-01,2026-04-30,HAYIR,katilim_endeksleri_20260501_20260930.pdf
BAGFS,2025-10-01,2026-04-30,HAYIR,katilim_endeksleri_20260501_20260930.pdf
BALAT,2025-10-01,2026-04-30,HAYIR,katilim_endeksleri_20260501_20260930.pdf
BALSU,2025-10-01,2026-04-30,HAYIR,katilim_endeksleri_20260501_20260930.pdf
BARMA,2025-10-01,2026-04-30,HAYIR,katilim_endeksleri_20260501_20260930.pdf
BASCM,2025-10-01,2026-04-30,HAYIR,katilim_endeksleri_20260501_20260930.pdf
BAYRK,2025-10-01,2026-04-30,HAYIR,katilim_endeksleri_20260501_20260930.pdf
BESLR,2025-10-01,2026-04-30,HAYIR,katilim_endeksleri_20260501_20260930.pdf
BEYAZ,2025-10-01,2026-04-30,HAYIR,katilim_endeksleri_20260501_20260930.pdf
BFREN,2025-10-01,2026-04-30,HAYIR,katilim_endeksleri_20260501_20260930.pdf
BIGCH,2025-10-01,2026-04-30,HAYIR,katilim_endeksleri_20260501_20260930.pdf
BIGEN,2025-10-01,2026-04-30,HAYIR,katilim_endeksleri_20260501_20260930.pdf
BIGTK,2025-10-01,2026-04-30,HAYIR,katilim_endeksleri_20260501_20260930.pdf
BIOEN,2025-10-01,2026-04-30,HAYIR,katilim_endeksleri_20260501_20260930.pdf
BIZIM,2025-10-01,2026-04-30,HAYIR,katilim_endeksleri_20260501_20260930.pdf
BJKAS,2025-10-01,2026-04-30,HAYIR,katilim_endeksleri_20260501_20260930.pdf
BLCYT,2025-10-01,2026-04-30,HAYIR,katilim_endeksleri_20260501_20260930.pdf
BLKOM,2025-10-01,2026-04-30,HAYIR,katilim_endeksleri_20260501_20260930.pdf
BLS,2025-10-01,2026-04-30,HAYIR,katilim_endeksleri_20260501_20260930.pdf
BLSMD,2025-10-01,2026-04-30,HAYIR,katilim_endeksleri_20260501_20260930.pdf
BLUME,2025-10-01,2026-04-30,HAYIR,katilim_endeksleri_20260501_20260930.pdf
BMSCH,2025-10-01,2026-04-30,HAYIR,katilim_endeksleri_20260501_20260930.pdf
BNPPI,2025-10-01,2026-04-30,HAYIR,katilim_endeksleri_20260501_20260930.pdf
BOBET,2025-10-01,2026-04-30,HAYIR,katilim_endeksleri_20260501_20260930.pdf
BORLS,2025-10-01,2026-04-30,HAYIR,katilim_endeksleri_20260501_20260930.pdf
BRGAN,2025-10-01,2026-04-30,HAYIR,katilim_endeksleri_20260501_20260930.pdf
BRGFK,2025-10-01,2026-04-30,HAYIR,katilim_endeksleri_20260501_20260930.pdf
BRKO,2025-10-01,2026-04-30,HAYIR,katilim_endeksleri_20260501_20260930.pdf
BRKT,2025-10-01,2026-04-30,HAYIR,katilim_endeksleri_20260501_20260930.pdf
BRKVY,2025-10-01,2026-04-30,HAYIR,katilim_endeksleri_20260501_20260930.pdf
BRMEN,2025-10-01,2026-04-30,HAYIR,katilim_endeksleri_20260501_20260930.pdf
BRSAN,2025-10-01,2026-04-30,HAYIR,katilim_endeksleri_20260501_20260930.pdf
BRYAT,2025-10-01,2026-04-30,HAYIR,katilim_endeksleri_20260501_20260930.pdf
BTCIM,2025-10-01,2026-04-30,HAYIR,katilim_endeksleri_20260501_20260930.pdf
BUCIM,2025-10-01,2026-04-30,HAYIR,katilim_endeksleri_20260501_20260930.pdf
BULGS,2025-10-01,2026-04-30,HAYIR,katilim_endeksleri_20260501_20260930.pdf
BUR,2025-10-01,2026-04-30,HAYIR,katilim_endeksleri_20260501_20260930.pdf
BVSAN,2025-10-01,2026-04-30,HAYIR,katilim_endeksleri_20260501_20260930.pdf
BYDNR,2025-10-01,2026-04-30,HAYIR,katilim_endeksleri_20260501_20260930.pdf
CAGFA,2025-10-01,2026-04-30,HAYIR,katilim_endeksleri_20260501_20260930.pdf
CASA,2025-10-01,2026-04-30,HAYIR,katilim_endeksleri_20260501_20260930.pdf
CCOLA,2025-10-01,2026-04-30,HAYIR,katilim_endeksleri_20260501_20260930.pdf
CEMAS,2025-10-01,2026-04-30,HAYIR,katilim_endeksleri_20260501_20260930.pdf
CEOEM,2025-10-01,2026-04-30,HAYIR,katilim_endeksleri_20260501_20260930.pdf
CGCAM,2025-10-01,2026-04-30,HAYIR,katilim_endeksleri_20260501_20260930.pdf
CLEBI,2025-10-01,2026-04-30,HAYIR,katilim_endeksleri_20260501_20260930.pdf
CLKMT,2025-10-01,2026-04-30,HAYIR,katilim_endeksleri_20260501_20260930.pdf
CMENT,2025-10-01,2026-04-30,HAYIR,katilim_endeksleri_20260501_20260930.pdf
CMSAN,2025-10-01,2026-04-30,HAYIR,katilim_endeksleri_20260501_20260930.pdf
CONSE,2025-10-01,2026-04-30,HAYIR,katilim_endeksleri_20260501_20260930.pdf
CRDFA,2025-10-01,2026-04-30,HAYIR,katilim_endeksleri_20260501_20260930.pdf
CRFSA,2025-10-01,2026-04-30,HAYIR,katilim_endeksleri_20260501_20260930.pdf
CUSAN,2025-10-01,2026-04-30,HAYIR,katilim_endeksleri_20260501_20260930.pdf
DAGI,2025-10-01,2026-04-30,HAYIR,katilim_endeksleri_20260501_20260930.pdf
DENFA,2025-10-01,2026-04-30,HAYIR,katilim_endeksleri_20260501_20260930.pdf
DENVA,2025-10-01,2026-04-30,HAYIR,katilim_endeksleri_20260501_20260930.pdf
DERHL,2025-10-01,2026-04-30,HAYIR,katilim_endeksleri_20260501_20260930.pdf
DERIM,2025-10-01,2026-04-30,HAYIR,katilim_endeksleri_20260501_20260930.pdf
DESA,2025-10-01,2026-04-30,HAYIR,katilim_endeksleri_20260501_20260930.pdf
DEVA,2025-10-01,2026-04-30,HAYIR,katilim_endeksleri_20260501_20260930.pdf
DFKTR,2025-10-01,2026-04-30,HAYIR,katilim_endeksleri_20260501_20260930.pdf
DGGYO,2025-10-01,2026-04-30,HAYIR,katilim_endeksleri_20260501_20260930.pdf
DGRVK,2025-10-01,2026-04-30,HAYIR,katilim_endeksleri_20260501_20260930.pdf
DIMES,2025-10-01,2026-04-30,HAYIR,katilim_endeksleri_20260501_20260930.pdf
DIRIT,2025-10-01,2026-04-30,HAYIR,katilim_endeksleri_20260501_20260930.pdf
DITAS,2025-10-01,2026-04-30,HAYIR,katilim_endeksleri_20260501_20260930.pdf
DKVRL,2025-10-01,2026-04-30,HAYIR,katilim_endeksleri_20260501_20260930.pdf
DMD,2025-10-01,2026-04-30,HAYIR,katilim_endeksleri_20260501_20260930.pdf
DMLKT,2025-10-01,2026-04-30,HAYIR,katilim_endeksleri_20260501_20260930.pdf
DMRGD,2025-10-01,2026-04-30,HAYIR,katilim_endeksleri_20260501_20260930.pdf
DNFIN,2025-10-01,2026-04-30,HAYIR,katilim_endeksleri_20260501_20260930.pdf
DNISI,2025-10-01,2026-04-30,HAYIR,katilim_endeksleri_20260501_20260930.pdf
DNYVA,2025-10-01,2026-04-30,HAYIR,katilim_endeksleri_20260501_20260930.pdf
DNZEN,2025-10-01,2026-04-30,HAYIR,katilim_endeksleri_20260501_20260930.pdf
DOAS,2025-10-01,2026-04-30,HAYIR,katilim_endeksleri_20260501_20260930.pdf
DOCO,2025-10-01,2026-04-30,HAYIR,katilim_endeksleri_20260501_20260930.pdf
DOGVY,2025-10-01,2026-04-30,HAYIR,katilim_endeksleri_20260501_20260930.pdf
DOHOL,2025-10-01,2026-04-30,HAYIR,katilim_endeksleri_20260501_20260930.pdf
DOKTA,2025-10-01,2026-04-30,HAYIR,katilim_endeksleri_20260501_20260930.pdf
DRPHN,2025-10-01,2026-04-30,HAYIR,katilim_endeksleri_20260501_20260930.pdf
DSTKF,2025-10-01,2026-04-30,HAYIR,katilim_endeksleri_20260501_20260930.pdf
DSYAT,2025-10-01,2026-04-30,HAYIR,katilim_endeksleri_20260501_20260930.pdf
DUNYH,2025-10-01,2026-04-30,HAYIR,katilim_endeksleri_20260501_20260930.pdf
DURDO,2025-10-01,2026-04-30,HAYIR,katilim_endeksleri_20260501_20260930.pdf
DURKN,2025-10-01,2026-04-30,HAYIR,katilim_endeksleri_20260501_20260930.pdf
DVRLK,2025-10-01,2026-04-30,HAYIR,katilim_endeksleri_20260501_20260930.pdf
DYBNK,2025-10-01,2026-04-30,HAYIR,katilim_endeksleri_20260501_20260930.pdf
DZGYO,2025-10-01,2026-04-30,HAYIR,katilim_endeksleri_20260501_20260930.pdf
ECILC,2025-10-01,2026-04-30,HAYIR,katilim_endeksleri_20260501_20260930.pdf
ECOGR,2025-10-01,2026-04-30,HAYIR,katilim_endeksleri_20260501_20260930.pdf
ECZIP,2025-10-01,2026-04-30,HAYIR,katilim_endeksleri_20260501_20260930.pdf
ECZYT,2025-10-01,2026-04-30,HAYIR,katilim_endeksleri_20260501_20260930.pdf
EGEEN,2025-10-01,2026-04-30,HAYIR,katilim_endeksleri_20260501_20260930.pdf
EGEGY,2025-10-01,2026-04-30,HAYIR,katilim_endeksleri_20260501_20260930.pdf
EGSER,2025-10-01,2026-04-30,HAYIR,katilim_endeksleri_20260501_20260930.pdf
EKDMR,2025-10-01,2026-04-30,HAYIR,katilim_endeksleri_20260501_20260930.pdf
EKER,2025-10-01,2026-04-30,HAYIR,katilim_endeksleri_20260501_20260930.pdf
EKIM,2025-10-01,2026-04-30,HAYIR,katilim_endeksleri_20260501_20260930.pdf
EKIZ,2025-10-01,2026-04-30,HAYIR,katilim_endeksleri_20260501_20260930.pdf
EKOFA,2025-10-01,2026-04-30,HAYIR,katilim_endeksleri_20260501_20260930.pdf
EKOS,2025-10-01,2026-04-30,HAYIR,katilim_endeksleri_20260501_20260930.pdf
EKTVK,2025-10-01,2026-04-30,HAYIR,katilim_endeksleri_20260501_20260930.pdf
EMIRV,2025-10-01,2026-04-30,HAYIR,katilim_endeksleri_20260501_20260930.pdf
EMKEL,2025-10-01,2026-04-30,HAYIR,katilim_endeksleri_20260501_20260930.pdf
EMNIS,2025-10-01,2026-04-30,HAYIR,katilim_endeksleri_20260501_20260930.pdf
EMVAR,2025-10-01,2026-04-30,HAYIR,katilim_endeksleri_20260501_20260930.pdf
ENDAE,2025-10-01,2026-04-30,HAYIR,katilim_endeksleri_20260501_20260930.pdf
ENERY,2025-10-01,2026-04-30,HAYIR,katilim_endeksleri_20260501_20260930.pdf
ENKAI,2025-10-01,2026-04-30,HAYIR,katilim_endeksleri_20260501_20260930.pdf
ENPRA,2025-10-01,2026-04-30,HAYIR,katilim_endeksleri_20260501_20260930.pdf
ENSRI,2025-10-01,2026-04-30,HAYIR,katilim_endeksleri_20260501_20260930.pdf
ENTRA,2025-10-01,2026-04-30,HAYIR,katilim_endeksleri_20260501_20260930.pdf
EPLAS,2025-10-01,2026-04-30,HAYIR,katilim_endeksleri_20260501_20260930.pdf
ERBOS,2025-10-01,2026-04-30,HAYIR,katilim_endeksleri_20260501_20260930.pdf
ERCB,2025-10-01,2026-04-30,HAYIR,katilim_endeksleri_20260501_20260930.pdf
ERGLI,2025-10-01,2026-04-30,HAYIR,katilim_endeksleri_20260501_20260930.pdf
ERSU,2025-10-01,2026-04-30,HAYIR,katilim_endeksleri_20260501_20260930.pdf
ESCAR,2025-10-01,2026-04-30,HAYIR,katilim_endeksleri_20260501_20260930.pdf
ESEN,2025-10-01,2026-04-30,HAYIR,katilim_endeksleri_20260501_20260930.pdf
ETILR,2025-10-01,2026-04-30,HAYIR,katilim_endeksleri_20260501_20260930.pdf
ETYAT,2025-10-01,2026-04-30,HAYIR,katilim_endeksleri_20260501_20260930.pdf
EUHOL,2025-10-01,2026-04-30,HAYIR,katilim_endeksleri_20260501_20260930.pdf
EUKYO,2025-10-01,2026-04-30,HAYIR,katilim_endeksleri_20260501_20260930.pdf
EUREN,2025-10-01,2026-04-30,HAYIR,katilim_endeksleri_20260501_20260930.pdf
EUYO,2025-10-01,2026-04-30,HAYIR,katilim_endeksleri_20260501_20260930.pdf
EXIMB,2025-10-01,2026-04-30,HAYIR,katilim_endeksleri_20260501_20260930.pdf
FAIRF,2025-10-01,2026-04-30,HAYIR,katilim_endeksleri_20260501_20260930.pdf
FBB,2025-10-01,2026-04-30,HAYIR,katilim_endeksleri_20260501_20260930.pdf
FBBNK,2025-10-01,2026-04-30,HAYIR,katilim_endeksleri_20260501_20260930.pdf
FENER,2025-10-01,2026-04-30,HAYIR,katilim_endeksleri_20260501_20260930.pdf
FIGOF,2025-10-01,2026-04-30,HAYIR,katilim_endeksleri_20260501_20260930.pdf
FIN,2025-10-01,2026-04-30,HAYIR,katilim_endeksleri_20260501_20260930.pdf
FKPET,2025-10-01,2026-04-30,HAYIR,katilim_endeksleri_20260501_20260930.pdf
FLAP,2025-10-01,2026-04-30,HAYIR,katilim_endeksleri_20260501_20260930.pdf
FMIZP,2025-10-01,2026-04-30,HAYIR,katilim_endeksleri_20260501_20260930.pdf
FRIGO,2025-10-01,2026-04-30,HAYIR,katilim_endeksleri_20260501_20260930.pdf
FROTO,2025-10-01,2026-04-30,HAYIR,katilim_endeksleri_20260501_20260930.pdf
GARAN,2025-10-01,2026-04-30,HAYIR,katilim_endeksleri_20260501_20260930.pdf
GARFA,2025-10-01,2026-04-30,HAYIR,katilim_endeksleri_20260501_20260930.pdf
GARFL,2025-10-01,2026-04-30,HAYIR,katilim_endeksleri_20260501_20260930.pdf
GATEG,2025-10-01,2026-04-30,HAYIR,katilim_endeksleri_20260501_20260930.pdf
GEDIK,2025-10-01,2026-04-30,HAYIR,katilim_endeksleri_20260501_20260930.pdf
GGBVK,2025-10-01,2026-04-30,HAYIR,katilim_endeksleri_20260501_20260930.pdf
GIPTA,2025-10-01,2026-04-30,HAYIR,katilim_endeksleri_20260501_20260930.pdf
GLB,2025-10-01,2026-04-30,HAYIR,katilim_endeksleri_20260501_20260930.pdf
GLBMD,2025-10-01,2026-04-30,HAYIR,katilim_endeksleri_20260501_20260930.pdf
GLCVY,2025-10-01,2026-04-30,HAYIR,katilim_endeksleri_20260501_20260930.pdf
GLRYH,2025-10-01,2026-04-30,HAYIR,katilim_endeksleri_20260501_20260930.pdf
GLYHO,2025-10-01,2026-04-30,HAYIR,katilim_endeksleri_20260501_20260930.pdf
GMTAS,2025-10-01,2026-04-30,HAYIR,katilim_endeksleri_20260501_20260930.pdf
GOZDE,2025-10-01,2026-04-30,HAYIR,katilim_endeksleri_20260501_20260930.pdf
GRM,2025-10-01,2026-04-30,HAYIR,katilim_endeksleri_20260501_20260930.pdf
GRNYO,2025-10-01,2026-04-30,HAYIR,katilim_endeksleri_20260501_20260930.pdf
GRYAT,2025-10-01,2026-04-30,HAYIR,katilim_endeksleri_20260501_20260930.pdf
GSDDE,2025-10-01,2026-04-30,HAYIR,katilim_endeksleri_20260501_20260930.pdf
GSDHO,2025-10-01,2026-04-30,HAYIR,katilim_endeksleri_20260501_20260930.pdf
GSIPD,2025-10-01,2026-04-30,HAYIR,katilim_endeksleri_20260501_20260930.pdf
GSRAY,2025-10-01,2026-04-30,HAYIR,katilim_endeksleri_20260501_20260930.pdf
GWIND,2025-10-01,2026-04-30,HAYIR,katilim_endeksleri_20260501_20260930.pdf
GYVAR,2025-10-01,2026-04-30,HAYIR,katilim_endeksleri_20260501_20260930.pdf
GZNMI,2025-10-01,2026-04-30,HAYIR,katilim_endeksleri_20260501_20260930.pdf
HALKB,2025-10-01,2026-04-30,HAYIR,katilim_endeksleri_20260501_20260930.pdf
HALKF,2025-10-01,2026-04-30,HAYIR,katilim_endeksleri_20260501_20260930.pdf
HALKI,2025-10-01,2026-04-30,HAYIR,katilim_endeksleri_20260501_20260930.pdf
HATEK,2025-10-01,2026-04-30,HAYIR,katilim_endeksleri_20260501_20260930.pdf
HAYVK,2025-10-01,2026-04-30,HAYIR,katilim_endeksleri_20260501_20260930.pdf
HDFFL,2025-10-01,2026-04-30,HAYIR,katilim_endeksleri_20260501_20260930.pdf
HDFGS,2025-10-01,2026-04-30,HAYIR,katilim_endeksleri_20260501_20260930.pdf
HDFVK,2025-10-01,2026-04-30,HAYIR,katilim_endeksleri_20260501_20260930.pdf
HDFYB,2025-10-01,2026-04-30,HAYIR,katilim_endeksleri_20260501_20260930.pdf
HEDEF,2025-10-01,2026-04-30,HAYIR,katilim_endeksleri_20260501_20260930.pdf
HEKTS,2025-10-01,2026-04-30,HAYIR,katilim_endeksleri_20260501_20260930.pdf
HLGYO,2025-10-01,2026-04-30,HAYIR,katilim_endeksleri_20260501_20260930.pdf
HLVKS,2025-10-01,2026-04-30,HAYIR,katilim_endeksleri_20260501_20260930.pdf
HLY,2025-10-01,2026-04-30,HAYIR,katilim_endeksleri_20260501_20260930.pdf
HTTBT,2025-10-01,2026-04-30,HAYIR,katilim_endeksleri_20260501_20260930.pdf
HUBVC,2025-10-01,2026-04-30,HAYIR,katilim_endeksleri_20260501_20260930.pdf
HUNER,2025-10-01,2026-04-30,HAYIR,katilim_endeksleri_20260501_20260930.pdf
HURGZ,2025-10-01,2026-04-30,HAYIR,katilim_endeksleri_20260501_20260930.pdf
HUZFA,2025-10-01,2026-04-30,HAYIR,katilim_endeksleri_20260501_20260930.pdf
HYB,2025-10-01,2026-04-30,HAYIR,katilim_endeksleri_20260501_20260930.pdf
IAZ,2025-10-01,2026-04-30,HAYIR,katilim_endeksleri_20260501_20260930.pdf
ICB,2025-10-01,2026-04-30,HAYIR,katilim_endeksleri_20260501_20260930.pdf
ICBCT,2025-10-01,2026-04-30,HAYIR,katilim_endeksleri_20260501_20260930.pdf
ICUGS,2025-10-01,2026-04-30,HAYIR,katilim_endeksleri_20260501_20260930.pdf
IEYHO,2025-10-01,2026-04-30,HAYIR,katilim_endeksleri_20260501_20260930.pdf
IHAAS,2025-10-01,2026-04-30,HAYIR,katilim_endeksleri_20260501_20260930.pdf
IHGZT,2025-10-01,2026-04-30,HAYIR,katilim_endeksleri_20260501_20260930.pdf
INDES,2025-10-01,2026-04-30,HAYIR,katilim_endeksleri_20260501_20260930.pdf
INFO,2025-10-01,2026-04-30,HAYIR,katilim_endeksleri_20260501_20260930.pdf
INGRM,2025-10-01,2026-04-30,HAYIR,katilim_endeksleri_20260501_20260930.pdf
INTEK,2025-10-01,2026-04-30,HAYIR,katilim_endeksleri_20260501_20260930.pdf
INVAZ,2025-10-01,2026-04-30,HAYIR,katilim_endeksleri_20260501_20260930.pdf
INVEO,2025-10-01,2026-04-30,HAYIR,katilim_endeksleri_20260501_20260930.pdf
INVES,2025-10-01,2026-04-30,HAYIR,katilim_endeksleri_20260501_20260930.pdf
ISATR,2025-10-01,2026-04-30,HAYIR,katilim_endeksleri_20260501_20260930.pdf
ISBIR,2025-10-01,2026-04-30,HAYIR,katilim_endeksleri_20260501_20260930.pdf
ISBTR,2025-10-01,2026-04-30,HAYIR,katilim_endeksleri_20260501_20260930.pdf
ISCTR,2025-10-01,2026-04-30,HAYIR,katilim_endeksleri_20260501_20260930.pdf
ISFAK,2025-10-01,2026-04-30,HAYIR,katilim_endeksleri_20260501_20260930.pdf
ISFIN,2025-10-01,2026-04-30,HAYIR,katilim_endeksleri_20260501_20260930.pdf
ISGSY,2025-10-01,2026-04-30,HAYIR,katilim_endeksleri_20260501_20260930.pdf
ISGYO,2025-10-01,2026-04-30,HAYIR,katilim_endeksleri_20260501_20260930.pdf
ISKPL,2025-10-01,2026-04-30,HAYIR,katilim_endeksleri_20260501_20260930.pdf
ISKUR,2025-10-01,2026-04-30,HAYIR,katilim_endeksleri_20260501_20260930.pdf
ISMEN,2025-10-01,2026-04-30,HAYIR,katilim_endeksleri_20260501_20260930.pdf
ISTFK,2025-10-01,2026-04-30,HAYIR,katilim_endeksleri_20260501_20260930.pdf
ISTVY,2025-10-01,2026-04-30,HAYIR,katilim_endeksleri_20260501_20260930.pdf
ISVEA,2025-10-01,2026-04-30,HAYIR,katilim_endeksleri_20260501_20260930.pdf
ISYAT,2025-10-01,2026-04-30,HAYIR,katilim_endeksleri_20260501_20260930.pdf
IYF,2025-10-01,2026-04-30,HAYIR,katilim_endeksleri_20260501_20260930.pdf
IYM,2025-10-01,2026-04-30,HAYIR,katilim_endeksleri_20260501_20260930.pdf
IZENR,2025-10-01,2026-04-30,HAYIR,katilim_endeksleri_20260501_20260930.pdf
IZMDC,2025-10-01,2026-04-30,HAYIR,katilim_endeksleri_20260501_20260930.pdf
KAPLM,2025-10-01,2026-04-30,HAYIR,katilim_endeksleri_20260501_20260930.pdf
KARCL,2025-10-01,2026-04-30,HAYIR,katilim_endeksleri_20260501_20260930.pdf
KAREL,2025-10-01,2026-04-30,HAYIR,katilim_endeksleri_20260501_20260930.pdf
KARTN,2025-10-01,2026-04-30,HAYIR,katilim_endeksleri_20260501_20260930.pdf
KATVK,2025-10-01,2026-04-30,HAYIR,katilim_endeksleri_20260501_20260930.pdf
KAYSE,2025-10-01,2026-04-30,HAYIR,katilim_endeksleri_20260501_20260930.pdf
KCHOL,2025-10-01,2026-04-30,HAYIR,katilim_endeksleri_20260501_20260930.pdf
KENT,2025-10-01,2026-04-30,HAYIR,katilim_endeksleri_20260501_20260930.pdf
KERVN,2025-10-01,2026-04-30,HAYIR,katilim_endeksleri_20260501_20260930.pdf
KFEIN,2025-10-01,2026-04-30,HAYIR,katilim_endeksleri_20260501_20260930.pdf
KFILO,2025-10-01,2026-04-30,HAYIR,katilim_endeksleri_20260501_20260930.pdf
KGYO,2025-10-01,2026-04-30,HAYIR,katilim_endeksleri_20260501_20260930.pdf
KLGYO,2025-10-01,2026-04-30,HAYIR,katilim_endeksleri_20260501_20260930.pdf
KLKIM,2025-10-01,2026-04-30,HAYIR,katilim_endeksleri_20260501_20260930.pdf
KLMSN,2025-10-01,2026-04-30,HAYIR,katilim_endeksleri_20260501_20260930.pdf
KLN,2025-10-01,2026-04-30,HAYIR,katilim_endeksleri_20260501_20260930.pdf
KLNMA,2025-10-01,2026-04-30,HAYIR,katilim_endeksleri_20260501_20260930.pdf
KLRHO,2025-10-01,2026-04-30,HAYIR,katilim_endeksleri_20260501_20260930.pdf
KLSER,2025-10-01,2026-04-30,HAYIR,katilim_endeksleri_20260501_20260930.pdf
KLVKS,2025-10-01,2026-04-30,HAYIR,katilim_endeksleri_20260501_20260930.pdf
KLYPV,2025-10-01,2026-04-30,HAYIR,katilim_endeksleri_20260501_20260930.pdf
KMPUR,2025-10-01,2026-04-30,HAYIR,katilim_endeksleri_20260501_20260930.pdf
KNTFA,2025-10-01,2026-04-30,HAYIR,katilim_endeksleri_20260501_20260930.pdf
KOCFN,2025-10-01,2026-04-30,HAYIR,katilim_endeksleri_20260501_20260930.pdf
KORDS,2025-10-01,2026-04-30,HAYIR,katilim_endeksleri_20260501_20260930.pdf
KORTS,2025-10-01,2026-04-30,HAYIR,katilim_endeksleri_20260501_20260930.pdf
KPTGY,2025-10-01,2026-04-30,HAYIR,katilim_endeksleri_20260501_20260930.pdf
KRTEK,2025-10-01,2026-04-30,HAYIR,katilim_endeksleri_20260501_20260930.pdf
KSFIN,2025-10-01,2026-04-30,HAYIR,katilim_endeksleri_20260501_20260930.pdf
KSTUR,2025-10-01,2026-04-30,HAYIR,katilim_endeksleri_20260501_20260930.pdf
KTKVK,2025-10-01,2026-04-30,HAYIR,katilim_endeksleri_20260501_20260930.pdf
KTSKR,2025-10-01,2026-04-30,HAYIR,katilim_endeksleri_20260501_20260930.pdf
KTSVK,2025-10-01,2026-04-30,HAYIR,katilim_endeksleri_20260501_20260930.pdf
KUVVA,2025-10-01,2026-04-30,HAYIR,katilim_endeksleri_20260501_20260930.pdf
KZGYO,2025-10-01,2026-04-30,HAYIR,katilim_endeksleri_20260501_20260930.pdf
LIDER,2025-10-01,2026-04-30,HAYIR,katilim_endeksleri_20260501_20260930.pdf
LIDFA,2025-10-01,2026-04-30,HAYIR,katilim_endeksleri_20260501_20260930.pdf
LILAK,2025-10-01,2026-04-30,HAYIR,katilim_endeksleri_20260501_20260930.pdf
LINK,2025-10-01,2026-04-30,HAYIR,katilim_endeksleri_20260501_20260930.pdf
LRSHO,2025-10-01,2026-04-30,HAYIR,katilim_endeksleri_20260501_20260930.pdf
LUKSK,2025-10-01,2026-04-30,HAYIR,katilim_endeksleri_20260501_20260930.pdf
LYDHO,2025-10-01,2026-04-30,HAYIR,katilim_endeksleri_20260501_20260930.pdf
LYDYE,2025-10-01,2026-04-30,HAYIR,katilim_endeksleri_20260501_20260930.pdf
MAALT,2025-10-01,2026-04-30,HAYIR,katilim_endeksleri_20260501_20260930.pdf
MACKO,2025-10-01,2026-04-30,HAYIR,katilim_endeksleri_20260501_20260930.pdf
MAKTK,2025-10-01,2026-04-30,HAYIR,katilim_endeksleri_20260501_20260930.pdf
MANAS,2025-10-01,2026-04-30,HAYIR,katilim_endeksleri_20260501_20260930.pdf
MARKA,2025-10-01,2026-04-30,HAYIR,katilim_endeksleri_20260501_20260930.pdf
MARMR,2025-10-01,2026-04-30,HAYIR,katilim_endeksleri_20260501_20260930.pdf
MARTI,2025-10-01,2026-04-30,HAYIR,katilim_endeksleri_20260501_20260930.pdf
MASFN,2025-10-01,2026-04-30,HAYIR,katilim_endeksleri_20260501_20260930.pdf
MBFTR,2025-10-01,2026-04-30,HAYIR,katilim_endeksleri_20260501_20260930.pdf
MDASM,2025-10-01,2026-04-30,HAYIR,katilim_endeksleri_20260501_20260930.pdf
MDIAZ,2025-10-01,2026-04-30,HAYIR,katilim_endeksleri_20260501_20260930.pdf
MDS,2025-10-01,2026-04-30,HAYIR,katilim_endeksleri_20260501_20260930.pdf
MEGAP,2025-10-01,2026-04-30,HAYIR,katilim_endeksleri_20260501_20260930.pdf
MEGMT,2025-10-01,2026-04-30,HAYIR,katilim_endeksleri_20260501_20260930.pdf
MEKMD,2025-10-01,2026-04-30,HAYIR,katilim_endeksleri_20260501_20260930.pdf
MEPET,2025-10-01,2026-04-30,HAYIR,katilim_endeksleri_20260501_20260930.pdf
MERIT,2025-10-01,2026-04-30,HAYIR,katilim_endeksleri_20260501_20260930.pdf
MERKO,2025-10-01,2026-04-30,HAYIR,katilim_endeksleri_20260501_20260930.pdf
METEN,2025-10-01,2026-04-30,HAYIR,katilim_endeksleri_20260501_20260930.pdf
METRO,2025-10-01,2026-04-30,HAYIR,katilim_endeksleri_20260501_20260930.pdf
MGROS,2025-10-01,2026-04-30,HAYIR,katilim_endeksleri_20260501_20260930.pdf
MHRGY,2025-10-01,2026-04-30,HAYIR,katilim_endeksleri_20260501_20260930.pdf
MIATK,2025-10-01,2026-04-30,HAYIR,katilim_endeksleri_20260501_20260930.pdf
MILKS,2025-10-01,2026-04-30,HAYIR,katilim_endeksleri_20260501_20260930.pdf
MINTF,2025-10-01,2026-04-30,HAYIR,katilim_endeksleri_20260501_20260930.pdf
MMCAS,2025-10-01,2026-04-30,HAYIR,katilim_endeksleri_20260501_20260930.pdf
MNGFA,2025-10-01,2026-04-30,HAYIR,katilim_endeksleri_20260501_20260930.pdf
MOGAN,2025-10-01,2026-04-30,HAYIR,katilim_endeksleri_20260501_20260930.pdf
MOPAS,2025-10-01,2026-04-30,HAYIR,katilim_endeksleri_20260501_20260930.pdf
MRBAS,2025-10-01,2026-04-30,HAYIR,katilim_endeksleri_20260501_20260930.pdf
MRBKF,2025-10-01,2026-04-30,HAYIR,katilim_endeksleri_20260501_20260930.pdf
MRGYO,2025-10-01,2026-04-30,HAYIR,katilim_endeksleri_20260501_20260930.pdf
MRMAG,2025-10-01,2026-04-30,HAYIR,katilim_endeksleri_20260501_20260930.pdf
MRS,2025-10-01,2026-04-30,HAYIR,katilim_endeksleri_20260501_20260930.pdf
MRSHL,2025-10-01,2026-04-30,HAYIR,katilim_endeksleri_20260501_20260930.pdf
MSA,2025-10-01,2026-04-30,HAYIR,katilim_endeksleri_20260501_20260930.pdf
MSGYO,2025-10-01,2026-04-30,HAYIR,katilim_endeksleri_20260501_20260930.pdf
MSY,2025-10-01,2026-04-30,HAYIR,katilim_endeksleri_20260501_20260930.pdf
MSYBN,2025-10-01,2026-04-30,HAYIR,katilim_endeksleri_20260501_20260930.pdf
MTRKS,2025-10-01,2026-04-30,HAYIR,katilim_endeksleri_20260501_20260930.pdf
MTRYO,2025-10-01,2026-04-30,HAYIR,katilim_endeksleri_20260501_20260930.pdf
MZHLD,2025-10-01,2026-04-30,HAYIR,katilim_endeksleri_20260501_20260930.pdf
NATEN,2025-10-01,2026-04-30,HAYIR,katilim_endeksleri_20260501_20260930.pdf
NETCD,2025-10-01,2026-04-30,HAYIR,katilim_endeksleri_20260501_20260930.pdf
NIBAS,2025-10-01,2026-04-30,HAYIR,katilim_endeksleri_20260501_20260930.pdf
NRBNK,2025-10-01,2026-04-30,HAYIR,katilim_endeksleri_20260501_20260930.pdf
NTHOL,2025-10-01,2026-04-30,HAYIR,katilim_endeksleri_20260501_20260930.pdf
NUGYO,2025-10-01,2026-04-30,HAYIR,katilim_endeksleri_20260501_20260930.pdf
NUHCM,2025-10-01,2026-04-30,HAYIR,katilim_endeksleri_20260501_20260930.pdf
NURVK,2025-10-01,2026-04-30,HAYIR,katilim_endeksleri_20260501_20260930.pdf
NYB,2025-10-01,2026-04-30,HAYIR,katilim_endeksleri_20260501_20260930.pdf
ODAS,2025-10-01,2026-04-30,HAYIR,katilim_endeksleri_20260501_20260930.pdf
ODINE,2025-10-01,2026-04-30,HAYIR,katilim_endeksleri_20260501_20260930.pdf
OMD,2025-10-01,2026-04-30,HAYIR,katilim_endeksleri_20260501_20260930.pdf
ONRYT,2025-10-01,2026-04-30,HAYIR,katilim_endeksleri_20260501_20260930.pdf
OPET,2025-10-01,2026-04-30,HAYIR,katilim_endeksleri_20260501_20260930.pdf
ORCAY,2025-10-01,2026-04-30,HAYIR,katilim_endeksleri_20260501_20260930.pdf
ORFIN,2025-10-01,2026-04-30,HAYIR,katilim_endeksleri_20260501_20260930.pdf
ORMA,2025-10-01,2026-04-30,HAYIR,katilim_endeksleri_20260501_20260930.pdf
ORZAX,2025-10-01,2026-04-30,HAYIR,katilim_endeksleri_20260501_20260930.pdf
OSMEN,2025-10-01,2026-04-30,HAYIR,katilim_endeksleri_20260501_20260930.pdf
OSVKS,2025-10-01,2026-04-30,HAYIR,katilim_endeksleri_20260501_20260930.pdf
OTKAR,2025-10-01,2026-04-30,HAYIR,katilim_endeksleri_20260501_20260930.pdf
OTOSR,2025-10-01,2026-04-30,HAYIR,katilim_endeksleri_20260501_20260930.pdf
OTTO,2025-10-01,2026-04-30,HAYIR,katilim_endeksleri_20260501_20260930.pdf
OYA,2025-10-01,2026-04-30,HAYIR,katilim_endeksleri_20260501_20260930.pdf
OYAKC,2025-10-01,2026-04-30,HAYIR,katilim_endeksleri_20260501_20260930.pdf
OYAYO,2025-10-01,2026-04-30,HAYIR,katilim_endeksleri_20260501_20260930.pdf
OYLUM,2025-10-01,2026-04-30,HAYIR,katilim_endeksleri_20260501_20260930.pdf
OYYAT,2025-10-01,2026-04-30,HAYIR,katilim_endeksleri_20260501_20260930.pdf
OZATD,2025-10-01,2026-04-30,HAYIR,katilim_endeksleri_20260501_20260930.pdf
OZGYO,2025-10-01,2026-04-30,HAYIR,katilim_endeksleri_20260501_20260930.pdf
OZKGY,2025-10-01,2026-04-30,HAYIR,katilim_endeksleri_20260501_20260930.pdf
OZSUB,2025-10-01,2026-04-30,HAYIR,katilim_endeksleri_20260501_20260930.pdf
PAHOL,2025-10-01,2026-04-30,HAYIR,katilim_endeksleri_20260501_20260930.pdf
PAMEL,2025-10-01,2026-04-30,HAYIR,katilim_endeksleri_20260501_20260930.pdf
PAPIL,2025-10-01,2026-04-30,HAYIR,katilim_endeksleri_20260501_20260930.pdf
PATEK,2025-10-01,2026-04-30,HAYIR,katilim_endeksleri_20260501_20260930.pdf
PBT,2025-10-01,2026-04-30,HAYIR,katilim_endeksleri_20260501_20260930.pdf
PBTR,2025-10-01,2026-04-30,HAYIR,katilim_endeksleri_20260501_20260930.pdf
PCILT,2025-10-01,2026-04-30,HAYIR,katilim_endeksleri_20260501_20260930.pdf
PEKGY,2025-10-01,2026-04-30,HAYIR,katilim_endeksleri_20260501_20260930.pdf
PGSUS,2025-10-01,2026-04-30,HAYIR,katilim_endeksleri_20260501_20260930.pdf
PINSU,2025-10-01,2026-04-30,HAYIR,katilim_endeksleri_20260501_20260930.pdf
PKENT,2025-10-01,2026-04-30,HAYIR,katilim_endeksleri_20260501_20260930.pdf
PNSUT,2025-10-01,2026-04-30,HAYIR,katilim_endeksleri_20260501_20260930.pdf
POLTK,2025-10-01,2026-04-30,HAYIR,katilim_endeksleri_20260501_20260930.pdf
PRDGS,2025-10-01,2026-04-30,HAYIR,katilim_endeksleri_20260501_20260930.pdf
PRFFK,2025-10-01,2026-04-30,HAYIR,katilim_endeksleri_20260501_20260930.pdf
PRKAB,2025-10-01,2026-04-30,HAYIR,katilim_endeksleri_20260501_20260930.pdf
PRKME,2025-10-01,2026-04-30,HAYIR,katilim_endeksleri_20260501_20260930.pdf
PRZMA,2025-10-01,2026-04-30,HAYIR,katilim_endeksleri_20260501_20260930.pdf
PSDTC,2025-10-01,2026-04-30,HAYIR,katilim_endeksleri_20260501_20260930.pdf
PSGYO,2025-10-01,2026-04-30,HAYIR,katilim_endeksleri_20260501_20260930.pdf
QNBFF,2025-10-01,2026-04-30,HAYIR,katilim_endeksleri_20260501_20260930.pdf
QNBFK,2025-10-01,2026-04-30,HAYIR,katilim_endeksleri_20260501_20260930.pdf
QNBTR,2025-10-01,2026-04-30,HAYIR,katilim_endeksleri_20260501_20260930.pdf
QNBVK,2025-10-01,2026-04-30,HAYIR,katilim_endeksleri_20260501_20260930.pdf
QUFIN,2025-10-01,2026-04-30,HAYIR,katilim_endeksleri_20260501_20260930.pdf
QUICK,2025-10-01,2026-04-30,HAYIR,katilim_endeksleri_20260501_20260930.pdf
QYATB,2025-10-01,2026-04-30,HAYIR,katilim_endeksleri_20260501_20260930.pdf
QYHOL,2025-10-01,2026-04-30,HAYIR,katilim_endeksleri_20260501_20260930.pdf
RALYH,2025-10-01,2026-04-30,HAYIR,katilim_endeksleri_20260501_20260930.pdf
RAYSG,2025-10-01,2026-04-30,HAYIR,katilim_endeksleri_20260501_20260930.pdf
REEDR,2025-10-01,2026-04-30,HAYIR,katilim_endeksleri_20260501_20260930.pdf
RTALB,2025-10-01,2026-04-30,HAYIR,katilim_endeksleri_20260501_20260930.pdf
RUZYE,2025-10-01,2026-04-30,HAYIR,katilim_endeksleri_20260501_20260930.pdf
RYGYO,2025-10-01,2026-04-30,HAYIR,katilim_endeksleri_20260501_20260930.pdf
RYSAS,2025-10-01,2026-04-30,HAYIR,katilim_endeksleri_20260501_20260930.pdf
SAHOL,2025-10-01,2026-04-30,HAYIR,katilim_endeksleri_20260501_20260930.pdf
SANFM,2025-10-01,2026-04-30,HAYIR,katilim_endeksleri_20260501_20260930.pdf
SARAE,2025-10-01,2026-04-30,HAYIR,katilim_endeksleri_20260501_20260930.pdf
SARTN,2025-10-01,2026-04-30,HAYIR,katilim_endeksleri_20260501_20260930.pdf
SASA,2025-10-01,2026-04-30,HAYIR,katilim_endeksleri_20260501_20260930.pdf
SDTTR,2025-10-01,2026-04-30,HAYIR,katilim_endeksleri_20260501_20260930.pdf
SEGMN,2025-10-01,2026-04-30,HAYIR,katilim_endeksleri_20260501_20260930.pdf
SEGYO,2025-10-01,2026-04-30,HAYIR,katilim_endeksleri_20260501_20260930.pdf
SEK,2025-10-01,2026-04-30,HAYIR,katilim_endeksleri_20260501_20260930.pdf
SEKFK,2025-10-01,2026-04-30,HAYIR,katilim_endeksleri_20260501_20260930.pdf
SERNT,2025-10-01,2026-04-30,HAYIR,katilim_endeksleri_20260501_20260930.pdf
SEYKM,2025-10-01,2026-04-30,HAYIR,katilim_endeksleri_20260501_20260930.pdf
SISE,2025-10-01,2026-04-30,HAYIR,katilim_endeksleri_20260501_20260930.pdf
SKBNK,2025-10-01,2026-04-30,HAYIR,katilim_endeksleri_20260501_20260930.pdf
SKTAS,2025-10-01,2026-04-30,HAYIR,katilim_endeksleri_20260501_20260930.pdf
SKY,2025-10-01,2026-04-30,HAYIR,katilim_endeksleri_20260501_20260930.pdf
SKYLP,2025-10-01,2026-04-30,HAYIR,katilim_endeksleri_20260501_20260930.pdf
SKYMD,2025-10-01,2026-04-30,HAYIR,katilim_endeksleri_20260501_20260930.pdf
SMRFA,2025-10-01,2026-04-30,HAYIR,katilim_endeksleri_20260501_20260930.pdf
SMRVA,2025-10-01,2026-04-30,HAYIR,katilim_endeksleri_20260501_20260930.pdf
SNPAM,2025-10-01,2026-04-30,HAYIR,katilim_endeksleri_20260501_20260930.pdf
SODSN,2025-10-01,2026-04-30,HAYIR,katilim_endeksleri_20260501_20260930.pdf
SOKM,2025-10-01,2026-04-30,HAYIR,katilim_endeksleri_20260501_20260930.pdf
SONME,2025-10-01,2026-04-30,HAYIR,katilim_endeksleri_20260501_20260930.pdf
SUMAS,2025-10-01,2026-04-30,HAYIR,katilim_endeksleri_20260501_20260930.pdf
SVGYO,2025-10-01,2026-04-30,HAYIR,katilim_endeksleri_20260501_20260930.pdf
TABGD,2025-10-01,2026-04-30,HAYIR,katilim_endeksleri_20260501_20260930.pdf
TAC,2025-10-01,2026-04-30,HAYIR,katilim_endeksleri_20260501_20260930.pdf
TAE,2025-10-01,2026-04-30,HAYIR,katilim_endeksleri_20260501_20260930.pdf
TAMFA,2025-10-01,2026-04-30,HAYIR,katilim_endeksleri_20260501_20260930.pdf
TARFN,2025-10-01,2026-04-30,HAYIR,katilim_endeksleri_20260501_20260930.pdf
TATEN,2025-10-01,2026-04-30,HAYIR,katilim_endeksleri_20260501_20260930.pdf
TATGD,2025-10-01,2026-04-30,HAYIR,katilim_endeksleri_20260501_20260930.pdf
TAVHL,2025-10-01,2026-04-30,HAYIR,katilim_endeksleri_20260501_20260930.pdf
TBORG,2025-10-01,2026-04-30,HAYIR,katilim_endeksleri_20260501_20260930.pdf
TCELL,2025-10-01,2026-04-30,HAYIR,katilim_endeksleri_20260501_20260930.pdf
TCKRC,2025-10-01,2026-04-30,HAYIR,katilim_endeksleri_20260501_20260930.pdf
TCRYT,2025-10-01,2026-04-30,HAYIR,katilim_endeksleri_20260501_20260930.pdf
TEBFA,2025-10-01,2026-04-30,HAYIR,katilim_endeksleri_20260501_20260930.pdf
TEHOL,2025-10-01,2026-04-30,HAYIR,katilim_endeksleri_20260501_20260930.pdf
TEKTU,2025-10-01,2026-04-30,HAYIR,katilim_endeksleri_20260501_20260930.pdf
TERA,2025-10-01,2026-04-30,HAYIR,katilim_endeksleri_20260501_20260930.pdf
TEVKS,2025-10-01,2026-04-30,HAYIR,katilim_endeksleri_20260501_20260930.pdf
TFNVK,2025-10-01,2026-04-30,HAYIR,katilim_endeksleri_20260501_20260930.pdf
TGB,2025-10-01,2026-04-30,HAYIR,katilim_endeksleri_20260501_20260930.pdf
TGSAS,2025-10-01,2026-04-30,HAYIR,katilim_endeksleri_20260501_20260930.pdf
THL,2025-10-01,2026-04-30,HAYIR,katilim_endeksleri_20260501_20260930.pdf
THR,2025-10-01,2026-04-30,HAYIR,katilim_endeksleri_20260501_20260930.pdf
THYAO,2025-10-01,2026-04-30,HAYIR,katilim_endeksleri_20260501_20260930.pdf
TIB,2025-10-01,2026-04-30,HAYIR,katilim_endeksleri_20260501_20260930.pdf
TIMUR,2025-10-01,2026-04-30,HAYIR,katilim_endeksleri_20260501_20260930.pdf
TKFEN,2025-10-01,2026-04-30,HAYIR,katilim_endeksleri_20260501_20260930.pdf
TLMAN,2025-10-01,2026-04-30,HAYIR,katilim_endeksleri_20260501_20260930.pdf
TMPOL,2025-10-01,2026-04-30,HAYIR,katilim_endeksleri_20260501_20260930.pdf
TOASO,2025-10-01,2026-04-30,HAYIR,katilim_endeksleri_20260501_20260930.pdf
TRA,2025-10-01,2026-04-30,HAYIR,katilim_endeksleri_20260501_20260930.pdf
TRALT,2025-10-01,2026-04-30,HAYIR,katilim_endeksleri_20260501_20260930.pdf
TRBNK,2025-10-01,2026-04-30,HAYIR,katilim_endeksleri_20260501_20260930.pdf
TRCAS,2025-10-01,2026-04-30,HAYIR,katilim_endeksleri_20260501_20260930.pdf
TRENJ,2025-10-01,2026-04-30,HAYIR,katilim_endeksleri_20260501_20260930.pdf
TRFFA,2025-10-01,2026-04-30,HAYIR,katilim_endeksleri_20260501_20260930.pdf
TRGYO,2025-10-01,2026-04-30,HAYIR,katilim_endeksleri_20260501_20260930.pdf
TRHOL,2025-10-01,2026-04-30,HAYIR,katilim_endeksleri_20260501_20260930.pdf
TRILC,2025-10-01,2026-04-30,HAYIR,katilim_endeksleri_20260501_20260930.pdf
TRKFN,2025-10-01,2026-04-30,HAYIR,katilim_endeksleri_20260501_20260930.pdf
TRKNT,2025-10-01,2026-04-30,HAYIR,katilim_endeksleri_20260501_20260930.pdf
TRMEN,2025-10-01,2026-04-30,HAYIR,katilim_endeksleri_20260501_20260930.pdf
TRMET,2025-10-01,2026-04-30,HAYIR,katilim_endeksleri_20260501_20260930.pdf
TRYKI,2025-10-01,2026-04-30,HAYIR,katilim_endeksleri_20260501_20260930.pdf
TSGYO,2025-10-01,2026-04-30,HAYIR,katilim_endeksleri_20260501_20260930.pdf
TSK,2025-10-01,2026-04-30,HAYIR,katilim_endeksleri_20260501_20260930.pdf
TSKB,2025-10-01,2026-04-30,HAYIR,katilim_endeksleri_20260501_20260930.pdf
TSPOR,2025-10-01,2026-04-30,HAYIR,katilim_endeksleri_20260501_20260930.pdf
TTKOM,2025-10-01,2026-04-30,HAYIR,katilim_endeksleri_20260501_20260930.pdf
TTRAK,2025-10-01,2026-04-30,HAYIR,katilim_endeksleri_20260501_20260930.pdf
TURGG,2025-10-01,2026-04-30,HAYIR,katilim_endeksleri_20260501_20260930.pdf
TURSG,2025-10-01,2026-04-30,HAYIR,katilim_endeksleri_20260501_20260930.pdf
TV8TV,2025-10-01,2026-04-30,HAYIR,katilim_endeksleri_20260501_20260930.pdf
TVB,2025-10-01,2026-04-30,HAYIR,katilim_endeksleri_20260501_20260930.pdf
TVM,2025-10-01,2026-04-30,HAYIR,katilim_endeksleri_20260501_20260930.pdf
UFUK,2025-10-01,2026-04-30,HAYIR,katilim_endeksleri_20260501_20260930.pdf
ULKER,2025-10-01,2026-04-30,HAYIR,katilim_endeksleri_20260501_20260930.pdf
ULUFA,2025-10-01,2026-04-30,HAYIR,katilim_endeksleri_20260501_20260930.pdf
ULUUN,2025-10-01,2026-04-30,HAYIR,katilim_endeksleri_20260501_20260930.pdf
UMPAS,2025-10-01,2026-04-30,HAYIR,katilim_endeksleri_20260501_20260930.pdf
UNLU,2025-10-01,2026-04-30,HAYIR,katilim_endeksleri_20260501_20260930.pdf
VAKBN,2025-10-01,2026-04-30,HAYIR,katilim_endeksleri_20260501_20260930.pdf
VAKFA,2025-10-01,2026-04-30,HAYIR,katilim_endeksleri_20260501_20260930.pdf
VAKFN,2025-10-01,2026-04-30,HAYIR,katilim_endeksleri_20260501_20260930.pdf
VAKVK,2025-10-01,2026-04-30,HAYIR,katilim_endeksleri_20260501_20260930.pdf
VBTYZ,2025-10-01,2026-04-30,HAYIR,katilim_endeksleri_20260501_20260930.pdf
VDFAS,2025-10-01,2026-04-30,HAYIR,katilim_endeksleri_20260501_20260930.pdf
VDFLO,2025-10-01,2026-04-30,HAYIR,katilim_endeksleri_20260501_20260930.pdf
VERTU,2025-10-01,2026-04-30,HAYIR,katilim_endeksleri_20260501_20260930.pdf
VERUS,2025-10-01,2026-04-30,HAYIR,katilim_endeksleri_20260501_20260930.pdf
VESTL,2025-10-01,2026-04-30,HAYIR,katilim_endeksleri_20260501_20260930.pdf
VKFYO,2025-10-01,2026-04-30,HAYIR,katilim_endeksleri_20260501_20260930.pdf
VKGYO,2025-10-01,2026-04-30,HAYIR,katilim_endeksleri_20260501_20260930.pdf
VKING,2025-10-01,2026-04-30,HAYIR,katilim_endeksleri_20260501_20260930.pdf
VSNMD,2025-10-01,2026-04-30,HAYIR,katilim_endeksleri_20260501_20260930.pdf
YAPRK,2025-10-01,2026-04-30,HAYIR,katilim_endeksleri_20260501_20260930.pdf
YATVK,2025-10-01,2026-04-30,HAYIR,katilim_endeksleri_20260501_20260930.pdf
YAYLA,2025-10-01,2026-04-30,HAYIR,katilim_endeksleri_20260501_20260930.pdf
YBQ,2025-10-01,2026-04-30,HAYIR,katilim_endeksleri_20260501_20260930.pdf
YBTAS,2025-10-01,2026-04-30,HAYIR,katilim_endeksleri_20260501_20260930.pdf
YESIL,2025-10-01,2026-04-30,HAYIR,katilim_endeksleri_20260501_20260930.pdf
YGGYO,2025-10-01,2026-04-30,HAYIR,katilim_endeksleri_20260501_20260930.pdf
YIGIT,2025-10-01,2026-04-30,HAYIR,katilim_endeksleri_20260501_20260930.pdf
YKB,2025-10-01,2026-04-30,HAYIR,katilim_endeksleri_20260501_20260930.pdf
YKBNK,2025-10-01,2026-04-30,HAYIR,katilim_endeksleri_20260501_20260930.pdf
YKFIN,2025-10-01,2026-04-30,HAYIR,katilim_endeksleri_20260501_20260930.pdf
YKFKT,2025-10-01,2026-04-30,HAYIR,katilim_endeksleri_20260501_20260930.pdf
YKR,2025-10-01,2026-04-30,HAYIR,katilim_endeksleri_20260501_20260930.pdf
YKSLN,2025-10-01,2026-04-30,HAYIR,katilim_endeksleri_20260501_20260930.pdf
YKYAT,2025-10-01,2026-04-30,HAYIR,katilim_endeksleri_20260501_20260930.pdf
YONGA,2025-10-01,2026-04-30,HAYIR,katilim_endeksleri_20260501_20260930.pdf
YYAPI,2025-10-01,2026-04-30,HAYIR,katilim_endeksleri_20260501_20260930.pdf
YYLGD,2025-10-01,2026-04-30,HAYIR,katilim_endeksleri_20260501_20260930.pdf
ZGYO,2025-10-01,2026-04-30,HAYIR,katilim_endeksleri_20260501_20260930.pdf
ZKBVK,2025-10-01,2026-04-30,HAYIR,katilim_endeksleri_20260501_20260930.pdf
ZKBVR,2025-10-01,2026-04-30,HAYIR,katilim_endeksleri_20260501_20260930.pdf
ZOREN,2025-10-01,2026-04-30,HAYIR,katilim_endeksleri_20260501_20260930.pdf
ZRGYO,2025-10-01,2026-04-30,HAYIR,katilim_endeksleri_20260501_20260930.pdf
AAGYO,2026-05-01,2026-09-30,EVET,"endeks_uyeligi.csv (KAP, 2026-08-08)"
ACSEL,2026-05-01,2026-09-30,EVET,"endeks_uyeligi.csv (KAP, 2026-08-08)"
AHGAZ,2026-05-01,2026-09-30,EVET,"endeks_uyeligi.csv (KAP, 2026-08-08)"
AHSGY,2026-05-01,2026-09-30,EVET,"endeks_uyeligi.csv (KAP, 2026-08-08)"
AKFYE,2026-05-01,2026-09-30,EVET,"endeks_uyeligi.csv (KAP, 2026-08-08)"
AKHAN,2026-05-01,2026-09-30,EVET,"endeks_uyeligi.csv (KAP, 2026-08-08)"
ALBRK,2026-05-01,2026-09-30,EVET,"endeks_uyeligi.csv (KAP, 2026-08-08)"
ALBTN,2026-05-01,2026-09-30,EVET,"endeks_uyeligi.csv (KAP, 2026-08-08)"
ALCTL,2026-05-01,2026-09-30,EVET,"endeks_uyeligi.csv (KAP, 2026-08-08)"
ALFAS,2026-05-01,2026-09-30,EVET,"endeks_uyeligi.csv (KAP, 2026-08-08)"
ALK,2026-05-01,2026-09-30,EVET,"endeks_uyeligi.csv (KAP, 2026-08-08)"
ALKA,2026-05-01,2026-09-30,EVET,"endeks_uyeligi.csv (KAP, 2026-08-08)"
ALKIM,2026-05-01,2026-09-30,EVET,"endeks_uyeligi.csv (KAP, 2026-08-08)"
ALKLC,2026-05-01,2026-09-30,EVET,"endeks_uyeligi.csv (KAP, 2026-08-08)"
ALTNY,2026-05-01,2026-09-30,EVET,"endeks_uyeligi.csv (KAP, 2026-08-08)"
ALVES,2026-05-01,2026-09-30,EVET,"endeks_uyeligi.csv (KAP, 2026-08-08)"
ANGEN,2026-05-01,2026-09-30,EVET,"endeks_uyeligi.csv (KAP, 2026-08-08)"
ARASE,2026-05-01,2026-09-30,EVET,"endeks_uyeligi.csv (KAP, 2026-08-08)"
ARDYZ,2026-05-01,2026-09-30,EVET,"endeks_uyeligi.csv (KAP, 2026-08-08)"
ARENA,2026-05-01,2026-09-30,EVET,"endeks_uyeligi.csv (KAP, 2026-08-08)"
ARFYE,2026-05-01,2026-09-30,EVET,"endeks_uyeligi.csv (KAP, 2026-08-08)"
ASELS,2026-05-01,2026-09-30,EVET,"endeks_uyeligi.csv (KAP, 2026-08-08)"
ATAKP,2026-05-01,2026-09-30,EVET,"endeks_uyeligi.csv (KAP, 2026-08-08)"
ATATP,2026-05-01,2026-09-30,EVET,"endeks_uyeligi.csv (KAP, 2026-08-08)"
AVPGY,2026-05-01,2026-09-30,EVET,"endeks_uyeligi.csv (KAP, 2026-08-08)"
AYEN,2026-05-01,2026-09-30,EVET,"endeks_uyeligi.csv (KAP, 2026-08-08)"
BAHKM,2026-05-01,2026-09-30,EVET,"endeks_uyeligi.csv (KAP, 2026-08-08)"
BAKAB,2026-05-01,2026-09-30,EVET,"endeks_uyeligi.csv (KAP, 2026-08-08)"
BASGZ,2026-05-01,2026-09-30,EVET,"endeks_uyeligi.csv (KAP, 2026-08-08)"
BAYRK,2026-05-01,2026-09-30,EVET,"endeks_uyeligi.csv (KAP, 2026-08-08)"
BEGYO,2026-05-01,2026-09-30,EVET,"endeks_uyeligi.csv (KAP, 2026-08-08)"
BERA,2026-05-01,2026-09-30,EVET,"endeks_uyeligi.csv (KAP, 2026-08-08)"
BESTE,2026-05-01,2026-09-30,EVET,"endeks_uyeligi.csv (KAP, 2026-08-08)"
BETAE,2026-05-01,2026-09-30,EVET,"endeks_uyeligi.csv (KAP, 2026-08-08)"
BIENY,2026-05-01,2026-09-30,EVET,"endeks_uyeligi.csv (KAP, 2026-08-08)"
BIMAS,2026-05-01,2026-09-30,EVET,"endeks_uyeligi.csv (KAP, 2026-08-08)"
BINBN,2026-05-01,2026-09-30,EVET,"endeks_uyeligi.csv (KAP, 2026-08-08)"
BINHO,2026-05-01,2026-09-30,EVET,"endeks_uyeligi.csv (KAP, 2026-08-08)"
BMSTL,2026-05-01,2026-09-30,EVET,"endeks_uyeligi.csv (KAP, 2026-08-08)"
BORSK,2026-05-01,2026-09-30,EVET,"endeks_uyeligi.csv (KAP, 2026-08-08)"
BOSSA,2026-05-01,2026-09-30,EVET,"endeks_uyeligi.csv (KAP, 2026-08-08)"
BRISA,2026-05-01,2026-09-30,EVET,"endeks_uyeligi.csv (KAP, 2026-08-08)"
BRKSN,2026-05-01,2026-09-30,EVET,"endeks_uyeligi.csv (KAP, 2026-08-08)"
BRLSM,2026-05-01,2026-09-30,EVET,"endeks_uyeligi.csv (KAP, 2026-08-08)"
BSOKE,2026-05-01,2026-09-30,EVET,"endeks_uyeligi.csv (KAP, 2026-08-08)"
BUCIM,2026-05-01,2026-09-30,EVET,"endeks_uyeligi.csv (KAP, 2026-08-08)"
BURCE,2026-05-01,2026-09-30,EVET,"endeks_uyeligi.csv (KAP, 2026-08-08)"
BURVA,2026-05-01,2026-09-30,EVET,"endeks_uyeligi.csv (KAP, 2026-08-08)"
BYDNR,2026-05-01,2026-09-30,EVET,"endeks_uyeligi.csv (KAP, 2026-08-08)"
CANTE,2026-05-01,2026-09-30,EVET,"endeks_uyeligi.csv (KAP, 2026-08-08)"
CATES,2026-05-01,2026-09-30,EVET,"endeks_uyeligi.csv (KAP, 2026-08-08)"
CELHA,2026-05-01,2026-09-30,EVET,"endeks_uyeligi.csv (KAP, 2026-08-08)"
CEMTS,2026-05-01,2026-09-30,EVET,"endeks_uyeligi.csv (KAP, 2026-08-08)"
CEMZY,2026-05-01,2026-09-30,EVET,"endeks_uyeligi.csv (KAP, 2026-08-08)"
CIMSA,2026-05-01,2026-09-30,EVET,"endeks_uyeligi.csv (KAP, 2026-08-08)"
CMBTN,2026-05-01,2026-09-30,EVET,"endeks_uyeligi.csv (KAP, 2026-08-08)"
COSMO,2026-05-01,2026-09-30,EVET,"endeks_uyeligi.csv (KAP, 2026-08-08)"
CVKMD,2026-05-01,2026-09-30,EVET,"endeks_uyeligi.csv (KAP, 2026-08-08)"
CWENE,2026-05-01,2026-09-30,EVET,"endeks_uyeligi.csv (KAP, 2026-08-08)"
DAPGM,2026-05-01,2026-09-30,EVET,"endeks_uyeligi.csv (KAP, 2026-08-08)"
DARDL,2026-05-01,2026-09-30,EVET,"endeks_uyeligi.csv (KAP, 2026-08-08)"
DCTTR,2026-05-01,2026-09-30,EVET,"endeks_uyeligi.csv (KAP, 2026-08-08)"
DENGE,2026-05-01,2026-09-30,EVET,"endeks_uyeligi.csv (KAP, 2026-08-08)"
DESPC,2026-05-01,2026-09-30,EVET,"endeks_uyeligi.csv (KAP, 2026-08-08)"
DGATE,2026-05-01,2026-09-30,EVET,"endeks_uyeligi.csv (KAP, 2026-08-08)"
DITAS,2026-05-01,2026-09-30,EVET,"endeks_uyeligi.csv (KAP, 2026-08-08)"
DMSAS,2026-05-01,2026-09-30,EVET,"endeks_uyeligi.csv (KAP, 2026-08-08)"
DNISI,2026-05-01,2026-09-30,EVET,"endeks_uyeligi.csv (KAP, 2026-08-08)"
DOFER,2026-05-01,2026-09-30,EVET,"endeks_uyeligi.csv (KAP, 2026-08-08)"
DOFRB,2026-05-01,2026-09-30,EVET,"endeks_uyeligi.csv (KAP, 2026-08-08)"
DOGUB,2026-05-01,2026-09-30,EVET,"endeks_uyeligi.csv (KAP, 2026-08-08)"
DYOBY,2026-05-01,2026-09-30,EVET,"endeks_uyeligi.csv (KAP, 2026-08-08)"
EBEBK,2026-05-01,2026-09-30,EVET,"endeks_uyeligi.csv (KAP, 2026-08-08)"
EDATA,2026-05-01,2026-09-30,EVET,"endeks_uyeligi.csv (KAP, 2026-08-08)"
EDIP,2026-05-01,2026-09-30,EVET,"endeks_uyeligi.csv (KAP, 2026-08-08)"
EFOR,2026-05-01,2026-09-30,EVET,"endeks_uyeligi.csv (KAP, 2026-08-08)"
EGEPO,2026-05-01,2026-09-30,EVET,"endeks_uyeligi.csv (KAP, 2026-08-08)"
EGGUB,2026-05-01,2026-09-30,EVET,"endeks_uyeligi.csv (KAP, 2026-08-08)"
EGPRO,2026-05-01,2026-09-30,EVET,"endeks_uyeligi.csv (KAP, 2026-08-08)"
EKGYO,2026-05-01,2026-09-30,EVET,"endeks_uyeligi.csv (KAP, 2026-08-08)"
EKSUN,2026-05-01,2026-09-30,EVET,"endeks_uyeligi.csv (KAP, 2026-08-08)"
ELITE,2026-05-01,2026-09-30,EVET,"endeks_uyeligi.csv (KAP, 2026-08-08)"
EMPAE,2026-05-01,2026-09-30,EVET,"endeks_uyeligi.csv (KAP, 2026-08-08)"
ENJSA,2026-05-01,2026-09-30,EVET,"endeks_uyeligi.csv (KAP, 2026-08-08)"
EREGL,2026-05-01,2026-09-30,EVET,"endeks_uyeligi.csv (KAP, 2026-08-08)"
ESCOM,2026-05-01,2026-09-30,EVET,"endeks_uyeligi.csv (KAP, 2026-08-08)"
EUPWR,2026-05-01,2026-09-30,EVET,"endeks_uyeligi.csv (KAP, 2026-08-08)"
EYGYO,2026-05-01,2026-09-30,EVET,"endeks_uyeligi.csv (KAP, 2026-08-08)"
FADE,2026-05-01,2026-09-30,EVET,"endeks_uyeligi.csv (KAP, 2026-08-08)"
FONET,2026-05-01,2026-09-30,EVET,"endeks_uyeligi.csv (KAP, 2026-08-08)"
FORMT,2026-05-01,2026-09-30,EVET,"endeks_uyeligi.csv (KAP, 2026-08-08)"
FORTE,2026-05-01,2026-09-30,EVET,"endeks_uyeligi.csv (KAP, 2026-08-08)"
FRMPL,2026-05-01,2026-09-30,EVET,"endeks_uyeligi.csv (KAP, 2026-08-08)"
FZLGY,2026-05-01,2026-09-30,EVET,"endeks_uyeligi.csv (KAP, 2026-08-08)"
GEDZA,2026-05-01,2026-09-30,EVET,"endeks_uyeligi.csv (KAP, 2026-08-08)"
GENIL,2026-05-01,2026-09-30,EVET,"endeks_uyeligi.csv (KAP, 2026-08-08)"
GENKM,2026-05-01,2026-09-30,EVET,"endeks_uyeligi.csv (KAP, 2026-08-08)"
GENTS,2026-05-01,2026-09-30,EVET,"endeks_uyeligi.csv (KAP, 2026-08-08)"
GEREL,2026-05-01,2026-09-30,EVET,"endeks_uyeligi.csv (KAP, 2026-08-08)"
GESAN,2026-05-01,2026-09-30,EVET,"endeks_uyeligi.csv (KAP, 2026-08-08)"
GLRMK,2026-05-01,2026-09-30,EVET,"endeks_uyeligi.csv (KAP, 2026-08-08)"
GMTAS,2026-05-01,2026-09-30,EVET,"endeks_uyeligi.csv (KAP, 2026-08-08)"
GOKNR,2026-05-01,2026-09-30,EVET,"endeks_uyeligi.csv (KAP, 2026-08-08)"
GOLDA,2026-05-01,2026-09-30,EVET,"endeks_uyeligi.csv (KAP, 2026-08-08)"
GOLTS,2026-05-01,2026-09-30,EVET,"endeks_uyeligi.csv (KAP, 2026-08-08)"
GOODY,2026-05-01,2026-09-30,EVET,"endeks_uyeligi.csv (KAP, 2026-08-08)"
GRSEL,2026-05-01,2026-09-30,EVET,"endeks_uyeligi.csv (KAP, 2026-08-08)"
GRTHO,2026-05-01,2026-09-30,EVET,"endeks_uyeligi.csv (KAP, 2026-08-08)"
GUBRF,2026-05-01,2026-09-30,EVET,"endeks_uyeligi.csv (KAP, 2026-08-08)"
GUNDG,2026-05-01,2026-09-30,EVET,"endeks_uyeligi.csv (KAP, 2026-08-08)"
HATSN,2026-05-01,2026-09-30,EVET,"endeks_uyeligi.csv (KAP, 2026-08-08)"
HKTM,2026-05-01,2026-09-30,EVET,"endeks_uyeligi.csv (KAP, 2026-08-08)"
HOROZ,2026-05-01,2026-09-30,EVET,"endeks_uyeligi.csv (KAP, 2026-08-08)"
HRKET,2026-05-01,2026-09-30,EVET,"endeks_uyeligi.csv (KAP, 2026-08-08)"
IDGYO,2026-05-01,2026-09-30,EVET,"endeks_uyeligi.csv (KAP, 2026-08-08)"
IHEVA,2026-05-01,2026-09-30,EVET,"endeks_uyeligi.csv (KAP, 2026-08-08)"
IHLAS,2026-05-01,2026-09-30,EVET,"endeks_uyeligi.csv (KAP, 2026-08-08)"
IHLGM,2026-05-01,2026-09-30,EVET,"endeks_uyeligi.csv (KAP, 2026-08-08)"
IHYAY,2026-05-01,2026-09-30,EVET,"endeks_uyeligi.csv (KAP, 2026-08-08)"
IMASM,2026-05-01,2026-09-30,EVET,"endeks_uyeligi.csv (KAP, 2026-08-08)"
INGRM,2026-05-01,2026-09-30,EVET,"endeks_uyeligi.csv (KAP, 2026-08-08)"
INTEM,2026-05-01,2026-09-30,EVET,"endeks_uyeligi.csv (KAP, 2026-08-08)"
ISDMR,2026-05-01,2026-09-30,EVET,"endeks_uyeligi.csv (KAP, 2026-08-08)"
IZFAS,2026-05-01,2026-09-30,EVET,"endeks_uyeligi.csv (KAP, 2026-08-08)"
IZINV,2026-05-01,2026-09-30,EVET,"endeks_uyeligi.csv (KAP, 2026-08-08)"
JANTS,2026-05-01,2026-09-30,EVET,"endeks_uyeligi.csv (KAP, 2026-08-08)"
KARSN,2026-05-01,2026-09-30,EVET,"endeks_uyeligi.csv (KAP, 2026-08-08)"
KATMR,2026-05-01,2026-09-30,EVET,"endeks_uyeligi.csv (KAP, 2026-08-08)"
KBORU,2026-05-01,2026-09-30,EVET,"endeks_uyeligi.csv (KAP, 2026-08-08)"
KCAER,2026-05-01,2026-09-30,EVET,"endeks_uyeligi.csv (KAP, 2026-08-08)"
KIMMR,2026-05-01,2026-09-30,EVET,"endeks_uyeligi.csv (KAP, 2026-08-08)"
KLSER,2026-05-01,2026-09-30,EVET,"endeks_uyeligi.csv (KAP, 2026-08-08)"
KLSYN,2026-05-01,2026-09-30,EVET,"endeks_uyeligi.csv (KAP, 2026-08-08)"
KMPUR,2026-05-01,2026-09-30,EVET,"endeks_uyeligi.csv (KAP, 2026-08-08)"
KNFRT,2026-05-01,2026-09-30,EVET,"endeks_uyeligi.csv (KAP, 2026-08-08)"
KOCMT,2026-05-01,2026-09-30,EVET,"endeks_uyeligi.csv (KAP, 2026-08-08)"
KONKA,2026-05-01,2026-09-30,EVET,"endeks_uyeligi.csv (KAP, 2026-08-08)"
KONYA,2026-05-01,2026-09-30,EVET,"endeks_uyeligi.csv (KAP, 2026-08-08)"
KOPOL,2026-05-01,2026-09-30,EVET,"endeks_uyeligi.csv (KAP, 2026-08-08)"
KOTON,2026-05-01,2026-09-30,EVET,"endeks_uyeligi.csv (KAP, 2026-08-08)"
KRDMA,2026-05-01,2026-09-30,EVET,"endeks_uyeligi.csv (KAP, 2026-08-08)"
KRDMB,2026-05-01,2026-09-30,EVET,"endeks_uyeligi.csv (KAP, 2026-08-08)"
KRDMD,2026-05-01,2026-09-30,EVET,"endeks_uyeligi.csv (KAP, 2026-08-08)"
KRGYO,2026-05-01,2026-09-30,EVET,"endeks_uyeligi.csv (KAP, 2026-08-08)"
KRONT,2026-05-01,2026-09-30,EVET,"endeks_uyeligi.csv (KAP, 2026-08-08)"
KRPLS,2026-05-01,2026-09-30,EVET,"endeks_uyeligi.csv (KAP, 2026-08-08)"
KRSTL,2026-05-01,2026-09-30,EVET,"endeks_uyeligi.csv (KAP, 2026-08-08)"
KRVGD,2026-05-01,2026-09-30,EVET,"endeks_uyeligi.csv (KAP, 2026-08-08)"
KTLEV,2026-05-01,2026-09-30,EVET,"endeks_uyeligi.csv (KAP, 2026-08-08)"
KUTPO,2026-05-01,2026-09-30,EVET,"endeks_uyeligi.csv (KAP, 2026-08-08)"
KZBGY,2026-05-01,2026-09-30,EVET,"endeks_uyeligi.csv (KAP, 2026-08-08)"
LKMNH,2026-05-01,2026-09-30,EVET,"endeks_uyeligi.csv (KAP, 2026-08-08)"
LMKDC,2026-05-01,2026-09-30,EVET,"endeks_uyeligi.csv (KAP, 2026-08-08)"
LOGO,2026-05-01,2026-09-30,EVET,"endeks_uyeligi.csv (KAP, 2026-08-08)"
LXGYO,2026-05-01,2026-09-30,EVET,"endeks_uyeligi.csv (KAP, 2026-08-08)"
MAGEN,2026-05-01,2026-09-30,EVET,"endeks_uyeligi.csv (KAP, 2026-08-08)"
MAKIM,2026-05-01,2026-09-30,EVET,"endeks_uyeligi.csv (KAP, 2026-08-08)"
MARBL,2026-05-01,2026-09-30,EVET,"endeks_uyeligi.csv (KAP, 2026-08-08)"
MAVI,2026-05-01,2026-09-30,EVET,"endeks_uyeligi.csv (KAP, 2026-08-08)"
MCARD,2026-05-01,2026-09-30,EVET,"endeks_uyeligi.csv (KAP, 2026-08-08)"
MEDTR,2026-05-01,2026-09-30,EVET,"endeks_uyeligi.csv (KAP, 2026-08-08)"
MEGMT,2026-05-01,2026-09-30,EVET,"endeks_uyeligi.csv (KAP, 2026-08-08)"
MEKAG,2026-05-01,2026-09-30,EVET,"endeks_uyeligi.csv (KAP, 2026-08-08)"
MERCN,2026-05-01,2026-09-30,EVET,"endeks_uyeligi.csv (KAP, 2026-08-08)"
MERKO,2026-05-01,2026-09-30,EVET,"endeks_uyeligi.csv (KAP, 2026-08-08)"
MEYSU,2026-05-01,2026-09-30,EVET,"endeks_uyeligi.csv (KAP, 2026-08-08)"
MNDTR,2026-05-01,2026-09-30,EVET,"endeks_uyeligi.csv (KAP, 2026-08-08)"
MOBTL,2026-05-01,2026-09-30,EVET,"endeks_uyeligi.csv (KAP, 2026-08-08)"
MOPAS,2026-05-01,2026-09-30,EVET,"endeks_uyeligi.csv (KAP, 2026-08-08)"
MPARK,2026-05-01,2026-09-30,EVET,"endeks_uyeligi.csv (KAP, 2026-08-08)"
NETAS,2026-05-01,2026-09-30,EVET,"endeks_uyeligi.csv (KAP, 2026-08-08)"
NETCD,2026-05-01,2026-09-30,EVET,"endeks_uyeligi.csv (KAP, 2026-08-08)"
NTGAZ,2026-05-01,2026-09-30,EVET,"endeks_uyeligi.csv (KAP, 2026-08-08)"
OBAMS,2026-05-01,2026-09-30,EVET,"endeks_uyeligi.csv (KAP, 2026-08-08)"
OBASE,2026-05-01,2026-09-30,EVET,"endeks_uyeligi.csv (KAP, 2026-08-08)"
ONCSM,2026-05-01,2026-09-30,EVET,"endeks_uyeligi.csv (KAP, 2026-08-08)"
ORGE,2026-05-01,2026-09-30,EVET,"endeks_uyeligi.csv (KAP, 2026-08-08)"
OSTIM,2026-05-01,2026-09-30,EVET,"endeks_uyeligi.csv (KAP, 2026-08-08)"
OZATD,2026-05-01,2026-09-30,EVET,"endeks_uyeligi.csv (KAP, 2026-08-08)"
OZGYO,2026-05-01,2026-09-30,EVET,"endeks_uyeligi.csv (KAP, 2026-08-08)"
OZRDN,2026-05-01,2026-09-30,EVET,"endeks_uyeligi.csv (KAP, 2026-08-08)"
OZYSR,2026-05-01,2026-09-30,EVET,"endeks_uyeligi.csv (KAP, 2026-08-08)"
PAGYO,2026-05-01,2026-09-30,EVET,"endeks_uyeligi.csv (KAP, 2026-08-08)"
PARSN,2026-05-01,2026-09-30,EVET,"endeks_uyeligi.csv (KAP, 2026-08-08)"
PASEU,2026-05-01,2026-09-30,EVET,"endeks_uyeligi.csv (KAP, 2026-08-08)"
PENGD,2026-05-01,2026-09-30,EVET,"endeks_uyeligi.csv (KAP, 2026-08-08)"
PENTA,2026-05-01,2026-09-30,EVET,"endeks_uyeligi.csv (KAP, 2026-08-08)"
PETKM,2026-05-01,2026-09-30,EVET,"endeks_uyeligi.csv (KAP, 2026-08-08)"
PKART,2026-05-01,2026-09-30,EVET,"endeks_uyeligi.csv (KAP, 2026-08-08)"
PLTUR,2026-05-01,2026-09-30,EVET,"endeks_uyeligi.csv (KAP, 2026-08-08)"
PNSUT,2026-05-01,2026-09-30,EVET,"endeks_uyeligi.csv (KAP, 2026-08-08)"
POLHO,2026-05-01,2026-09-30,EVET,"endeks_uyeligi.csv (KAP, 2026-08-08)"
PRKME,2026-05-01,2026-09-30,EVET,"endeks_uyeligi.csv (KAP, 2026-08-08)"
QUAGR,2026-05-01,2026-09-30,EVET,"endeks_uyeligi.csv (KAP, 2026-08-08)"
RALYH,2026-05-01,2026-09-30,EVET,"endeks_uyeligi.csv (KAP, 2026-08-08)"
RGYAS,2026-05-01,2026-09-30,EVET,"endeks_uyeligi.csv (KAP, 2026-08-08)"
RNPOL,2026-05-01,2026-09-30,EVET,"endeks_uyeligi.csv (KAP, 2026-08-08)"
RODRG,2026-05-01,2026-09-30,EVET,"endeks_uyeligi.csv (KAP, 2026-08-08)"
RUBNS,2026-05-01,2026-09-30,EVET,"endeks_uyeligi.csv (KAP, 2026-08-08)"
SAFKR,2026-05-01,2026-09-30,EVET,"endeks_uyeligi.csv (KAP, 2026-08-08)"
SAMAT,2026-05-01,2026-09-30,EVET,"endeks_uyeligi.csv (KAP, 2026-08-08)"
SANEL,2026-05-01,2026-09-30,EVET,"endeks_uyeligi.csv (KAP, 2026-08-08)"
SANKO,2026-05-01,2026-09-30,EVET,"endeks_uyeligi.csv (KAP, 2026-08-08)"
SARKY,2026-05-01,2026-09-30,EVET,"endeks_uyeligi.csv (KAP, 2026-08-08)"
SAYAS,2026-05-01,2026-09-30,EVET,"endeks_uyeligi.csv (KAP, 2026-08-08)"
SDTTR,2026-05-01,2026-09-30,EVET,"endeks_uyeligi.csv (KAP, 2026-08-08)"
SEKUR,2026-05-01,2026-09-30,EVET,"endeks_uyeligi.csv (KAP, 2026-08-08)"
SELEC,2026-05-01,2026-09-30,EVET,"endeks_uyeligi.csv (KAP, 2026-08-08)"
SELVA,2026-05-01,2026-09-30,EVET,"endeks_uyeligi.csv (KAP, 2026-08-08)"
SILVR,2026-05-01,2026-09-30,EVET,"endeks_uyeligi.csv (KAP, 2026-08-08)"
SMART,2026-05-01,2026-09-30,EVET,"endeks_uyeligi.csv (KAP, 2026-08-08)"
SNGYO,2026-05-01,2026-09-30,EVET,"endeks_uyeligi.csv (KAP, 2026-08-08)"
SNICA,2026-05-01,2026-09-30,EVET,"endeks_uyeligi.csv (KAP, 2026-08-08)"
SOHOE,2026-05-01,2026-09-30,EVET,"endeks_uyeligi.csv (KAP, 2026-08-08)"
SOKE,2026-05-01,2026-09-30,EVET,"endeks_uyeligi.csv (KAP, 2026-08-08)"
SRVGY,2026-05-01,2026-09-30,EVET,"endeks_uyeligi.csv (KAP, 2026-08-08)"
SSAAT,2026-05-01,2026-09-30,EVET,"endeks_uyeligi.csv (KAP, 2026-08-08)"
SUNTK,2026-05-01,2026-09-30,EVET,"endeks_uyeligi.csv (KAP, 2026-08-08)"
SURGY,2026-05-01,2026-09-30,EVET,"endeks_uyeligi.csv (KAP, 2026-08-08)"
SUWEN,2026-05-01,2026-09-30,EVET,"endeks_uyeligi.csv (KAP, 2026-08-08)"
TARKM,2026-05-01,2026-09-30,EVET,"endeks_uyeligi.csv (KAP, 2026-08-08)"
TEZOL,2026-05-01,2026-09-30,EVET,"endeks_uyeligi.csv (KAP, 2026-08-08)"
TKFEN,2026-05-01,2026-09-30,EVET,"endeks_uyeligi.csv (KAP, 2026-08-08)"
TKNSA,2026-05-01,2026-09-30,EVET,"endeks_uyeligi.csv (KAP, 2026-08-08)"
TMPOL,2026-05-01,2026-09-30,EVET,"endeks_uyeligi.csv (KAP, 2026-08-08)"
TUCLK,2026-05-01,2026-09-30,EVET,"endeks_uyeligi.csv (KAP, 2026-08-08)"
TUKAS,2026-05-01,2026-09-30,EVET,"endeks_uyeligi.csv (KAP, 2026-08-08)"
TUPRS,2026-05-01,2026-09-30,EVET,"endeks_uyeligi.csv (KAP, 2026-08-08)"
TUREX,2026-05-01,2026-09-30,EVET,"endeks_uyeligi.csv (KAP, 2026-08-08)"
TURGG,2026-05-01,2026-09-30,EVET,"endeks_uyeligi.csv (KAP, 2026-08-08)"
UCAYM,2026-05-01,2026-09-30,EVET,"endeks_uyeligi.csv (KAP, 2026-08-08)"
UFUK,2026-05-01,2026-09-30,EVET,"endeks_uyeligi.csv (KAP, 2026-08-08)"
ULUSE,2026-05-01,2026-09-30,EVET,"endeks_uyeligi.csv (KAP, 2026-08-08)"
USAK,2026-05-01,2026-09-30,EVET,"endeks_uyeligi.csv (KAP, 2026-08-08)"
VAKKO,2026-05-01,2026-09-30,EVET,"endeks_uyeligi.csv (KAP, 2026-08-08)"
VANGD,2026-05-01,2026-09-30,EVET,"endeks_uyeligi.csv (KAP, 2026-08-08)"
YATAS,2026-05-01,2026-09-30,EVET,"endeks_uyeligi.csv (KAP, 2026-08-08)"
YEOTK,2026-05-01,2026-09-30,EVET,"endeks_uyeligi.csv (KAP, 2026-08-08)"
YIGIT,2026-05-01,2026-09-30,EVET,"endeks_uyeligi.csv (KAP, 2026-08-08)"
YKSLN,2026-05-01,2026-09-30,EVET,"endeks_uyeligi.csv (KAP, 2026-08-08)"
YUNSA,2026-05-01,2026-09-30,EVET,"endeks_uyeligi.csv (KAP, 2026-08-08)"
ZEDUR,2026-05-01,2026-09-30,EVET,"endeks_uyeligi.csv (KAP, 2026-08-08)"
ZERGY,2026-05-01,2026-09-30,EVET,"endeks_uyeligi.csv (KAP, 2026-08-08)"
A1CAP,2026-05-01,2026-09-30,HAYIR,"endeks_uyeligi.csv (KAP, 2026-08-08)"
A1YEN,2026-05-01,2026-09-30,HAYIR,"endeks_uyeligi.csv (KAP, 2026-08-08)"
ACP,2026-05-01,2026-09-30,HAYIR,"endeks_uyeligi.csv (KAP, 2026-08-08)"
ADB,2026-05-01,2026-09-30,HAYIR,"endeks_uyeligi.csv (KAP, 2026-08-08)"
ADBNK,2026-05-01,2026-09-30,HAYIR,"endeks_uyeligi.csv (KAP, 2026-08-08)"
ADEL,2026-05-01,2026-09-30,HAYIR,"endeks_uyeligi.csv (KAP, 2026-08-08)"
ADESE,2026-05-01,2026-09-30,HAYIR,"endeks_uyeligi.csv (KAP, 2026-08-08)"
ADGYO,2026-05-01,2026-09-30,HAYIR,"endeks_uyeligi.csv (KAP, 2026-08-08)"
ADLVY,2026-05-01,2026-09-30,HAYIR,"endeks_uyeligi.csv (KAP, 2026-08-08)"
AEFES,2026-05-01,2026-09-30,HAYIR,"endeks_uyeligi.csv (KAP, 2026-08-08)"
AFB,2026-05-01,2026-09-30,HAYIR,"endeks_uyeligi.csv (KAP, 2026-08-08)"
AFYON,2026-05-01,2026-09-30,HAYIR,"endeks_uyeligi.csv (KAP, 2026-08-08)"
AGESA,2026-05-01,2026-09-30,HAYIR,"endeks_uyeligi.csv (KAP, 2026-08-08)"
AGHOL,2026-05-01,2026-09-30,HAYIR,"endeks_uyeligi.csv (KAP, 2026-08-08)"
AGROT,2026-05-01,2026-09-30,HAYIR,"endeks_uyeligi.csv (KAP, 2026-08-08)"
AGYO,2026-05-01,2026-09-30,HAYIR,"endeks_uyeligi.csv (KAP, 2026-08-08)"
AKBNK,2026-05-01,2026-09-30,HAYIR,"endeks_uyeligi.csv (KAP, 2026-08-08)"
AKCNS,2026-05-01,2026-09-30,HAYIR,"endeks_uyeligi.csv (KAP, 2026-08-08)"
AKCVR,2026-05-01,2026-09-30,HAYIR,"endeks_uyeligi.csv (KAP, 2026-08-08)"
AKDFA,2026-05-01,2026-09-30,HAYIR,"endeks_uyeligi.csv (KAP, 2026-08-08)"
AKENR,2026-05-01,2026-09-30,HAYIR,"endeks_uyeligi.csv (KAP, 2026-08-08)"
AKFGY,2026-05-01,2026-09-30,HAYIR,"endeks_uyeligi.csv (KAP, 2026-08-08)"
AKFIS,2026-05-01,2026-09-30,HAYIR,"endeks_uyeligi.csv (KAP, 2026-08-08)"
AKFK,2026-05-01,2026-09-30,HAYIR,"endeks_uyeligi.csv (KAP, 2026-08-08)"
AKGRT,2026-05-01,2026-09-30,HAYIR,"endeks_uyeligi.csv (KAP, 2026-08-08)"
AKM,2026-05-01,2026-09-30,HAYIR,"endeks_uyeligi.csv (KAP, 2026-08-08)"
AKMEN,2026-05-01,2026-09-30,HAYIR,"endeks_uyeligi.csv (KAP, 2026-08-08)"
AKMGY,2026-05-01,2026-09-30,HAYIR,"endeks_uyeligi.csv (KAP, 2026-08-08)"
AKSA,2026-05-01,2026-09-30,HAYIR,"endeks_uyeligi.csv (KAP, 2026-08-08)"
AKSEN,2026-05-01,2026-09-30,HAYIR,"endeks_uyeligi.csv (KAP, 2026-08-08)"
AKSFA,2026-05-01,2026-09-30,HAYIR,"endeks_uyeligi.csv (KAP, 2026-08-08)"
AKSGY,2026-05-01,2026-09-30,HAYIR,"endeks_uyeligi.csv (KAP, 2026-08-08)"
AKSUE,2026-05-01,2026-09-30,HAYIR,"endeks_uyeligi.csv (KAP, 2026-08-08)"
AKTIF,2026-05-01,2026-09-30,HAYIR,"endeks_uyeligi.csv (KAP, 2026-08-08)"
AKTVK,2026-05-01,2026-09-30,HAYIR,"endeks_uyeligi.csv (KAP, 2026-08-08)"
AKYHO,2026-05-01,2026-09-30,HAYIR,"endeks_uyeligi.csv (KAP, 2026-08-08)"
ALARK,2026-05-01,2026-09-30,HAYIR,"endeks_uyeligi.csv (KAP, 2026-08-08)"
ALCAR,2026-05-01,2026-09-30,HAYIR,"endeks_uyeligi.csv (KAP, 2026-08-08)"
ALGYO,2026-05-01,2026-09-30,HAYIR,"endeks_uyeligi.csv (KAP, 2026-08-08)"
ALJF,2026-05-01,2026-09-30,HAYIR,"endeks_uyeligi.csv (KAP, 2026-08-08)"
ALNUS,2026-05-01,2026-09-30,HAYIR,"endeks_uyeligi.csv (KAP, 2026-08-08)"
ANC,2026-05-01,2026-09-30,HAYIR,"endeks_uyeligi.csv (KAP, 2026-08-08)"
ANELE,2026-05-01,2026-09-30,HAYIR,"endeks_uyeligi.csv (KAP, 2026-08-08)"
ANHYT,2026-05-01,2026-09-30,HAYIR,"endeks_uyeligi.csv (KAP, 2026-08-08)"
ANSGR,2026-05-01,2026-09-30,HAYIR,"endeks_uyeligi.csv (KAP, 2026-08-08)"
ARCLK,2026-05-01,2026-09-30,HAYIR,"endeks_uyeligi.csv (KAP, 2026-08-08)"
ARMGD,2026-05-01,2026-09-30,HAYIR,"endeks_uyeligi.csv (KAP, 2026-08-08)"
ARSAN,2026-05-01,2026-09-30,HAYIR,"endeks_uyeligi.csv (KAP, 2026-08-08)"
ARSVY,2026-05-01,2026-09-30,HAYIR,"endeks_uyeligi.csv (KAP, 2026-08-08)"
ARTMS,2026-05-01,2026-09-30,HAYIR,"endeks_uyeligi.csv (KAP, 2026-08-08)"
ARZUM,2026-05-01,2026-09-30,HAYIR,"endeks_uyeligi.csv (KAP, 2026-08-08)"
ASGYO,2026-05-01,2026-09-30,HAYIR,"endeks_uyeligi.csv (KAP, 2026-08-08)"
ASTOR,2026-05-01,2026-09-30,HAYIR,"endeks_uyeligi.csv (KAP, 2026-08-08)"
ASUZU,2026-05-01,2026-09-30,HAYIR,"endeks_uyeligi.csv (KAP, 2026-08-08)"
ATA,2026-05-01,2026-09-30,HAYIR,"endeks_uyeligi.csv (KAP, 2026-08-08)"
ATAGY,2026-05-01,2026-09-30,HAYIR,"endeks_uyeligi.csv (KAP, 2026-08-08)"
ATATR,2026-05-01,2026-09-30,HAYIR,"endeks_uyeligi.csv (KAP, 2026-08-08)"
ATAVK,2026-05-01,2026-09-30,HAYIR,"endeks_uyeligi.csv (KAP, 2026-08-08)"
ATAYM,2026-05-01,2026-09-30,HAYIR,"endeks_uyeligi.csv (KAP, 2026-08-08)"
ATEKS,2026-05-01,2026-09-30,HAYIR,"endeks_uyeligi.csv (KAP, 2026-08-08)"
ATLAS,2026-05-01,2026-09-30,HAYIR,"endeks_uyeligi.csv (KAP, 2026-08-08)"
ATLFA,2026-05-01,2026-09-30,HAYIR,"endeks_uyeligi.csv (KAP, 2026-08-08)"
ATSYH,2026-05-01,2026-09-30,HAYIR,"endeks_uyeligi.csv (KAP, 2026-08-08)"
AVGYO,2026-05-01,2026-09-30,HAYIR,"endeks_uyeligi.csv (KAP, 2026-08-08)"
AVHOL,2026-05-01,2026-09-30,HAYIR,"endeks_uyeligi.csv (KAP, 2026-08-08)"
AVOD,2026-05-01,2026-09-30,HAYIR,"endeks_uyeligi.csv (KAP, 2026-08-08)"
AVTUR,2026-05-01,2026-09-30,HAYIR,"endeks_uyeligi.csv (KAP, 2026-08-08)"
AYCES,2026-05-01,2026-09-30,HAYIR,"endeks_uyeligi.csv (KAP, 2026-08-08)"
AYDEM,2026-05-01,2026-09-30,HAYIR,"endeks_uyeligi.csv (KAP, 2026-08-08)"
AYES,2026-05-01,2026-09-30,HAYIR,"endeks_uyeligi.csv (KAP, 2026-08-08)"
AYGAZ,2026-05-01,2026-09-30,HAYIR,"endeks_uyeligi.csv (KAP, 2026-08-08)"
AZTEK,2026-05-01,2026-09-30,HAYIR,"endeks_uyeligi.csv (KAP, 2026-08-08)"
BAGFS,2026-05-01,2026-09-30,HAYIR,"endeks_uyeligi.csv (KAP, 2026-08-08)"
BALAT,2026-05-01,2026-09-30,HAYIR,"endeks_uyeligi.csv (KAP, 2026-08-08)"
BALSU,2026-05-01,2026-09-30,HAYIR,"endeks_uyeligi.csv (KAP, 2026-08-08)"
BANVT,2026-05-01,2026-09-30,HAYIR,"endeks_uyeligi.csv (KAP, 2026-08-08)"
BARMA,2026-05-01,2026-09-30,HAYIR,"endeks_uyeligi.csv (KAP, 2026-08-08)"
BASCM,2026-05-01,2026-09-30,HAYIR,"endeks_uyeligi.csv (KAP, 2026-08-08)"
BESLR,2026-05-01,2026-09-30,HAYIR,"endeks_uyeligi.csv (KAP, 2026-08-08)"
BEYAZ,2026-05-01,2026-09-30,HAYIR,"endeks_uyeligi.csv (KAP, 2026-08-08)"
BFREN,2026-05-01,2026-09-30,HAYIR,"endeks_uyeligi.csv (KAP, 2026-08-08)"
BIGCH,2026-05-01,2026-09-30,HAYIR,"endeks_uyeligi.csv (KAP, 2026-08-08)"
BIGEN,2026-05-01,2026-09-30,HAYIR,"endeks_uyeligi.csv (KAP, 2026-08-08)"
BIGTK,2026-05-01,2026-09-30,HAYIR,"endeks_uyeligi.csv (KAP, 2026-08-08)"
BIOEN,2026-05-01,2026-09-30,HAYIR,"endeks_uyeligi.csv (KAP, 2026-08-08)"
BIZIM,2026-05-01,2026-09-30,HAYIR,"endeks_uyeligi.csv (KAP, 2026-08-08)"
BJKAS,2026-05-01,2026-09-30,HAYIR,"endeks_uyeligi.csv (KAP, 2026-08-08)"
BLCYT,2026-05-01,2026-09-30,HAYIR,"endeks_uyeligi.csv (KAP, 2026-08-08)"
BLKOM,2026-05-01,2026-09-30,HAYIR,"endeks_uyeligi.csv (KAP, 2026-08-08)"
BLS,2026-05-01,2026-09-30,HAYIR,"endeks_uyeligi.csv (KAP, 2026-08-08)"
BLSMD,2026-05-01,2026-09-30,HAYIR,"endeks_uyeligi.csv (KAP, 2026-08-08)"
BLUME,2026-05-01,2026-09-30,HAYIR,"endeks_uyeligi.csv (KAP, 2026-08-08)"
BMSCH,2026-05-01,2026-09-30,HAYIR,"endeks_uyeligi.csv (KAP, 2026-08-08)"
BNPPI,2026-05-01,2026-09-30,HAYIR,"endeks_uyeligi.csv (KAP, 2026-08-08)"
BNTAS,2026-05-01,2026-09-30,HAYIR,"endeks_uyeligi.csv (KAP, 2026-08-08)"
BOBET,2026-05-01,2026-09-30,HAYIR,"endeks_uyeligi.csv (KAP, 2026-08-08)"
BORLS,2026-05-01,2026-09-30,HAYIR,"endeks_uyeligi.csv (KAP, 2026-08-08)"
BRGAN,2026-05-01,2026-09-30,HAYIR,"endeks_uyeligi.csv (KAP, 2026-08-08)"
BRGFK,2026-05-01,2026-09-30,HAYIR,"endeks_uyeligi.csv (KAP, 2026-08-08)"
BRKO,2026-05-01,2026-09-30,HAYIR,"endeks_uyeligi.csv (KAP, 2026-08-08)"
BRKT,2026-05-01,2026-09-30,HAYIR,"endeks_uyeligi.csv (KAP, 2026-08-08)"
BRKVY,2026-05-01,2026-09-30,HAYIR,"endeks_uyeligi.csv (KAP, 2026-08-08)"
BRMEN,2026-05-01,2026-09-30,HAYIR,"endeks_uyeligi.csv (KAP, 2026-08-08)"
BRSAN,2026-05-01,2026-09-30,HAYIR,"endeks_uyeligi.csv (KAP, 2026-08-08)"
BRYAT,2026-05-01,2026-09-30,HAYIR,"endeks_uyeligi.csv (KAP, 2026-08-08)"
BTCIM,2026-05-01,2026-09-30,HAYIR,"endeks_uyeligi.csv (KAP, 2026-08-08)"
BULGS,2026-05-01,2026-09-30,HAYIR,"endeks_uyeligi.csv (KAP, 2026-08-08)"
BUR,2026-05-01,2026-09-30,HAYIR,"endeks_uyeligi.csv (KAP, 2026-08-08)"
BVSAN,2026-05-01,2026-09-30,HAYIR,"endeks_uyeligi.csv (KAP, 2026-08-08)"
CAGFA,2026-05-01,2026-09-30,HAYIR,"endeks_uyeligi.csv (KAP, 2026-08-08)"
CASA,2026-05-01,2026-09-30,HAYIR,"endeks_uyeligi.csv (KAP, 2026-08-08)"
CCOLA,2026-05-01,2026-09-30,HAYIR,"endeks_uyeligi.csv (KAP, 2026-08-08)"
CEMAS,2026-05-01,2026-09-30,HAYIR,"endeks_uyeligi.csv (KAP, 2026-08-08)"
CEOEM,2026-05-01,2026-09-30,HAYIR,"endeks_uyeligi.csv (KAP, 2026-08-08)"
CGCAM,2026-05-01,2026-09-30,HAYIR,"endeks_uyeligi.csv (KAP, 2026-08-08)"
CLEBI,2026-05-01,2026-09-30,HAYIR,"endeks_uyeligi.csv (KAP, 2026-08-08)"
CLKMT,2026-05-01,2026-09-30,HAYIR,"endeks_uyeligi.csv (KAP, 2026-08-08)"
CMENT,2026-05-01,2026-09-30,HAYIR,"endeks_uyeligi.csv (KAP, 2026-08-08)"
CMSAN,2026-05-01,2026-09-30,HAYIR,"endeks_uyeligi.csv (KAP, 2026-08-08)"
CONSE,2026-05-01,2026-09-30,HAYIR,"endeks_uyeligi.csv (KAP, 2026-08-08)"
CRDFA,2026-05-01,2026-09-30,HAYIR,"endeks_uyeligi.csv (KAP, 2026-08-08)"
CRFSA,2026-05-01,2026-09-30,HAYIR,"endeks_uyeligi.csv (KAP, 2026-08-08)"
CUSAN,2026-05-01,2026-09-30,HAYIR,"endeks_uyeligi.csv (KAP, 2026-08-08)"
DAGI,2026-05-01,2026-09-30,HAYIR,"endeks_uyeligi.csv (KAP, 2026-08-08)"
DENFA,2026-05-01,2026-09-30,HAYIR,"endeks_uyeligi.csv (KAP, 2026-08-08)"
DENVA,2026-05-01,2026-09-30,HAYIR,"endeks_uyeligi.csv (KAP, 2026-08-08)"
DERHL,2026-05-01,2026-09-30,HAYIR,"endeks_uyeligi.csv (KAP, 2026-08-08)"
DERIM,2026-05-01,2026-09-30,HAYIR,"endeks_uyeligi.csv (KAP, 2026-08-08)"
DESA,2026-05-01,2026-09-30,HAYIR,"endeks_uyeligi.csv (KAP, 2026-08-08)"
DEVA,2026-05-01,2026-09-30,HAYIR,"endeks_uyeligi.csv (KAP, 2026-08-08)"
DFKTR,2026-05-01,2026-09-30,HAYIR,"endeks_uyeligi.csv (KAP, 2026-08-08)"
DGGYO,2026-05-01,2026-09-30,HAYIR,"endeks_uyeligi.csv (KAP, 2026-08-08)"
DGNMO,2026-05-01,2026-09-30,HAYIR,"endeks_uyeligi.csv (KAP, 2026-08-08)"
DGRVK,2026-05-01,2026-09-30,HAYIR,"endeks_uyeligi.csv (KAP, 2026-08-08)"
DIMES,2026-05-01,2026-09-30,HAYIR,"endeks_uyeligi.csv (KAP, 2026-08-08)"
DIRIT,2026-05-01,2026-09-30,HAYIR,"endeks_uyeligi.csv (KAP, 2026-08-08)"
DKVRL,2026-05-01,2026-09-30,HAYIR,"endeks_uyeligi.csv (KAP, 2026-08-08)"
DMD,2026-05-01,2026-09-30,HAYIR,"endeks_uyeligi.csv (KAP, 2026-08-08)"
DMLKT,2026-05-01,2026-09-30,HAYIR,"endeks_uyeligi.csv (KAP, 2026-08-08)"
DMRGD,2026-05-01,2026-09-30,HAYIR,"endeks_uyeligi.csv (KAP, 2026-08-08)"
DNFIN,2026-05-01,2026-09-30,HAYIR,"endeks_uyeligi.csv (KAP, 2026-08-08)"
DNYVA,2026-05-01,2026-09-30,HAYIR,"endeks_uyeligi.csv (KAP, 2026-08-08)"
DNZEN,2026-05-01,2026-09-30,HAYIR,"endeks_uyeligi.csv (KAP, 2026-08-08)"
DOAS,2026-05-01,2026-09-30,HAYIR,"endeks_uyeligi.csv (KAP, 2026-08-08)"
DOCO,2026-05-01,2026-09-30,HAYIR,"endeks_uyeligi.csv (KAP, 2026-08-08)"
DOGVY,2026-05-01,2026-09-30,HAYIR,"endeks_uyeligi.csv (KAP, 2026-08-08)"
DOHOL,2026-05-01,2026-09-30,HAYIR,"endeks_uyeligi.csv (KAP, 2026-08-08)"
DOKTA,2026-05-01,2026-09-30,HAYIR,"endeks_uyeligi.csv (KAP, 2026-08-08)"
DRPHN,2026-05-01,2026-09-30,HAYIR,"endeks_uyeligi.csv (KAP, 2026-08-08)"
DSTKF,2026-05-01,2026-09-30,HAYIR,"endeks_uyeligi.csv (KAP, 2026-08-08)"
DSYAT,2026-05-01,2026-09-30,HAYIR,"endeks_uyeligi.csv (KAP, 2026-08-08)"
DUNYH,2026-05-01,2026-09-30,HAYIR,"endeks_uyeligi.csv (KAP, 2026-08-08)"
DURDO,2026-05-01,2026-09-30,HAYIR,"endeks_uyeligi.csv (KAP, 2026-08-08)"
DURKN,2026-05-01,2026-09-30,HAYIR,"endeks_uyeligi.csv (KAP, 2026-08-08)"
DVRLK,2026-05-01,2026-09-30,HAYIR,"endeks_uyeligi.csv (KAP, 2026-08-08)"
DYBNK,2026-05-01,2026-09-30,HAYIR,"endeks_uyeligi.csv (KAP, 2026-08-08)"
DZGYO,2026-05-01,2026-09-30,HAYIR,"endeks_uyeligi.csv (KAP, 2026-08-08)"
ECILC,2026-05-01,2026-09-30,HAYIR,"endeks_uyeligi.csv (KAP, 2026-08-08)"
ECOGR,2026-05-01,2026-09-30,HAYIR,"endeks_uyeligi.csv (KAP, 2026-08-08)"
ECZIP,2026-05-01,2026-09-30,HAYIR,"endeks_uyeligi.csv (KAP, 2026-08-08)"
ECZYT,2026-05-01,2026-09-30,HAYIR,"endeks_uyeligi.csv (KAP, 2026-08-08)"
EGEEN,2026-05-01,2026-09-30,HAYIR,"endeks_uyeligi.csv (KAP, 2026-08-08)"
EGEGY,2026-05-01,2026-09-30,HAYIR,"endeks_uyeligi.csv (KAP, 2026-08-08)"
EGSER,2026-05-01,2026-09-30,HAYIR,"endeks_uyeligi.csv (KAP, 2026-08-08)"
EKDMR,2026-05-01,2026-09-30,HAYIR,"endeks_uyeligi.csv (KAP, 2026-08-08)"
EKER,2026-05-01,2026-09-30,HAYIR,"endeks_uyeligi.csv (KAP, 2026-08-08)"
EKIM,2026-05-01,2026-09-30,HAYIR,"endeks_uyeligi.csv (KAP, 2026-08-08)"
EKIZ,2026-05-01,2026-09-30,HAYIR,"endeks_uyeligi.csv (KAP, 2026-08-08)"
EKOFA,2026-05-01,2026-09-30,HAYIR,"endeks_uyeligi.csv (KAP, 2026-08-08)"
EKOS,2026-05-01,2026-09-30,HAYIR,"endeks_uyeligi.csv (KAP, 2026-08-08)"
EKTVK,2026-05-01,2026-09-30,HAYIR,"endeks_uyeligi.csv (KAP, 2026-08-08)"
EMIRV,2026-05-01,2026-09-30,HAYIR,"endeks_uyeligi.csv (KAP, 2026-08-08)"
EMKEL,2026-05-01,2026-09-30,HAYIR,"endeks_uyeligi.csv (KAP, 2026-08-08)"
EMNIS,2026-05-01,2026-09-30,HAYIR,"endeks_uyeligi.csv (KAP, 2026-08-08)"
EMVAR,2026-05-01,2026-09-30,HAYIR,"endeks_uyeligi.csv (KAP, 2026-08-08)"
ENDAE,2026-05-01,2026-09-30,HAYIR,"endeks_uyeligi.csv (KAP, 2026-08-08)"
ENERY,2026-05-01,2026-09-30,HAYIR,"endeks_uyeligi.csv (KAP, 2026-08-08)"
ENKAI,2026-05-01,2026-09-30,HAYIR,"endeks_uyeligi.csv (KAP, 2026-08-08)"
ENPRA,2026-05-01,2026-09-30,HAYIR,"endeks_uyeligi.csv (KAP, 2026-08-08)"
ENSRI,2026-05-01,2026-09-30,HAYIR,"endeks_uyeligi.csv (KAP, 2026-08-08)"
ENTRA,2026-05-01,2026-09-30,HAYIR,"endeks_uyeligi.csv (KAP, 2026-08-08)"
EPLAS,2026-05-01,2026-09-30,HAYIR,"endeks_uyeligi.csv (KAP, 2026-08-08)"
ERBOS,2026-05-01,2026-09-30,HAYIR,"endeks_uyeligi.csv (KAP, 2026-08-08)"
ERCB,2026-05-01,2026-09-30,HAYIR,"endeks_uyeligi.csv (KAP, 2026-08-08)"
ERGLI,2026-05-01,2026-09-30,HAYIR,"endeks_uyeligi.csv (KAP, 2026-08-08)"
ERSU,2026-05-01,2026-09-30,HAYIR,"endeks_uyeligi.csv (KAP, 2026-08-08)"
ESCAR,2026-05-01,2026-09-30,HAYIR,"endeks_uyeligi.csv (KAP, 2026-08-08)"
ESEN,2026-05-01,2026-09-30,HAYIR,"endeks_uyeligi.csv (KAP, 2026-08-08)"
ETILR,2026-05-01,2026-09-30,HAYIR,"endeks_uyeligi.csv (KAP, 2026-08-08)"
ETYAT,2026-05-01,2026-09-30,HAYIR,"endeks_uyeligi.csv (KAP, 2026-08-08)"
EUHOL,2026-05-01,2026-09-30,HAYIR,"endeks_uyeligi.csv (KAP, 2026-08-08)"
EUKYO,2026-05-01,2026-09-30,HAYIR,"endeks_uyeligi.csv (KAP, 2026-08-08)"
EUREN,2026-05-01,2026-09-30,HAYIR,"endeks_uyeligi.csv (KAP, 2026-08-08)"
EUYO,2026-05-01,2026-09-30,HAYIR,"endeks_uyeligi.csv (KAP, 2026-08-08)"
EXIMB,2026-05-01,2026-09-30,HAYIR,"endeks_uyeligi.csv (KAP, 2026-08-08)"
FAIRF,2026-05-01,2026-09-30,HAYIR,"endeks_uyeligi.csv (KAP, 2026-08-08)"
FBB,2026-05-01,2026-09-30,HAYIR,"endeks_uyeligi.csv (KAP, 2026-08-08)"
FBBNK,2026-05-01,2026-09-30,HAYIR,"endeks_uyeligi.csv (KAP, 2026-08-08)"
FENER,2026-05-01,2026-09-30,HAYIR,"endeks_uyeligi.csv (KAP, 2026-08-08)"
FIGOF,2026-05-01,2026-09-30,HAYIR,"endeks_uyeligi.csv (KAP, 2026-08-08)"
FIN,2026-05-01,2026-09-30,HAYIR,"endeks_uyeligi.csv (KAP, 2026-08-08)"
FKPET,2026-05-01,2026-09-30,HAYIR,"endeks_uyeligi.csv (KAP, 2026-08-08)"
FLAP,2026-05-01,2026-09-30,HAYIR,"endeks_uyeligi.csv (KAP, 2026-08-08)"
FMIZP,2026-05-01,2026-09-30,HAYIR,"endeks_uyeligi.csv (KAP, 2026-08-08)"
FRIGO,2026-05-01,2026-09-30,HAYIR,"endeks_uyeligi.csv (KAP, 2026-08-08)"
FROTO,2026-05-01,2026-09-30,HAYIR,"endeks_uyeligi.csv (KAP, 2026-08-08)"
GARAN,2026-05-01,2026-09-30,HAYIR,"endeks_uyeligi.csv (KAP, 2026-08-08)"
GARFA,2026-05-01,2026-09-30,HAYIR,"endeks_uyeligi.csv (KAP, 2026-08-08)"
GARFL,2026-05-01,2026-09-30,HAYIR,"endeks_uyeligi.csv (KAP, 2026-08-08)"
GATEG,2026-05-01,2026-09-30,HAYIR,"endeks_uyeligi.csv (KAP, 2026-08-08)"
GEDIK,2026-05-01,2026-09-30,HAYIR,"endeks_uyeligi.csv (KAP, 2026-08-08)"
GGBVK,2026-05-01,2026-09-30,HAYIR,"endeks_uyeligi.csv (KAP, 2026-08-08)"
GIPTA,2026-05-01,2026-09-30,HAYIR,"endeks_uyeligi.csv (KAP, 2026-08-08)"
GLB,2026-05-01,2026-09-30,HAYIR,"endeks_uyeligi.csv (KAP, 2026-08-08)"
GLBMD,2026-05-01,2026-09-30,HAYIR,"endeks_uyeligi.csv (KAP, 2026-08-08)"
GLCVY,2026-05-01,2026-09-30,HAYIR,"endeks_uyeligi.csv (KAP, 2026-08-08)"
GLRYH,2026-05-01,2026-09-30,HAYIR,"endeks_uyeligi.csv (KAP, 2026-08-08)"
GLYHO,2026-05-01,2026-09-30,HAYIR,"endeks_uyeligi.csv (KAP, 2026-08-08)"
GOZDE,2026-05-01,2026-09-30,HAYIR,"endeks_uyeligi.csv (KAP, 2026-08-08)"
GRM,2026-05-01,2026-09-30,HAYIR,"endeks_uyeligi.csv (KAP, 2026-08-08)"
GRNYO,2026-05-01,2026-09-30,HAYIR,"endeks_uyeligi.csv (KAP, 2026-08-08)"
GRYAT,2026-05-01,2026-09-30,HAYIR,"endeks_uyeligi.csv (KAP, 2026-08-08)"
GSDDE,2026-05-01,2026-09-30,HAYIR,"endeks_uyeligi.csv (KAP, 2026-08-08)"
GSDHO,2026-05-01,2026-09-30,HAYIR,"endeks_uyeligi.csv (KAP, 2026-08-08)"
GSIPD,2026-05-01,2026-09-30,HAYIR,"endeks_uyeligi.csv (KAP, 2026-08-08)"
GSRAY,2026-05-01,2026-09-30,HAYIR,"endeks_uyeligi.csv (KAP, 2026-08-08)"
GWIND,2026-05-01,2026-09-30,HAYIR,"endeks_uyeligi.csv (KAP, 2026-08-08)"
GYVAR,2026-05-01,2026-09-30,HAYIR,"endeks_uyeligi.csv (KAP, 2026-08-08)"
GZNMI,2026-05-01,2026-09-30,HAYIR,"endeks_uyeligi.csv (KAP, 2026-08-08)"
HALKB,2026-05-01,2026-09-30,HAYIR,"endeks_uyeligi.csv (KAP, 2026-08-08)"
HALKF,2026-05-01,2026-09-30,HAYIR,"endeks_uyeligi.csv (KAP, 2026-08-08)"
HALKI,2026-05-01,2026-09-30,HAYIR,"endeks_uyeligi.csv (KAP, 2026-08-08)"
HATEK,2026-05-01,2026-09-30,HAYIR,"endeks_uyeligi.csv (KAP, 2026-08-08)"
HAYVK,2026-05-01,2026-09-30,HAYIR,"endeks_uyeligi.csv (KAP, 2026-08-08)"
HDFFL,2026-05-01,2026-09-30,HAYIR,"endeks_uyeligi.csv (KAP, 2026-08-08)"
HDFGS,2026-05-01,2026-09-30,HAYIR,"endeks_uyeligi.csv (KAP, 2026-08-08)"
HDFVK,2026-05-01,2026-09-30,HAYIR,"endeks_uyeligi.csv (KAP, 2026-08-08)"
HDFYB,2026-05-01,2026-09-30,HAYIR,"endeks_uyeligi.csv (KAP, 2026-08-08)"
HEDEF,2026-05-01,2026-09-30,HAYIR,"endeks_uyeligi.csv (KAP, 2026-08-08)"
HEKTS,2026-05-01,2026-09-30,HAYIR,"endeks_uyeligi.csv (KAP, 2026-08-08)"
HLGYO,2026-05-01,2026-09-30,HAYIR,"endeks_uyeligi.csv (KAP, 2026-08-08)"
HLVKS,2026-05-01,2026-09-30,HAYIR,"endeks_uyeligi.csv (KAP, 2026-08-08)"
HLY,2026-05-01,2026-09-30,HAYIR,"endeks_uyeligi.csv (KAP, 2026-08-08)"
HTTBT,2026-05-01,2026-09-30,HAYIR,"endeks_uyeligi.csv (KAP, 2026-08-08)"
HUBVC,2026-05-01,2026-09-30,HAYIR,"endeks_uyeligi.csv (KAP, 2026-08-08)"
HUNER,2026-05-01,2026-09-30,HAYIR,"endeks_uyeligi.csv (KAP, 2026-08-08)"
HURGZ,2026-05-01,2026-09-30,HAYIR,"endeks_uyeligi.csv (KAP, 2026-08-08)"
HUZFA,2026-05-01,2026-09-30,HAYIR,"endeks_uyeligi.csv (KAP, 2026-08-08)"
HYB,2026-05-01,2026-09-30,HAYIR,"endeks_uyeligi.csv (KAP, 2026-08-08)"
IAZ,2026-05-01,2026-09-30,HAYIR,"endeks_uyeligi.csv (KAP, 2026-08-08)"
ICB,2026-05-01,2026-09-30,HAYIR,"endeks_uyeligi.csv (KAP, 2026-08-08)"
ICBCT,2026-05-01,2026-09-30,HAYIR,"endeks_uyeligi.csv (KAP, 2026-08-08)"
ICUGS,2026-05-01,2026-09-30,HAYIR,"endeks_uyeligi.csv (KAP, 2026-08-08)"
IEYHO,2026-05-01,2026-09-30,HAYIR,"endeks_uyeligi.csv (KAP, 2026-08-08)"
IHAAS,2026-05-01,2026-09-30,HAYIR,"endeks_uyeligi.csv (KAP, 2026-08-08)"
IHGZT,2026-05-01,2026-09-30,HAYIR,"endeks_uyeligi.csv (KAP, 2026-08-08)"
INDES,2026-05-01,2026-09-30,HAYIR,"endeks_uyeligi.csv (KAP, 2026-08-08)"
INFO,2026-05-01,2026-09-30,HAYIR,"endeks_uyeligi.csv (KAP, 2026-08-08)"
INTEK,2026-05-01,2026-09-30,HAYIR,"endeks_uyeligi.csv (KAP, 2026-08-08)"
INVAZ,2026-05-01,2026-09-30,HAYIR,"endeks_uyeligi.csv (KAP, 2026-08-08)"
INVEO,2026-05-01,2026-09-30,HAYIR,"endeks_uyeligi.csv (KAP, 2026-08-08)"
INVES,2026-05-01,2026-09-30,HAYIR,"endeks_uyeligi.csv (KAP, 2026-08-08)"
ISATR,2026-05-01,2026-09-30,HAYIR,"endeks_uyeligi.csv (KAP, 2026-08-08)"
ISBIR,2026-05-01,2026-09-30,HAYIR,"endeks_uyeligi.csv (KAP, 2026-08-08)"
ISBTR,2026-05-01,2026-09-30,HAYIR,"endeks_uyeligi.csv (KAP, 2026-08-08)"
ISCTR,2026-05-01,2026-09-30,HAYIR,"endeks_uyeligi.csv (KAP, 2026-08-08)"
ISFAK,2026-05-01,2026-09-30,HAYIR,"endeks_uyeligi.csv (KAP, 2026-08-08)"
ISFIN,2026-05-01,2026-09-30,HAYIR,"endeks_uyeligi.csv (KAP, 2026-08-08)"
ISGSY,2026-05-01,2026-09-30,HAYIR,"endeks_uyeligi.csv (KAP, 2026-08-08)"
ISGYO,2026-05-01,2026-09-30,HAYIR,"endeks_uyeligi.csv (KAP, 2026-08-08)"
ISKPL,2026-05-01,2026-09-30,HAYIR,"endeks_uyeligi.csv (KAP, 2026-08-08)"
ISKUR,2026-05-01,2026-09-30,HAYIR,"endeks_uyeligi.csv (KAP, 2026-08-08)"
ISMEN,2026-05-01,2026-09-30,HAYIR,"endeks_uyeligi.csv (KAP, 2026-08-08)"
ISSEN,2026-05-01,2026-09-30,HAYIR,"endeks_uyeligi.csv (KAP, 2026-08-08)"
ISTFK,2026-05-01,2026-09-30,HAYIR,"endeks_uyeligi.csv (KAP, 2026-08-08)"
ISTVY,2026-05-01,2026-09-30,HAYIR,"endeks_uyeligi.csv (KAP, 2026-08-08)"
ISVEA,2026-05-01,2026-09-30,HAYIR,"endeks_uyeligi.csv (KAP, 2026-08-08)"
ISYAT,2026-05-01,2026-09-30,HAYIR,"endeks_uyeligi.csv (KAP, 2026-08-08)"
IYF,2026-05-01,2026-09-30,HAYIR,"endeks_uyeligi.csv (KAP, 2026-08-08)"
IYM,2026-05-01,2026-09-30,HAYIR,"endeks_uyeligi.csv (KAP, 2026-08-08)"
IZENR,2026-05-01,2026-09-30,HAYIR,"endeks_uyeligi.csv (KAP, 2026-08-08)"
IZMDC,2026-05-01,2026-09-30,HAYIR,"endeks_uyeligi.csv (KAP, 2026-08-08)"
KAPLM,2026-05-01,2026-09-30,HAYIR,"endeks_uyeligi.csv (KAP, 2026-08-08)"
KARCL,2026-05-01,2026-09-30,HAYIR,"endeks_uyeligi.csv (KAP, 2026-08-08)"
KAREL,2026-05-01,2026-09-30,HAYIR,"endeks_uyeligi.csv (KAP, 2026-08-08)"
KARTN,2026-05-01,2026-09-30,HAYIR,"endeks_uyeligi.csv (KAP, 2026-08-08)"
KATVK,2026-05-01,2026-09-30,HAYIR,"endeks_uyeligi.csv (KAP, 2026-08-08)"
KAYSE,2026-05-01,2026-09-30,HAYIR,"endeks_uyeligi.csv (KAP, 2026-08-08)"
KCHOL,2026-05-01,2026-09-30,HAYIR,"endeks_uyeligi.csv (KAP, 2026-08-08)"
KENT,2026-05-01,2026-09-30,HAYIR,"endeks_uyeligi.csv (KAP, 2026-08-08)"
KERVN,2026-05-01,2026-09-30,HAYIR,"endeks_uyeligi.csv (KAP, 2026-08-08)"
KFEIN,2026-05-01,2026-09-30,HAYIR,"endeks_uyeligi.csv (KAP, 2026-08-08)"
KFILO,2026-05-01,2026-09-30,HAYIR,"endeks_uyeligi.csv (KAP, 2026-08-08)"
KGYO,2026-05-01,2026-09-30,HAYIR,"endeks_uyeligi.csv (KAP, 2026-08-08)"
KLGYO,2026-05-01,2026-09-30,HAYIR,"endeks_uyeligi.csv (KAP, 2026-08-08)"
KLKIM,2026-05-01,2026-09-30,HAYIR,"endeks_uyeligi.csv (KAP, 2026-08-08)"
KLMSN,2026-05-01,2026-09-30,HAYIR,"endeks_uyeligi.csv (KAP, 2026-08-08)"
KLN,2026-05-01,2026-09-30,HAYIR,"endeks_uyeligi.csv (KAP, 2026-08-08)"
KLNMA,2026-05-01,2026-09-30,HAYIR,"endeks_uyeligi.csv (KAP, 2026-08-08)"
KLRHO,2026-05-01,2026-09-30,HAYIR,"endeks_uyeligi.csv (KAP, 2026-08-08)"
KLVKS,2026-05-01,2026-09-30,HAYIR,"endeks_uyeligi.csv (KAP, 2026-08-08)"
KLYPV,2026-05-01,2026-09-30,HAYIR,"endeks_uyeligi.csv (KAP, 2026-08-08)"
KNTFA,2026-05-01,2026-09-30,HAYIR,"endeks_uyeligi.csv (KAP, 2026-08-08)"
KOCFN,2026-05-01,2026-09-30,HAYIR,"endeks_uyeligi.csv (KAP, 2026-08-08)"
KONTR,2026-05-01,2026-09-30,HAYIR,"endeks_uyeligi.csv (KAP, 2026-08-08)"
KORDS,2026-05-01,2026-09-30,HAYIR,"endeks_uyeligi.csv (KAP, 2026-08-08)"
KORTS,2026-05-01,2026-09-30,HAYIR,"endeks_uyeligi.csv (KAP, 2026-08-08)"
KPTGY,2026-05-01,2026-09-30,HAYIR,"endeks_uyeligi.csv (KAP, 2026-08-08)"
KRTEK,2026-05-01,2026-09-30,HAYIR,"endeks_uyeligi.csv (KAP, 2026-08-08)"
KSFIN,2026-05-01,2026-09-30,HAYIR,"endeks_uyeligi.csv (KAP, 2026-08-08)"
KSTUR,2026-05-01,2026-09-30,HAYIR,"endeks_uyeligi.csv (KAP, 2026-08-08)"
KTKVK,2026-05-01,2026-09-30,HAYIR,"endeks_uyeligi.csv (KAP, 2026-08-08)"
KTSKR,2026-05-01,2026-09-30,HAYIR,"endeks_uyeligi.csv (KAP, 2026-08-08)"
KTSVK,2026-05-01,2026-09-30,HAYIR,"endeks_uyeligi.csv (KAP, 2026-08-08)"
KUVVA,2026-05-01,2026-09-30,HAYIR,"endeks_uyeligi.csv (KAP, 2026-08-08)"
KUYAS,2026-05-01,2026-09-30,HAYIR,"endeks_uyeligi.csv (KAP, 2026-08-08)"
KZGYO,2026-05-01,2026-09-30,HAYIR,"endeks_uyeligi.csv (KAP, 2026-08-08)"
LIDER,2026-05-01,2026-09-30,HAYIR,"endeks_uyeligi.csv (KAP, 2026-08-08)"
LIDFA,2026-05-01,2026-09-30,HAYIR,"endeks_uyeligi.csv (KAP, 2026-08-08)"
LILAK,2026-05-01,2026-09-30,HAYIR,"endeks_uyeligi.csv (KAP, 2026-08-08)"
LINK,2026-05-01,2026-09-30,HAYIR,"endeks_uyeligi.csv (KAP, 2026-08-08)"
LRSHO,2026-05-01,2026-09-30,HAYIR,"endeks_uyeligi.csv (KAP, 2026-08-08)"
LUKSK,2026-05-01,2026-09-30,HAYIR,"endeks_uyeligi.csv (KAP, 2026-08-08)"
LYDHO,2026-05-01,2026-09-30,HAYIR,"endeks_uyeligi.csv (KAP, 2026-08-08)"
LYDYE,2026-05-01,2026-09-30,HAYIR,"endeks_uyeligi.csv (KAP, 2026-08-08)"
MAALT,2026-05-01,2026-09-30,HAYIR,"endeks_uyeligi.csv (KAP, 2026-08-08)"
MACKO,2026-05-01,2026-09-30,HAYIR,"endeks_uyeligi.csv (KAP, 2026-08-08)"
MAKTK,2026-05-01,2026-09-30,HAYIR,"endeks_uyeligi.csv (KAP, 2026-08-08)"
MANAS,2026-05-01,2026-09-30,HAYIR,"endeks_uyeligi.csv (KAP, 2026-08-08)"
MARKA,2026-05-01,2026-09-30,HAYIR,"endeks_uyeligi.csv (KAP, 2026-08-08)"
MARMR,2026-05-01,2026-09-30,HAYIR,"endeks_uyeligi.csv (KAP, 2026-08-08)"
MARTI,2026-05-01,2026-09-30,HAYIR,"endeks_uyeligi.csv (KAP, 2026-08-08)"
MASFN,2026-05-01,2026-09-30,HAYIR,"endeks_uyeligi.csv (KAP, 2026-08-08)"
MBFTR,2026-05-01,2026-09-30,HAYIR,"endeks_uyeligi.csv (KAP, 2026-08-08)"
MDASM,2026-05-01,2026-09-30,HAYIR,"endeks_uyeligi.csv (KAP, 2026-08-08)"
MDIAZ,2026-05-01,2026-09-30,HAYIR,"endeks_uyeligi.csv (KAP, 2026-08-08)"
MDS,2026-05-01,2026-09-30,HAYIR,"endeks_uyeligi.csv (KAP, 2026-08-08)"
MEGAP,2026-05-01,2026-09-30,HAYIR,"endeks_uyeligi.csv (KAP, 2026-08-08)"
MEKMD,2026-05-01,2026-09-30,HAYIR,"endeks_uyeligi.csv (KAP, 2026-08-08)"
MEPET,2026-05-01,2026-09-30,HAYIR,"endeks_uyeligi.csv (KAP, 2026-08-08)"
MERIT,2026-05-01,2026-09-30,HAYIR,"endeks_uyeligi.csv (KAP, 2026-08-08)"
METEN,2026-05-01,2026-09-30,HAYIR,"endeks_uyeligi.csv (KAP, 2026-08-08)"
METRO,2026-05-01,2026-09-30,HAYIR,"endeks_uyeligi.csv (KAP, 2026-08-08)"
MGROS,2026-05-01,2026-09-30,HAYIR,"endeks_uyeligi.csv (KAP, 2026-08-08)"
MHRGY,2026-05-01,2026-09-30,HAYIR,"endeks_uyeligi.csv (KAP, 2026-08-08)"
MIATK,2026-05-01,2026-09-30,HAYIR,"endeks_uyeligi.csv (KAP, 2026-08-08)"
MILKS,2026-05-01,2026-09-30,HAYIR,"endeks_uyeligi.csv (KAP, 2026-08-08)"
MINTF,2026-05-01,2026-09-30,HAYIR,"endeks_uyeligi.csv (KAP, 2026-08-08)"
MMCAS,2026-05-01,2026-09-30,HAYIR,"endeks_uyeligi.csv (KAP, 2026-08-08)"
MNDRS,2026-05-01,2026-09-30,HAYIR,"endeks_uyeligi.csv (KAP, 2026-08-08)"
MNGFA,2026-05-01,2026-09-30,HAYIR,"endeks_uyeligi.csv (KAP, 2026-08-08)"
MOGAN,2026-05-01,2026-09-30,HAYIR,"endeks_uyeligi.csv (KAP, 2026-08-08)"
MRBAS,2026-05-01,2026-09-30,HAYIR,"endeks_uyeligi.csv (KAP, 2026-08-08)"
MRBKF,2026-05-01,2026-09-30,HAYIR,"endeks_uyeligi.csv (KAP, 2026-08-08)"
MRGYO,2026-05-01,2026-09-30,HAYIR,"endeks_uyeligi.csv (KAP, 2026-08-08)"
MRMAG,2026-05-01,2026-09-30,HAYIR,"endeks_uyeligi.csv (KAP, 2026-08-08)"
MRS,2026-05-01,2026-09-30,HAYIR,"endeks_uyeligi.csv (KAP, 2026-08-08)"
MRSHL,2026-05-01,2026-09-30,HAYIR,"endeks_uyeligi.csv (KAP, 2026-08-08)"
MSA,2026-05-01,2026-09-30,HAYIR,"endeks_uyeligi.csv (KAP, 2026-08-08)"
MSGYO,2026-05-01,2026-09-30,HAYIR,"endeks_uyeligi.csv (KAP, 2026-08-08)"
MSY,2026-05-01,2026-09-30,HAYIR,"endeks_uyeligi.csv (KAP, 2026-08-08)"
MSYBN,2026-05-01,2026-09-30,HAYIR,"endeks_uyeligi.csv (KAP, 2026-08-08)"
MTRKS,2026-05-01,2026-09-30,HAYIR,"endeks_uyeligi.csv (KAP, 2026-08-08)"
MTRYO,2026-05-01,2026-09-30,HAYIR,"endeks_uyeligi.csv (KAP, 2026-08-08)"
MZHLD,2026-05-01,2026-09-30,HAYIR,"endeks_uyeligi.csv (KAP, 2026-08-08)"
NATEN,2026-05-01,2026-09-30,HAYIR,"endeks_uyeligi.csv (KAP, 2026-08-08)"
NIBAS,2026-05-01,2026-09-30,HAYIR,"endeks_uyeligi.csv (KAP, 2026-08-08)"
NRBNK,2026-05-01,2026-09-30,HAYIR,"endeks_uyeligi.csv (KAP, 2026-08-08)"
NTHOL,2026-05-01,2026-09-30,HAYIR,"endeks_uyeligi.csv (KAP, 2026-08-08)"
NUGYO,2026-05-01,2026-09-30,HAYIR,"endeks_uyeligi.csv (KAP, 2026-08-08)"
NUHCM,2026-05-01,2026-09-30,HAYIR,"endeks_uyeligi.csv (KAP, 2026-08-08)"
NURVK,2026-05-01,2026-09-30,HAYIR,"endeks_uyeligi.csv (KAP, 2026-08-08)"
NYB,2026-05-01,2026-09-30,HAYIR,"endeks_uyeligi.csv (KAP, 2026-08-08)"
ODAS,2026-05-01,2026-09-30,HAYIR,"endeks_uyeligi.csv (KAP, 2026-08-08)"
ODINE,2026-05-01,2026-09-30,HAYIR,"endeks_uyeligi.csv (KAP, 2026-08-08)"
OFSYM,2026-05-01,2026-09-30,HAYIR,"endeks_uyeligi.csv (KAP, 2026-08-08)"
OMD,2026-05-01,2026-09-30,HAYIR,"endeks_uyeligi.csv (KAP, 2026-08-08)"
ONRYT,2026-05-01,2026-09-30,HAYIR,"endeks_uyeligi.csv (KAP, 2026-08-08)"
OPET,2026-05-01,2026-09-30,HAYIR,"endeks_uyeligi.csv (KAP, 2026-08-08)"
ORCAY,2026-05-01,2026-09-30,HAYIR,"endeks_uyeligi.csv (KAP, 2026-08-08)"
ORFIN,2026-05-01,2026-09-30,HAYIR,"endeks_uyeligi.csv (KAP, 2026-08-08)"
ORMA,2026-05-01,2026-09-30,HAYIR,"endeks_uyeligi.csv (KAP, 2026-08-08)"
ORZAX,2026-05-01,2026-09-30,HAYIR,"endeks_uyeligi.csv (KAP, 2026-08-08)"
OSMEN,2026-05-01,2026-09-30,HAYIR,"endeks_uyeligi.csv (KAP, 2026-08-08)"
OSVKS,2026-05-01,2026-09-30,HAYIR,"endeks_uyeligi.csv (KAP, 2026-08-08)"
OTKAR,2026-05-01,2026-09-30,HAYIR,"endeks_uyeligi.csv (KAP, 2026-08-08)"
OTOSR,2026-05-01,2026-09-30,HAYIR,"endeks_uyeligi.csv (KAP, 2026-08-08)"
OTTO,2026-05-01,2026-09-30,HAYIR,"endeks_uyeligi.csv (KAP, 2026-08-08)"
OYA,2026-05-01,2026-09-30,HAYIR,"endeks_uyeligi.csv (KAP, 2026-08-08)"
OYAKC,2026-05-01,2026-09-30,HAYIR,"endeks_uyeligi.csv (KAP, 2026-08-08)"
OYAYO,2026-05-01,2026-09-30,HAYIR,"endeks_uyeligi.csv (KAP, 2026-08-08)"
OYLUM,2026-05-01,2026-09-30,HAYIR,"endeks_uyeligi.csv (KAP, 2026-08-08)"
OYYAT,2026-05-01,2026-09-30,HAYIR,"endeks_uyeligi.csv (KAP, 2026-08-08)"
OZKGY,2026-05-01,2026-09-30,HAYIR,"endeks_uyeligi.csv (KAP, 2026-08-08)"
OZSUB,2026-05-01,2026-09-30,HAYIR,"endeks_uyeligi.csv (KAP, 2026-08-08)"
PAHOL,2026-05-01,2026-09-30,HAYIR,"endeks_uyeligi.csv (KAP, 2026-08-08)"
PAMEL,2026-05-01,2026-09-30,HAYIR,"endeks_uyeligi.csv (KAP, 2026-08-08)"
PAPIL,2026-05-01,2026-09-30,HAYIR,"endeks_uyeligi.csv (KAP, 2026-08-08)"
PATEK,2026-05-01,2026-09-30,HAYIR,"endeks_uyeligi.csv (KAP, 2026-08-08)"
PBT,2026-05-01,2026-09-30,HAYIR,"endeks_uyeligi.csv (KAP, 2026-08-08)"
PBTR,2026-05-01,2026-09-30,HAYIR,"endeks_uyeligi.csv (KAP, 2026-08-08)"
PCILT,2026-05-01,2026-09-30,HAYIR,"endeks_uyeligi.csv (KAP, 2026-08-08)"
PEKGY,2026-05-01,2026-09-30,HAYIR,"endeks_uyeligi.csv (KAP, 2026-08-08)"
PETUN,2026-05-01,2026-09-30,HAYIR,"endeks_uyeligi.csv (KAP, 2026-08-08)"
PGSUS,2026-05-01,2026-09-30,HAYIR,"endeks_uyeligi.csv (KAP, 2026-08-08)"
PINSU,2026-05-01,2026-09-30,HAYIR,"endeks_uyeligi.csv (KAP, 2026-08-08)"
PKENT,2026-05-01,2026-09-30,HAYIR,"endeks_uyeligi.csv (KAP, 2026-08-08)"
PNLSN,2026-05-01,2026-09-30,HAYIR,"endeks_uyeligi.csv (KAP, 2026-08-08)"
POLTK,2026-05-01,2026-09-30,HAYIR,"endeks_uyeligi.csv (KAP, 2026-08-08)"
PRDGS,2026-05-01,2026-09-30,HAYIR,"endeks_uyeligi.csv (KAP, 2026-08-08)"
PRFFK,2026-05-01,2026-09-30,HAYIR,"endeks_uyeligi.csv (KAP, 2026-08-08)"
PRKAB,2026-05-01,2026-09-30,HAYIR,"endeks_uyeligi.csv (KAP, 2026-08-08)"
PRZMA,2026-05-01,2026-09-30,HAYIR,"endeks_uyeligi.csv (KAP, 2026-08-08)"
PSDTC,2026-05-01,2026-09-30,HAYIR,"endeks_uyeligi.csv (KAP, 2026-08-08)"
PSGYO,2026-05-01,2026-09-30,HAYIR,"endeks_uyeligi.csv (KAP, 2026-08-08)"
QNBFF,2026-05-01,2026-09-30,HAYIR,"endeks_uyeligi.csv (KAP, 2026-08-08)"
QNBFK,2026-05-01,2026-09-30,HAYIR,"endeks_uyeligi.csv (KAP, 2026-08-08)"
QNBTR,2026-05-01,2026-09-30,HAYIR,"endeks_uyeligi.csv (KAP, 2026-08-08)"
QNBVK,2026-05-01,2026-09-30,HAYIR,"endeks_uyeligi.csv (KAP, 2026-08-08)"
QUFIN,2026-05-01,2026-09-30,HAYIR,"endeks_uyeligi.csv (KAP, 2026-08-08)"
QUICK,2026-05-01,2026-09-30,HAYIR,"endeks_uyeligi.csv (KAP, 2026-08-08)"
QYATB,2026-05-01,2026-09-30,HAYIR,"endeks_uyeligi.csv (KAP, 2026-08-08)"
QYHOL,2026-05-01,2026-09-30,HAYIR,"endeks_uyeligi.csv (KAP, 2026-08-08)"
RAYSG,2026-05-01,2026-09-30,HAYIR,"endeks_uyeligi.csv (KAP, 2026-08-08)"
REEDR,2026-05-01,2026-09-30,HAYIR,"endeks_uyeligi.csv (KAP, 2026-08-08)"
RTALB,2026-05-01,2026-09-30,HAYIR,"endeks_uyeligi.csv (KAP, 2026-08-08)"
RUZYE,2026-05-01,2026-09-30,HAYIR,"endeks_uyeligi.csv (KAP, 2026-08-08)"
RYGYO,2026-05-01,2026-09-30,HAYIR,"endeks_uyeligi.csv (KAP, 2026-08-08)"
RYSAS,2026-05-01,2026-09-30,HAYIR,"endeks_uyeligi.csv (KAP, 2026-08-08)"
SAHOL,2026-05-01,2026-09-30,HAYIR,"endeks_uyeligi.csv (KAP, 2026-08-08)"
SANFM,2026-05-01,2026-09-30,HAYIR,"endeks_uyeligi.csv (KAP, 2026-08-08)"
SARAE,2026-05-01,2026-09-30,HAYIR,"endeks_uyeligi.csv (KAP, 2026-08-08)"
SARTN,2026-05-01,2026-09-30,HAYIR,"endeks_uyeligi.csv (KAP, 2026-08-08)"
SASA,2026-05-01,2026-09-30,HAYIR,"endeks_uyeligi.csv (KAP, 2026-08-08)"
SEGMN,2026-05-01,2026-09-30,HAYIR,"endeks_uyeligi.csv (KAP, 2026-08-08)"
SEGYO,2026-05-01,2026-09-30,HAYIR,"endeks_uyeligi.csv (KAP, 2026-08-08)"
SEK,2026-05-01,2026-09-30,HAYIR,"endeks_uyeligi.csv (KAP, 2026-08-08)"
SEKFK,2026-05-01,2026-09-30,HAYIR,"endeks_uyeligi.csv (KAP, 2026-08-08)"
SERNT,2026-05-01,2026-09-30,HAYIR,"endeks_uyeligi.csv (KAP, 2026-08-08)"
SEYKM,2026-05-01,2026-09-30,HAYIR,"endeks_uyeligi.csv (KAP, 2026-08-08)"
SISE,2026-05-01,2026-09-30,HAYIR,"endeks_uyeligi.csv (KAP, 2026-08-08)"
SKBNK,2026-05-01,2026-09-30,HAYIR,"endeks_uyeligi.csv (KAP, 2026-08-08)"
SKTAS,2026-05-01,2026-09-30,HAYIR,"endeks_uyeligi.csv (KAP, 2026-08-08)"
SKY,2026-05-01,2026-09-30,HAYIR,"endeks_uyeligi.csv (KAP, 2026-08-08)"
SKYLP,2026-05-01,2026-09-30,HAYIR,"endeks_uyeligi.csv (KAP, 2026-08-08)"
SKYMD,2026-05-01,2026-09-30,HAYIR,"endeks_uyeligi.csv (KAP, 2026-08-08)"
SMRFA,2026-05-01,2026-09-30,HAYIR,"endeks_uyeligi.csv (KAP, 2026-08-08)"
SMRTG,2026-05-01,2026-09-30,HAYIR,"endeks_uyeligi.csv (KAP, 2026-08-08)"
SMRVA,2026-05-01,2026-09-30,HAYIR,"endeks_uyeligi.csv (KAP, 2026-08-08)"
SNPAM,2026-05-01,2026-09-30,HAYIR,"endeks_uyeligi.csv (KAP, 2026-08-08)"
SODSN,2026-05-01,2026-09-30,HAYIR,"endeks_uyeligi.csv (KAP, 2026-08-08)"
SOKM,2026-05-01,2026-09-30,HAYIR,"endeks_uyeligi.csv (KAP, 2026-08-08)"
SONME,2026-05-01,2026-09-30,HAYIR,"endeks_uyeligi.csv (KAP, 2026-08-08)"
SUMAS,2026-05-01,2026-09-30,HAYIR,"endeks_uyeligi.csv (KAP, 2026-08-08)"
SVGYO,2026-05-01,2026-09-30,HAYIR,"endeks_uyeligi.csv (KAP, 2026-08-08)"
TABGD,2026-05-01,2026-09-30,HAYIR,"endeks_uyeligi.csv (KAP, 2026-08-08)"
TAC,2026-05-01,2026-09-30,HAYIR,"endeks_uyeligi.csv (KAP, 2026-08-08)"
TAE,2026-05-01,2026-09-30,HAYIR,"endeks_uyeligi.csv (KAP, 2026-08-08)"
TAMFA,2026-05-01,2026-09-30,HAYIR,"endeks_uyeligi.csv (KAP, 2026-08-08)"
TARFN,2026-05-01,2026-09-30,HAYIR,"endeks_uyeligi.csv (KAP, 2026-08-08)"
TATEN,2026-05-01,2026-09-30,HAYIR,"endeks_uyeligi.csv (KAP, 2026-08-08)"
TATGD,2026-05-01,2026-09-30,HAYIR,"endeks_uyeligi.csv (KAP, 2026-08-08)"
TAVHL,2026-05-01,2026-09-30,HAYIR,"endeks_uyeligi.csv (KAP, 2026-08-08)"
TBORG,2026-05-01,2026-09-30,HAYIR,"endeks_uyeligi.csv (KAP, 2026-08-08)"
TCELL,2026-05-01,2026-09-30,HAYIR,"endeks_uyeligi.csv (KAP, 2026-08-08)"
TCKRC,2026-05-01,2026-09-30,HAYIR,"endeks_uyeligi.csv (KAP, 2026-08-08)"
TCRYT,2026-05-01,2026-09-30,HAYIR,"endeks_uyeligi.csv (KAP, 2026-08-08)"
TDGYO,2026-05-01,2026-09-30,HAYIR,"endeks_uyeligi.csv (KAP, 2026-08-08)"
TEBFA,2026-05-01,2026-09-30,HAYIR,"endeks_uyeligi.csv (KAP, 2026-08-08)"
TEHOL,2026-05-01,2026-09-30,HAYIR,"endeks_uyeligi.csv (KAP, 2026-08-08)"
TEKTU,2026-05-01,2026-09-30,HAYIR,"endeks_uyeligi.csv (KAP, 2026-08-08)"
TERA,2026-05-01,2026-09-30,HAYIR,"endeks_uyeligi.csv (KAP, 2026-08-08)"
TEVKS,2026-05-01,2026-09-30,HAYIR,"endeks_uyeligi.csv (KAP, 2026-08-08)"
TFNVK,2026-05-01,2026-09-30,HAYIR,"endeks_uyeligi.csv (KAP, 2026-08-08)"
TGB,2026-05-01,2026-09-30,HAYIR,"endeks_uyeligi.csv (KAP, 2026-08-08)"
TGSAS,2026-05-01,2026-09-30,HAYIR,"endeks_uyeligi.csv (KAP, 2026-08-08)"
THL,2026-05-01,2026-09-30,HAYIR,"endeks_uyeligi.csv (KAP, 2026-08-08)"
THR,2026-05-01,2026-09-30,HAYIR,"endeks_uyeligi.csv (KAP, 2026-08-08)"
THYAO,2026-05-01,2026-09-30,HAYIR,"endeks_uyeligi.csv (KAP, 2026-08-08)"
TIB,2026-05-01,2026-09-30,HAYIR,"endeks_uyeligi.csv (KAP, 2026-08-08)"
TIMUR,2026-05-01,2026-09-30,HAYIR,"endeks_uyeligi.csv (KAP, 2026-08-08)"
TLMAN,2026-05-01,2026-09-30,HAYIR,"endeks_uyeligi.csv (KAP, 2026-08-08)"
TMSN,2026-05-01,2026-09-30,HAYIR,"endeks_uyeligi.csv (KAP, 2026-08-08)"
TNZTP,2026-05-01,2026-09-30,HAYIR,"endeks_uyeligi.csv (KAP, 2026-08-08)"
TOASO,2026-05-01,2026-09-30,HAYIR,"endeks_uyeligi.csv (KAP, 2026-08-08)"
TRA,2026-05-01,2026-09-30,HAYIR,"endeks_uyeligi.csv (KAP, 2026-08-08)"
TRALT,2026-05-01,2026-09-30,HAYIR,"endeks_uyeligi.csv (KAP, 2026-08-08)"
TRBNK,2026-05-01,2026-09-30,HAYIR,"endeks_uyeligi.csv (KAP, 2026-08-08)"
TRCAS,2026-05-01,2026-09-30,HAYIR,"endeks_uyeligi.csv (KAP, 2026-08-08)"
TRENJ,2026-05-01,2026-09-30,HAYIR,"endeks_uyeligi.csv (KAP, 2026-08-08)"
TRFFA,2026-05-01,2026-09-30,HAYIR,"endeks_uyeligi.csv (KAP, 2026-08-08)"
TRGYO,2026-05-01,2026-09-30,HAYIR,"endeks_uyeligi.csv (KAP, 2026-08-08)"
TRHOL,2026-05-01,2026-09-30,HAYIR,"endeks_uyeligi.csv (KAP, 2026-08-08)"
TRILC,2026-05-01,2026-09-30,HAYIR,"endeks_uyeligi.csv (KAP, 2026-08-08)"
TRKFN,2026-05-01,2026-09-30,HAYIR,"endeks_uyeligi.csv (KAP, 2026-08-08)"
TRKNT,2026-05-01,2026-09-30,HAYIR,"endeks_uyeligi.csv (KAP, 2026-08-08)"
TRMEN,2026-05-01,2026-09-30,HAYIR,"endeks_uyeligi.csv (KAP, 2026-08-08)"
TRMET,2026-05-01,2026-09-30,HAYIR,"endeks_uyeligi.csv (KAP, 2026-08-08)"
TRYKI,2026-05-01,2026-09-30,HAYIR,"endeks_uyeligi.csv (KAP, 2026-08-08)"
TSGYO,2026-05-01,2026-09-30,HAYIR,"endeks_uyeligi.csv (KAP, 2026-08-08)"
TSK,2026-05-01,2026-09-30,HAYIR,"endeks_uyeligi.csv (KAP, 2026-08-08)"
TSKB,2026-05-01,2026-09-30,HAYIR,"endeks_uyeligi.csv (KAP, 2026-08-08)"
TSPOR,2026-05-01,2026-09-30,HAYIR,"endeks_uyeligi.csv (KAP, 2026-08-08)"
TTKOM,2026-05-01,2026-09-30,HAYIR,"endeks_uyeligi.csv (KAP, 2026-08-08)"
TTRAK,2026-05-01,2026-09-30,HAYIR,"endeks_uyeligi.csv (KAP, 2026-08-08)"
TURSG,2026-05-01,2026-09-30,HAYIR,"endeks_uyeligi.csv (KAP, 2026-08-08)"
TV8TV,2026-05-01,2026-09-30,HAYIR,"endeks_uyeligi.csv (KAP, 2026-08-08)"
TVB,2026-05-01,2026-09-30,HAYIR,"endeks_uyeligi.csv (KAP, 2026-08-08)"
TVM,2026-05-01,2026-09-30,HAYIR,"endeks_uyeligi.csv (KAP, 2026-08-08)"
ULAS,2026-05-01,2026-09-30,HAYIR,"endeks_uyeligi.csv (KAP, 2026-08-08)"
ULKER,2026-05-01,2026-09-30,HAYIR,"endeks_uyeligi.csv (KAP, 2026-08-08)"
ULUFA,2026-05-01,2026-09-30,HAYIR,"endeks_uyeligi.csv (KAP, 2026-08-08)"
ULUUN,2026-05-01,2026-09-30,HAYIR,"endeks_uyeligi.csv (KAP, 2026-08-08)"
UMPAS,2026-05-01,2026-09-30,HAYIR,"endeks_uyeligi.csv (KAP, 2026-08-08)"
UNLU,2026-05-01,2026-09-30,HAYIR,"endeks_uyeligi.csv (KAP, 2026-08-08)"
VAKBN,2026-05-01,2026-09-30,HAYIR,"endeks_uyeligi.csv (KAP, 2026-08-08)"
VAKFA,2026-05-01,2026-09-30,HAYIR,"endeks_uyeligi.csv (KAP, 2026-08-08)"
VAKFN,2026-05-01,2026-09-30,HAYIR,"endeks_uyeligi.csv (KAP, 2026-08-08)"
VAKVK,2026-05-01,2026-09-30,HAYIR,"endeks_uyeligi.csv (KAP, 2026-08-08)"
VBTYZ,2026-05-01,2026-09-30,HAYIR,"endeks_uyeligi.csv (KAP, 2026-08-08)"
VDFAS,2026-05-01,2026-09-30,HAYIR,"endeks_uyeligi.csv (KAP, 2026-08-08)"
VDFLO,2026-05-01,2026-09-30,HAYIR,"endeks_uyeligi.csv (KAP, 2026-08-08)"
VERTU,2026-05-01,2026-09-30,HAYIR,"endeks_uyeligi.csv (KAP, 2026-08-08)"
VERUS,2026-05-01,2026-09-30,HAYIR,"endeks_uyeligi.csv (KAP, 2026-08-08)"
VESBE,2026-05-01,2026-09-30,HAYIR,"endeks_uyeligi.csv (KAP, 2026-08-08)"
VESTL,2026-05-01,2026-09-30,HAYIR,"endeks_uyeligi.csv (KAP, 2026-08-08)"
VKFYO,2026-05-01,2026-09-30,HAYIR,"endeks_uyeligi.csv (KAP, 2026-08-08)"
VKGYO,2026-05-01,2026-09-30,HAYIR,"endeks_uyeligi.csv (KAP, 2026-08-08)"
VKING,2026-05-01,2026-09-30,HAYIR,"endeks_uyeligi.csv (KAP, 2026-08-08)"
VRGYO,2026-05-01,2026-09-30,HAYIR,"endeks_uyeligi.csv (KAP, 2026-08-08)"
VSNMD,2026-05-01,2026-09-30,HAYIR,"endeks_uyeligi.csv (KAP, 2026-08-08)"
YAPRK,2026-05-01,2026-09-30,HAYIR,"endeks_uyeligi.csv (KAP, 2026-08-08)"
YATVK,2026-05-01,2026-09-30,HAYIR,"endeks_uyeligi.csv (KAP, 2026-08-08)"
YAYLA,2026-05-01,2026-09-30,HAYIR,"endeks_uyeligi.csv (KAP, 2026-08-08)"
YBQ,2026-05-01,2026-09-30,HAYIR,"endeks_uyeligi.csv (KAP, 2026-08-08)"
YBTAS,2026-05-01,2026-09-30,HAYIR,"endeks_uyeligi.csv (KAP, 2026-08-08)"
YESIL,2026-05-01,2026-09-30,HAYIR,"endeks_uyeligi.csv (KAP, 2026-08-08)"
YGGYO,2026-05-01,2026-09-30,HAYIR,"endeks_uyeligi.csv (KAP, 2026-08-08)"
YKB,2026-05-01,2026-09-30,HAYIR,"endeks_uyeligi.csv (KAP, 2026-08-08)"
YKBNK,2026-05-01,2026-09-30,HAYIR,"endeks_uyeligi.csv (KAP, 2026-08-08)"
YKFIN,2026-05-01,2026-09-30,HAYIR,"endeks_uyeligi.csv (KAP, 2026-08-08)"
YKFKT,2026-05-01,2026-09-30,HAYIR,"endeks_uyeligi.csv (KAP, 2026-08-08)"
YKR,2026-05-01,2026-09-30,HAYIR,"endeks_uyeligi.csv (KAP, 2026-08-08)"
YKYAT,2026-05-01,2026-09-30,HAYIR,"endeks_uyeligi.csv (KAP, 2026-08-08)"
YONGA,2026-05-01,2026-09-30,HAYIR,"endeks_uyeligi.csv (KAP, 2026-08-08)"
YYAPI,2026-05-01,2026-09-30,HAYIR,"endeks_uyeligi.csv (KAP, 2026-08-08)"
YYLGD,2026-05-01,2026-09-30,HAYIR,"endeks_uyeligi.csv (KAP, 2026-08-08)"
ZGYO,2026-05-01,2026-09-30,HAYIR,"endeks_uyeligi.csv (KAP, 2026-08-08)"
ZKBVK,2026-05-01,2026-09-30,HAYIR,"endeks_uyeligi.csv (KAP, 2026-08-08)"
ZKBVR,2026-05-01,2026-09-30,HAYIR,"endeks_uyeligi.csv (KAP, 2026-08-08)"
ZOREN,2026-05-01,2026-09-30,HAYIR,"endeks_uyeligi.csv (KAP, 2026-08-08)"
ZRGYO,2026-05-01,2026-09-30,HAYIR,"endeks_uyeligi.csv (KAP, 2026-08-08)"
