ticker,bildirim_id,yil,periyot,gonderim_ts,konu,indirildi_mi
A1YEN,1566486,2025,Yıllık,2026-03-05 18:10:25,Katılım Finansı İlkeleri Bilgi Formu,EVET
A1YEN,1478469,2025,6 Aylık,2025-08-14 18:11:00,Katılım Finansı İlkeleri Bilgi Formu,EVET
ACSEL,1564638,2025,Yıllık,2026-03-02 23:09:12,Katılım Finansı İlkeleri Bilgi Formu,EVET
ACSEL,1475303,2025,6 Aylık,2025-08-08 19:44:42,Katılım Finansı İlkeleri Bilgi Formu,EVET
ADEL,1565166,2025,Yıllık,2026-03-03 18:26:31,Katılım Finansı İlkeleri Bilgi Formu,EVET
ADEL,1477068,2025,6 Aylık,2025-08-12 19:03:01,Katılım Finansı İlkeleri Bilgi Formu,EVET
ADESE,1572121,2025,Yıllık,2026-03-12 22:30:23,Katılım Finansı İlkeleri Bilgi Formu,EVET
ADESE,1480796,2025,6 Aylık,2025-08-19 18:29:31,Katılım Finansı İlkeleri Bilgi Formu,EVET
ADGYO,1558507,2025,Yıllık,2026-02-18 18:18:03,Katılım Finansı İlkeleri Bilgi Formu,EVET
ADGYO,1481411,2025,6 Aylık,2025-08-20 18:15:50,Katılım Finansı İlkeleri Bilgi Formu,EVET
AEFES,1566785,2025,Yıllık,2026-03-06 00:00:12,Katılım Finansı İlkeleri Bilgi Formu,EVET
AEFES,1477181,2025,6 Aylık,2025-08-12 23:51:00,Katılım Finansı İlkeleri Bilgi Formu,EVET
AFYON,1639869,2026,6 Aylık,2026-07-30 20:26:33,Katılım Finansı İlkeleri Bilgi Formu,EVET
AFYON,1561114,2025,Yıllık,2026-02-24 19:49:48,Katılım Finansı İlkeleri Bilgi Formu,EVET
AGHOL,1569092,2025,Yıllık,2026-03-09 20:29:40,Katılım Finansı İlkeleri Bilgi Formu,EVET
AGHOL,1479328,2025,6 Aylık,2025-08-15 18:26:26,Katılım Finansı İlkeleri Bilgi Formu,EVET
AGROT,1573581,2025,Yıllık,2026-03-17 18:10:33,Katılım Finansı İlkeleri Bilgi Formu,EVET
AGROT,1481771,2025,6 Aylık,2025-08-21 18:18:42,Katılım Finansı İlkeleri Bilgi Formu,EVET
AGYO,1570837,2025,Yıllık,2026-03-11 19:10:14,Katılım Finansı İlkeleri Bilgi Formu,EVET
AGYO,1481396,2025,6 Aylık,2025-08-20 18:11:31,Katılım Finansı İlkeleri Bilgi Formu,EVET
AHGAZ,1597857,2025,Yıllık,2026-04-27 22:15:22,Katılım Finansı İlkeleri Bilgi Formu,EVET
AHGAZ,1480032,2025,6 Aylık,2025-08-18 18:30:47,Katılım Finansı İlkeleri Bilgi Formu,EVET
AHSGY,1583013,2025,Yıllık,2026-04-02 18:32:07,Katılım Finansı İlkeleri Bilgi Formu,EVET
AHSGY,1566120,2025,Yıllık,2026-03-04 23:09:41,Katılım Finansı İlkeleri Bilgi Formu,EVET
AHSGY,1489614,2025,6 Aylık,2025-09-12 18:58:02,Katılım Finansı İlkeleri Bilgi Formu,EVET
AHSGY,1487384,2025,6 Aylık,2025-09-07 22:37:22,Katılım Finansı İlkeleri Bilgi Formu,EVET
AHSGY,1483953,2025,6 Aylık,2025-08-29 18:19:44,Katılım Finansı İlkeleri Bilgi Formu,EVET
AKCNS,1643951,2026,6 Aylık,2026-08-05 20:55:48,Katılım Finansı İlkeleri Bilgi Formu,EVET
AKCNS,1556282,2025,Yıllık,2026-02-12 20:48:46,Katılım Finansı İlkeleri Bilgi Formu,EVET
AKENR,1567710,2025,Yıllık,2026-03-06 19:11:09,Katılım Finansı İlkeleri Bilgi Formu,EVET
AKENR,1477901,2025,6 Aylık,2025-08-13 20:16:20,Katılım Finansı İlkeleri Bilgi Formu,EVET
AKFGY,1644674,2026,6 Aylık,2026-08-06 18:45:07,Katılım Finansı İlkeleri Bilgi Formu,EVET
AKFGY,1557732,2025,Yıllık,2026-02-17 18:28:36,Katılım Finansı İlkeleri Bilgi Formu,EVET
AKFGY,1478508,2025,6 Aylık,2025-08-14 18:15:28,Katılım Finansı İlkeleri Bilgi Formu,EVET
AKFIS,1644558,2026,6 Aylık,2026-08-06 18:12:21,Katılım Finansı İlkeleri Bilgi Formu,EVET
AKFIS,1562066,2025,Yıllık,2026-02-26 18:19:15,Katılım Finansı İlkeleri Bilgi Formu,EVET
AKFIS,1479374,2025,6 Aylık,2025-08-15 18:51:31,Katılım Finansı İlkeleri Bilgi Formu,EVET
AKFYE,1577675,2025,Yıllık,2026-03-27 18:12:38,Katılım Finansı İlkeleri Bilgi Formu,EVET
AKFYE,1568928,2025,Yıllık,2026-03-09 18:13:04,Katılım Finansı İlkeleri Bilgi Formu,EVET
AKFYE,1486164,2025,6 Aylık,2025-09-03 18:18:37,Katılım Finansı İlkeleri Bilgi Formu,EVET
AKFYE,1480179,2025,6 Aylık,2025-08-18 19:44:25,Katılım Finansı İlkeleri Bilgi Formu,EVET
AKHAN,1576596,2025,Yıllık,2026-03-26 18:11:21,Katılım Finansı İlkeleri Bilgi Formu,EVET
AKMGY,1563064,2025,Yıllık,2026-02-27 19:42:59,Katılım Finansı İlkeleri Bilgi Formu,EVET
AKMGY,1475203,2025,6 Aylık,2025-08-08 18:52:25,Katılım Finansı İlkeleri Bilgi Formu,EVET
AKSA,1559923,2025,Yıllık,2026-02-20 18:29:21,Katılım Finansı İlkeleri Bilgi Formu,EVET
AKSA,1480190,2025,6 Aylık,2025-08-18 19:47:11,Katılım Finansı İlkeleri Bilgi Formu,EVET
AKSEN,1567606,2025,Yıllık,2026-03-06 18:13:03,Katılım Finansı İlkeleri Bilgi Formu,EVET
AKSEN,1480674,2025,6 Aylık,2025-08-19 18:13:39,Katılım Finansı İlkeleri Bilgi Formu,EVET
AKSGY,1565330,2025,Yıllık,2026-03-03 22:21:15,Katılım Finansı İlkeleri Bilgi Formu,EVET
AKSGY,1480993,2025,6 Aylık,2025-08-19 19:42:42,Katılım Finansı İlkeleri Bilgi Formu,EVET
AKSUE,1563893,2025,Yıllık,2026-03-02 18:12:38,Katılım Finansı İlkeleri Bilgi Formu,EVET
AKSUE,1475891,2025,6 Aylık,2025-08-11 18:10:57,Katılım Finansı İlkeleri Bilgi Formu,EVET
AKYHO,1560057,2025,Yıllık,2026-02-20 20:43:01,Katılım Finansı İlkeleri Bilgi Formu,EVET
AKYHO,1488758,2025,6 Aylık,2025-09-10 18:36:59,Katılım Finansı İlkeleri Bilgi Formu,EVET
AKYHO,1484692,2025,6 Aylık,2025-09-01 21:11:38,Katılım Finansı İlkeleri Bilgi Formu,EVET
AKYHO,1480255,2025,6 Aylık,2025-08-18 20:37:19,Katılım Finansı İlkeleri Bilgi Formu,EVET
ALARK,1570172,2025,Yıllık,2026-03-11 04:06:26,Katılım Finansı İlkeleri Bilgi Formu,EVET
ALARK,1480271,2025,6 Aylık,2025-08-18 20:59:50,Katılım Finansı İlkeleri Bilgi Formu,EVET
ALBTN,1642947,2026,6 Aylık,2026-08-04 18:10:48,Katılım Finansı İlkeleri Bilgi Formu,EVET
ALCAR,1644749,2026,6 Aylık,2026-08-06 20:09:15,Katılım Finansı İlkeleri Bilgi Formu,EVET
ALCAR,1563241,2025,Yıllık,2026-02-28 00:07:21,Katılım Finansı İlkeleri Bilgi Formu,EVET
ALCAR,1475363,2025,6 Aylık,2025-08-08 21:08:34,Katılım Finansı İlkeleri Bilgi Formu,EVET
ALCTL,1564361,2025,Yıllık,2026-03-02 21:08:30,Katılım Finansı İlkeleri Bilgi Formu,EVET
ALCTL,1476191,2025,6 Aylık,2025-08-11 19:13:16,Katılım Finansı İlkeleri Bilgi Formu,EVET
ALFAS,1564354,2025,Yıllık,2026-03-02 21:06:28,Katılım Finansı İlkeleri Bilgi Formu,EVET
ALFAS,1486537,2025,6 Aylık,2025-09-04 18:12:59,Katılım Finansı İlkeleri Bilgi Formu,EVET
ALFAS,1481468,2025,6 Aylık,2025-08-20 18:46:39,Katılım Finansı İlkeleri Bilgi Formu,EVET
ALGYO,1566805,2025,Yıllık,2026-03-06 02:39:35,Katılım Finansı İlkeleri Bilgi Formu,EVET
ALGYO,1475395,2025,6 Aylık,2025-08-08 22:38:12,Katılım Finansı İlkeleri Bilgi Formu,EVET
ALKA,1563935,2025,Yıllık,2026-03-02 18:16:51,Katılım Finansı İlkeleri Bilgi Formu,EVET
ALKA,1483570,2025,6 Aylık,2025-08-28 18:38:32,Katılım Finansı İlkeleri Bilgi Formu,EVET
ALKA,1476269,2025,6 Aylık,2025-08-11 20:03:38,Katılım Finansı İlkeleri Bilgi Formu,EVET
ALKIM,1579170,2025,Yıllık,2026-03-30 19:20:53,Katılım Finansı İlkeleri Bilgi Formu,EVET
ALKIM,1570037,2025,Yıllık,2026-03-10 20:15:46,Katılım Finansı İlkeleri Bilgi Formu,EVET
ALKIM,1485590,2025,6 Aylık,2025-09-02 18:11:46,Katılım Finansı İlkeleri Bilgi Formu,EVET
ALKIM,1484503,2025,6 Aylık,2025-09-01 18:11:07,Katılım Finansı İlkeleri Bilgi Formu,EVET
ALKIM,1481410,2025,6 Aylık,2025-08-20 18:15:20,Katılım Finansı İlkeleri Bilgi Formu,EVET
ALKLC,1572111,2025,Yıllık,2026-03-12 22:13:55,Katılım Finansı İlkeleri Bilgi Formu,EVET
ALKLC,1484052,2025,6 Aylık,2025-08-29 21:38:16,Katılım Finansı İlkeleri Bilgi Formu,EVET
ALKLC,1481097,2025,6 Aylık,2025-08-19 22:25:47,Katılım Finansı İlkeleri Bilgi Formu,EVET
ALTNY,1570547,2025,Yıllık,2026-03-11 18:14:48,Katılım Finansı İlkeleri Bilgi Formu,EVET
ALTNY,1487943,2025,6 Aylık,2025-09-08 18:18:07,Katılım Finansı İlkeleri Bilgi Formu,EVET
ALTNY,1479308,2025,6 Aylık,2025-08-15 18:21:52,Katılım Finansı İlkeleri Bilgi Formu,EVET
ALVES,1561100,2025,Yıllık,2026-02-24 19:29:29,Katılım Finansı İlkeleri Bilgi Formu,EVET
ALVES,1483533,2025,6 Aylık,2025-08-28 18:12:11,Katılım Finansı İlkeleri Bilgi Formu,EVET
ALVES,1480020,2025,6 Aylık,2025-08-18 18:29:12,Katılım Finansı İlkeleri Bilgi Formu,EVET
ANELE,1572100,2025,Yıllık,2026-03-12 21:36:04,Katılım Finansı İlkeleri Bilgi Formu,EVET
ANELE,1480295,2025,6 Aylık,2025-08-18 22:01:37,Katılım Finansı İlkeleri Bilgi Formu,EVET
ANGEN,1641523,2026,6 Aylık,2026-07-31 18:18:33,Katılım Finansı İlkeleri Bilgi Formu,EVET
ANGEN,1562919,2025,Yıllık,2026-02-27 18:27:51,Katılım Finansı İlkeleri Bilgi Formu,EVET
ANGEN,1488388,2025,6 Aylık,2025-09-09 18:10:21,Katılım Finansı İlkeleri Bilgi Formu,EVET
ANGEN,1487927,2025,6 Aylık,2025-09-08 18:10:16,Katılım Finansı İlkeleri Bilgi Formu,EVET
ANGEN,1475269,2025,6 Aylık,2025-08-08 19:25:14,Katılım Finansı İlkeleri Bilgi Formu,EVET
ARASE,1575773,2025,Yıllık,2026-03-25 18:15:57,Katılım Finansı İlkeleri Bilgi Formu,EVET
ARASE,1484519,2025,6 Aylık,2025-09-01 18:17:36,Katılım Finansı İlkeleri Bilgi Formu,EVET
ARASE,1482094,2025,6 Aylık,2025-08-22 18:12:01,Katılım Finansı İlkeleri Bilgi Formu,EVET
ARCLK,1638894,2026,6 Aylık,2026-07-29 18:22:50,Katılım Finansı İlkeleri Bilgi Formu,EVET
ARCLK,1550377,2025,Yıllık,2026-01-30 18:21:23,Katılım Finansı İlkeleri Bilgi Formu,EVET
ARDYZ,1558649,2025,Yıllık,2026-02-18 22:10:47,Katılım Finansı İlkeleri Bilgi Formu,EVET
ARDYZ,1486217,2025,6 Aylık,2025-09-04 00:11:12,Katılım Finansı İlkeleri Bilgi Formu,EVET
ARDYZ,1480140,2025,6 Aylık,2025-08-18 19:16:10,Katılım Finansı İlkeleri Bilgi Formu,EVET
ARENA,1606516,2025,Yıllık,2026-05-13 04:12:31,Katılım Finansı İlkeleri Bilgi Formu,EVET
ARENA,1512429,2025,6 Aylık,2025-11-06 18:28:16,Katılım Finansı İlkeleri Bilgi Formu,EVET
ARFYE,1578907,2025,Yıllık,2026-03-30 18:19:05,Katılım Finansı İlkeleri Bilgi Formu,EVET
ARFYE,1575879,2025,Yıllık,2026-03-25 19:30:23,Katılım Finansı İlkeleri Bilgi Formu,EVET
ARFYE,1562185,2025,Yıllık,2026-02-26 19:46:35,Katılım Finansı İlkeleri Bilgi Formu,EVET
ARMGD,1569079,2025,Yıllık,2026-03-09 20:05:48,Katılım Finansı İlkeleri Bilgi Formu,EVET
ARMGD,1477127,2025,6 Aylık,2025-08-12 20:30:23,Katılım Finansı İlkeleri Bilgi Formu,EVET
ARSAN,1570528,2025,Yıllık,2026-03-11 18:13:14,Katılım Finansı İlkeleri Bilgi Formu,EVET
ARSAN,1481007,2025,6 Aylık,2025-08-19 20:10:05,Katılım Finansı İlkeleri Bilgi Formu,EVET
ARTMS,1565340,2025,Yıllık,2026-03-03 22:52:56,Katılım Finansı İlkeleri Bilgi Formu,EVET
ARTMS,1484054,2025,6 Aylık,2025-08-29 21:56:38,Katılım Finansı İlkeleri Bilgi Formu,EVET
ARTMS,1476127,2025,6 Aylık,2025-08-11 18:50:38,Katılım Finansı İlkeleri Bilgi Formu,EVET
ARZUM,1644838,2026,6 Aylık,2026-08-06 22:39:09,Katılım Finansı İlkeleri Bilgi Formu,EVET
ARZUM,1574451,2025,Yıllık,2026-03-19 14:16:24,Katılım Finansı İlkeleri Bilgi Formu,EVET
ARZUM,1481439,2025,6 Aylık,2025-08-20 18:28:10,Katılım Finansı İlkeleri Bilgi Formu,EVET
ASELS,1643144,2026,6 Aylık,2026-08-04 18:43:14,Katılım Finansı İlkeleri Bilgi Formu,EVET
ASELS,1561061,2025,Yıllık,2026-02-24 18:39:16,Katılım Finansı İlkeleri Bilgi Formu,EVET
ASELS,1472641,2025,6 Aylık,2025-08-05 19:40:19,Katılım Finansı İlkeleri Bilgi Formu,EVET
ASGYO,1567732,2025,Yıllık,2026-03-06 19:31:50,Katılım Finansı İlkeleri Bilgi Formu,EVET
ASGYO,1475955,2025,6 Aylık,2025-08-11 18:14:36,Katılım Finansı İlkeleri Bilgi Formu,EVET
ASTOR,1558604,2025,Yıllık,2026-02-18 19:42:30,Katılım Finansı İlkeleri Bilgi Formu,EVET
ASTOR,1480978,2025,6 Aylık,2025-08-19 19:27:10,Katılım Finansı İlkeleri Bilgi Formu,EVET
ASUZU,1566609,2025,Yıllık,2026-03-05 18:33:23,Katılım Finansı İlkeleri Bilgi Formu,EVET
ASUZU,1485678,2025,6 Aylık,2025-09-02 18:47:48,Katılım Finansı İlkeleri Bilgi Formu,EVET
ASUZU,1477070,2025,6 Aylık,2025-08-12 19:07:47,Katılım Finansı İlkeleri Bilgi Formu,EVET
ATAGY,1644824,2026,6 Aylık,2026-08-06 22:09:45,Katılım Finansı İlkeleri Bilgi Formu,EVET
ATAGY,1564277,2025,Yıllık,2026-03-02 20:03:04,Katılım Finansı İlkeleri Bilgi Formu,EVET
ATAGY,1475396,2025,6 Aylık,2025-08-08 22:39:57,Katılım Finansı İlkeleri Bilgi Formu,EVET
ATAKP,1644015,2026,6 Aylık,2026-08-06 01:26:44,Katılım Finansı İlkeleri Bilgi Formu,EVET
ATAKP,1563250,2025,Yıllık,2026-02-28 00:20:46,Katılım Finansı İlkeleri Bilgi Formu,EVET
ATAKP,1476557,2025,6 Aylık,2025-08-11 23:38:51,Katılım Finansı İlkeleri Bilgi Formu,EVET
ATATP,1566722,2025,Yıllık,2026-03-05 20:32:57,Katılım Finansı İlkeleri Bilgi Formu,EVET
ATATP,1480217,2025,6 Aylık,2025-08-18 19:58:15,Katılım Finansı İlkeleri Bilgi Formu,EVET
ATATR,1569737,2025,Yıllık,2026-03-10 18:12:15,Katılım Finansı İlkeleri Bilgi Formu,EVET
ATEKS,1571937,2025,Yıllık,2026-03-12 18:15:54,Katılım Finansı İlkeleri Bilgi Formu,EVET
ATEKS,1568945,2025,6 Aylık,2026-03-09 18:15:48,Katılım Finansı İlkeleri Bilgi Formu,EVET
ATSYH,1487337,2025,6 Aylık,2025-09-07 14:23:33,Katılım Finansı İlkeleri Bilgi Formu,EVET
AVGYO,1571945,2025,Yıllık,2026-03-12 18:21:23,Katılım Finansı İlkeleri Bilgi Formu,EVET
AVGYO,1479384,2025,6 Aylık,2025-08-15 18:54:53,Katılım Finansı İlkeleri Bilgi Formu,EVET
AVHOL,1571235,2025,Yıllık,2026-03-11 22:42:00,Katılım Finansı İlkeleri Bilgi Formu,EVET
AVHOL,1480699,2025,6 Aylık,2025-08-19 18:15:54,Katılım Finansı İlkeleri Bilgi Formu,EVET
AVOD,1566674,2025,Yıllık,2026-03-05 19:25:25,Katılım Finansı İlkeleri Bilgi Formu,EVET
AVOD,1479377,2025,6 Aylık,2025-08-15 18:52:24,Katılım Finansı İlkeleri Bilgi Formu,EVET
AVPGY,1564322,2025,Yıllık,2026-03-02 20:29:18,Katılım Finansı İlkeleri Bilgi Formu,EVET
AVPGY,1477035,2025,6 Aylık,2025-08-12 18:41:08,Katılım Finansı İlkeleri Bilgi Formu,EVET
AVTUR,1565189,2025,Yıllık,2026-03-03 18:35:01,Katılım Finansı İlkeleri Bilgi Formu,EVET
AVTUR,1476188,2025,6 Aylık,2025-08-11 19:12:38,Katılım Finansı İlkeleri Bilgi Formu,EVET
AYCES,1644819,2026,6 Aylık,2026-08-06 21:38:07,Katılım Finansı İlkeleri Bilgi Formu,EVET
AYCES,1563210,2025,Yıllık,2026-02-27 22:54:51,Katılım Finansı İlkeleri Bilgi Formu,EVET
AYCES,1562328,2025,Yıllık,2026-02-26 23:51:19,Katılım Finansı İlkeleri Bilgi Formu,EVET
AYCES,1475459,2025,6 Aylık,2025-08-09 15:24:07,Katılım Finansı İlkeleri Bilgi Formu,EVET
AYDEM,1565336,2025,Yıllık,2026-03-03 22:30:05,Katılım Finansı İlkeleri Bilgi Formu,EVET
AYDEM,1481057,2025,6 Aylık,2025-08-19 21:07:27,Katılım Finansı İlkeleri Bilgi Formu,EVET
AYEN,1582400,2025,Yıllık,2026-04-01 18:12:33,Katılım Finansı İlkeleri Bilgi Formu,EVET
AYEN,1568962,2025,Yıllık,2026-03-09 18:28:28,Katılım Finansı İlkeleri Bilgi Formu,EVET
AYEN,1567779,2025,Yıllık,2026-03-06 20:11:00,Katılım Finansı İlkeleri Bilgi Formu,EVET
AYEN,1479462,2025,6 Aylık,2025-08-15 20:26:59,Katılım Finansı İlkeleri Bilgi Formu,EVET
AYES,1590291,2025,Yıllık,2026-04-09 18:12:19,Katılım Finansı İlkeleri Bilgi Formu,EVET
AYES,1571994,2025,Yıllık,2026-03-12 18:59:22,Katılım Finansı İlkeleri Bilgi Formu,EVET
AYES,1481483,2025,6 Aylık,2025-08-20 19:33:40,Katılım Finansı İlkeleri Bilgi Formu,EVET
AYGAZ,1643842,2026,6 Aylık,2026-08-05 18:25:27,Katılım Finansı İlkeleri Bilgi Formu,EVET
AYGAZ,1555510,2025,Yıllık,2026-02-10 18:22:14,Katılım Finansı İlkeleri Bilgi Formu,EVET
AZTEK,1571985,2025,Yıllık,2026-03-12 18:44:11,Katılım Finansı İlkeleri Bilgi Formu,EVET
AZTEK,1478591,2025,6 Aylık,2025-08-14 18:36:51,Katılım Finansı İlkeleri Bilgi Formu,EVET
BAGFS,1570884,2025,Yıllık,2026-03-11 19:49:18,Katılım Finansı İlkeleri Bilgi Formu,EVET
BAGFS,1480040,2025,6 Aylık,2025-08-18 18:32:46,Katılım Finansı İlkeleri Bilgi Formu,EVET
BAHKM,1582389,2025,Yıllık,2026-04-01 18:10:10,Katılım Finansı İlkeleri Bilgi Formu,EVET
BAHKM,1569721,2025,Yıllık,2026-03-10 18:10:10,Katılım Finansı İlkeleri Bilgi Formu,EVET
BAHKM,1475978,2025,6 Aylık,2025-08-11 18:16:45,Katılım Finansı İlkeleri Bilgi Formu,EVET
BAKAB,1570051,2025,Yıllık,2026-03-10 20:31:59,Katılım Finansı İlkeleri Bilgi Formu,EVET
BAKAB,1480805,2025,6 Aylık,2025-08-19 18:31:51,Katılım Finansı İlkeleri Bilgi Formu,EVET
BALSU,1561025,2025,6 Aylık,2026-02-24 18:18:36,Katılım Finansı İlkeleri Bilgi Formu,EVET
BALSU,1487200,2024,Yıllık,2025-09-05 18:26:47,Katılım Finansı İlkeleri Bilgi Formu,EVET
BANVT,1574840,2025,Yıllık,2026-03-23 18:45:48,Katılım Finansı İlkeleri Bilgi Formu,EVET
BANVT,1572594,2025,Yıllık,2026-03-13 19:03:35,Katılım Finansı İlkeleri Bilgi Formu,EVET
BANVT,1564426,2025,Yıllık,2026-03-02 21:47:32,Katılım Finansı İlkeleri Bilgi Formu,EVET
BANVT,1485679,2025,6 Aylık,2025-09-02 18:48:15,Katılım Finansı İlkeleri Bilgi Formu,EVET
BARMA,1638787,2026,6 Aylık,2026-07-29 18:10:20,Katılım Finansı İlkeleri Bilgi Formu,EVET
BARMA,1571991,2025,Yıllık,2026-03-12 18:57:02,Katılım Finansı İlkeleri Bilgi Formu,EVET
BARMA,1478760,2025,6 Aylık,2025-08-14 19:52:10,Katılım Finansı İlkeleri Bilgi Formu,EVET
BASCM,1564269,2025,Yıllık,2026-03-02 20:00:30,Katılım Finansı İlkeleri Bilgi Formu,EVET
BASCM,1476106,2025,6 Aylık,2025-08-11 18:43:50,Katılım Finansı İlkeleri Bilgi Formu,EVET
BASGZ,1565128,2025,Yıllık,2026-03-03 18:10:14,Katılım Finansı İlkeleri Bilgi Formu,EVET
BASGZ,1483919,2025,6 Aylık,2025-08-29 18:10:26,Katılım Finansı İlkeleri Bilgi Formu,EVET
BASGZ,1477074,2025,6 Aylık,2025-08-12 19:08:15,Katılım Finansı İlkeleri Bilgi Formu,EVET
BAYRK,1564176,2025,Yıllık,2026-03-02 19:11:17,Katılım Finansı İlkeleri Bilgi Formu,EVET
BAYRK,1485795,2025,6 Aylık,2025-09-02 23:27:58,Katılım Finansı İlkeleri Bilgi Formu,EVET
BAYRK,1476082,2025,6 Aylık,2025-08-11 18:37:33,Katılım Finansı İlkeleri Bilgi Formu,EVET
BEGYO,1560588,2025,Yıllık,2026-02-23 18:35:07,Katılım Finansı İlkeleri Bilgi Formu,EVET
BERA,1570585,2025,Yıllık,2026-03-11 18:18:32,Katılım Finansı İlkeleri Bilgi Formu,EVET
BERA,1480767,2025,6 Aylık,2025-08-19 18:25:53,Katılım Finansı İlkeleri Bilgi Formu,EVET
BESLR,1571232,2025,Yıllık,2026-03-11 22:41:28,Katılım Finansı İlkeleri Bilgi Formu,EVET
BESLR,1479517,2025,6 Aylık,2025-08-15 22:29:09,Katılım Finansı İlkeleri Bilgi Formu,EVET
BESTE,1560021,2025,Yıllık,2026-02-20 19:03:03,Katılım Finansı İlkeleri Bilgi Formu,EVET
BEYAZ,1565254,2025,Yıllık,2026-03-03 19:52:58,Katılım Finansı İlkeleri Bilgi Formu,EVET
BEYAZ,1484077,2025,6 Aylık,2025-08-31 21:49:14,Katılım Finansı İlkeleri Bilgi Formu,EVET
BEYAZ,1477122,2025,6 Aylık,2025-08-12 20:27:03,Katılım Finansı İlkeleri Bilgi Formu,EVET
BIENY,1570650,2025,Yıllık,2026-03-11 18:26:51,Katılım Finansı İlkeleri Bilgi Formu,EVET
BIENY,1480832,2025,6 Aylık,2025-08-19 18:36:38,Katılım Finansı İlkeleri Bilgi Formu,EVET
BIGCH,1639875,2026,6 Aylık,2026-07-30 21:17:54,Katılım Finansı İlkeleri Bilgi Formu,EVET
BIGCH,1562958,2025,Yıllık,2026-02-27 18:43:19,Katılım Finansı İlkeleri Bilgi Formu,EVET
BIGEN,1637311,2026,6 Aylık,2026-07-27 18:11:16,Katılım Finansı İlkeleri Bilgi Formu,EVET
BIGEN,1571921,2025,Yıllık,2026-03-12 18:11:46,Katılım Finansı İlkeleri Bilgi Formu,EVET
BIGEN,1481392,2025,6 Aylık,2025-08-20 18:10:44,Katılım Finansı İlkeleri Bilgi Formu,EVET
BIMAS,1605797,2026,3 Aylık,2026-05-11 22:35:19,Katılım Finansı İlkeleri Bilgi Formu,EVET
BIMAS,1570160,2025,Yıllık,2026-03-11 01:09:11,Katılım Finansı İlkeleri Bilgi Formu,EVET
BIMAS,1514902,2025,9 Aylık,2025-11-10 20:12:08,Katılım Finansı İlkeleri Bilgi Formu,EVET
BIMAS,1478797,2025,6 Aylık,2025-08-14 20:23:05,Katılım Finansı İlkeleri Bilgi Formu,EVET
BINBN,1564592,2025,Yıllık,2026-03-02 22:46:12,Katılım Finansı İlkeleri Bilgi Formu,EVET
BINBN,1476508,2025,6 Aylık,2025-08-11 23:20:53,Katılım Finansı İlkeleri Bilgi Formu,EVET
BINHO,1564625,2025,Yıllık,2026-03-02 23:05:46,Katılım Finansı İlkeleri Bilgi Formu,EVET
BINHO,1476515,2025,6 Aylık,2025-08-11 23:31:36,Katılım Finansı İlkeleri Bilgi Formu,EVET
BIOEN,1572019,2025,Yıllık,2026-03-12 19:29:53,Katılım Finansı İlkeleri Bilgi Formu,EVET
BIOEN,1480172,2025,6 Aylık,2025-08-18 19:42:17,Katılım Finansı İlkeleri Bilgi Formu,EVET
BIZIM,1569039,2025,Yıllık,2026-03-09 19:06:00,Katılım Finansı İlkeleri Bilgi Formu,EVET
BIZIM,1478643,2025,6 Aylık,2025-08-14 19:03:00,Katılım Finansı İlkeleri Bilgi Formu,EVET
BJKAS,1545511,2025,6 Aylık,2026-01-21 18:15:28,Katılım Finansı İlkeleri Bilgi Formu,EVET
BJKAS,1477592,2024,Yıllık,2025-08-13 18:13:08,Katılım Finansı İlkeleri Bilgi Formu,EVET
BLCYT,1557600,2025,Yıllık,2026-02-17 18:11:56,Katılım Finansı İlkeleri Bilgi Formu,EVET
BLCYT,1477567,2025,6 Aylık,2025-08-13 18:11:06,Katılım Finansı İlkeleri Bilgi Formu,EVET
BLUME,1560543,2025,Yıllık,2026-02-23 18:10:53,Katılım Finansı İlkeleri Bilgi Formu,EVET
BLUME,1477073,2025,6 Aylık,2025-08-12 19:08:04,Katılım Finansı İlkeleri Bilgi Formu,EVET
BMSCH,1570563,2025,Yıllık,2026-03-11 18:16:18,Katılım Finansı İlkeleri Bilgi Formu,EVET
BMSCH,1481497,2025,6 Aylık,2025-08-20 20:30:49,Katılım Finansı İlkeleri Bilgi Formu,EVET
BMSTL,1637932,2026,6 Aylık,2026-07-28 18:36:06,Katılım Finansı İlkeleri Bilgi Formu,EVET
BMSTL,1569907,2025,Yıllık,2026-03-10 18:44:44,Katılım Finansı İlkeleri Bilgi Formu,EVET
BMSTL,1475230,2025,6 Aylık,2025-08-08 19:03:45,Katılım Finansı İlkeleri Bilgi Formu,EVET
BNTAS,1644560,2026,6 Aylık,2026-08-06 18:12:44,Katılım Finansı İlkeleri Bilgi Formu,EVET
BNTAS,1575208,2025,Yıllık,2026-03-24 18:10:25,Katılım Finansı İlkeleri Bilgi Formu,EVET
BNTAS,1556623,2025,Yıllık,2026-02-13 18:17:34,Katılım Finansı İlkeleri Bilgi Formu,EVET
BNTAS,1475067,2025,6 Aylık,2025-08-08 18:15:25,Katılım Finansı İlkeleri Bilgi Formu,EVET
BOBET,1571977,2025,Yıllık,2026-03-12 18:33:47,Katılım Finansı İlkeleri Bilgi Formu,EVET
BOBET,1481459,2025,6 Aylık,2025-08-20 18:35:22,Katılım Finansı İlkeleri Bilgi Formu,EVET
BOBET,1480665,2025,3 Aylık,2025-08-19 18:12:45,Katılım Finansı İlkeleri Bilgi Formu,EVET
BORLS,1587401,2025,Yıllık,2026-04-08 00:11:38,Katılım Finansı İlkeleri Bilgi Formu,EVET
BORLS,1572530,2025,Yıllık,2026-03-13 18:17:08,Katılım Finansı İlkeleri Bilgi Formu,EVET
BORLS,1481414,2025,6 Aylık,2025-08-20 18:17:00,Katılım Finansı İlkeleri Bilgi Formu,EVET
BORSK,1611113,2025,Yıllık,2026-05-25 18:50:37,Katılım Finansı İlkeleri Bilgi Formu,EVET
BORSK,1567747,2025,6 Aylık,2026-03-06 19:44:11,Katılım Finansı İlkeleri Bilgi Formu,EVET
BORSK,1559341,2025,6 Aylık,2026-02-19 18:38:22,Katılım Finansı İlkeleri Bilgi Formu,EVET
BORSK,1550372,2025,9 Aylık,2026-01-30 18:19:45,Katılım Finansı İlkeleri Bilgi Formu,EVET
BOSSA,1563263,2025,Yıllık,2026-02-28 01:22:23,Katılım Finansı İlkeleri Bilgi Formu,EVET
BOSSA,1476323,2025,6 Aylık,2025-08-11 20:39:26,Katılım Finansı İlkeleri Bilgi Formu,EVET
BRISA,1643932,2026,6 Aylık,2026-08-05 20:19:45,Katılım Finansı İlkeleri Bilgi Formu,EVET
BRISA,1563120,2025,Yıllık,2026-02-27 20:15:46,Katılım Finansı İlkeleri Bilgi Formu,EVET
BRISA,1483998,2025,6 Aylık,2025-08-29 19:06:00,Katılım Finansı İlkeleri Bilgi Formu,EVET
BRISA,1474056,2025,6 Aylık,2025-08-07 18:22:38,Katılım Finansı İlkeleri Bilgi Formu,EVET
BRKO,1557150,2025,Yıllık,2026-02-16 21:03:37,Katılım Finansı İlkeleri Bilgi Formu,EVET
BRKO,1482792,2025,6 Aylık,2025-08-26 18:12:25,Katılım Finansı İlkeleri Bilgi Formu,EVET
BRKSN,1570636,2025,Yıllık,2026-03-11 18:25:12,Katılım Finansı İlkeleri Bilgi Formu,EVET
BRKSN,1481409,2025,6 Aylık,2025-08-20 18:15:20,Katılım Finansı İlkeleri Bilgi Formu,EVET
BRLSM,1574464,2025,Yıllık,2026-03-19 16:47:11,Katılım Finansı İlkeleri Bilgi Formu,EVET
BRLSM,1486162,2025,6 Aylık,2025-09-03 18:14:47,Katılım Finansı İlkeleri Bilgi Formu,EVET
BRMEN,1562828,2025,Yıllık,2026-02-27 18:13:27,Katılım Finansı İlkeleri Bilgi Formu,EVET
BRMEN,1480620,2025,6 Aylık,2025-08-19 18:10:25,Katılım Finansı İlkeleri Bilgi Formu,EVET
BRSAN,1562314,2025,Yıllık,2026-02-26 22:42:14,Katılım Finansı İlkeleri Bilgi Formu,EVET
BRSAN,1479477,2025,6 Aylık,2025-08-15 20:32:27,Katılım Finansı İlkeleri Bilgi Formu,EVET
BRYAT,1566796,2025,Yıllık,2026-03-06 01:59:44,Katılım Finansı İlkeleri Bilgi Formu,EVET
BRYAT,1479565,2025,6 Aylık,2025-08-17 18:03:47,Katılım Finansı İlkeleri Bilgi Formu,EVET
BSOKE,1561119,2025,Yıllık,2026-02-24 19:59:50,Katılım Finansı İlkeleri Bilgi Formu,EVET
BSOKE,1477110,2025,6 Aylık,2025-08-12 19:35:04,Katılım Finansı İlkeleri Bilgi Formu,EVET
BTCIM,1561120,2025,Yıllık,2026-02-24 20:00:10,Katılım Finansı İlkeleri Bilgi Formu,EVET
BTCIM,1481503,2025,6 Aylık,2025-08-20 20:43:32,Katılım Finansı İlkeleri Bilgi Formu,EVET
BUCIM,1569021,2025,Yıllık,2026-03-09 18:39:45,Katılım Finansı İlkeleri Bilgi Formu,EVET
BUCIM,1480723,2025,6 Aylık,2025-08-19 18:19:49,Katılım Finansı İlkeleri Bilgi Formu,EVET
BULGS,1564425,2025,Yıllık,2026-03-02 21:46:44,Katılım Finansı İlkeleri Bilgi Formu,EVET
BULGS,1475967,2025,6 Aylık,2025-08-11 18:16:11,Katılım Finansı İlkeleri Bilgi Formu,EVET
BURCE,1570600,2025,Yıllık,2026-03-11 18:21:17,Katılım Finansı İlkeleri Bilgi Formu,EVET
BURCE,1480741,2025,6 Aylık,2025-08-19 18:22:57,Katılım Finansı İlkeleri Bilgi Formu,EVET
BURVA,1565157,2025,Yıllık,2026-03-03 18:20:09,Katılım Finansı İlkeleri Bilgi Formu,EVET
BURVA,1476055,2025,6 Aylık,2025-08-11 18:31:21,Katılım Finansı İlkeleri Bilgi Formu,EVET
BVSAN,1570883,2025,Yıllık,2026-03-11 19:46:23,Katılım Finansı İlkeleri Bilgi Formu,EVET
BVSAN,1480240,2025,6 Aylık,2025-08-18 20:18:47,Katılım Finansı İlkeleri Bilgi Formu,EVET
BYDNR,1586893,2025,Yıllık,2026-04-07 18:13:45,Katılım Finansı İlkeleri Bilgi Formu,EVET
BYDNR,1571210,2025,Yıllık,2026-03-11 22:33:51,Katılım Finansı İlkeleri Bilgi Formu,EVET
BYDNR,1481403,2025,6 Aylık,2025-08-20 18:13:57,Katılım Finansı İlkeleri Bilgi Formu,EVET
CANTE,1571944,2025,Yıllık,2026-03-12 18:21:03,Katılım Finansı İlkeleri Bilgi Formu,EVET
CANTE,1476113,2025,6 Aylık,2025-08-11 18:46:36,Katılım Finansı İlkeleri Bilgi Formu,EVET
CASA,1592353,2025,Yıllık,2026-04-13 18:43:44,Katılım Finansı İlkeleri Bilgi Formu,EVET
CASA,1583000,2025,Yıllık,2026-04-02 18:25:59,Katılım Finansı İlkeleri Bilgi Formu,EVET
CASA,1515786,2025,9 Aylık,2025-11-11 18:11:31,Katılım Finansı İlkeleri Bilgi Formu,EVET
CASA,1484070,2025,6 Aylık,2025-08-29 23:26:58,Katılım Finansı İlkeleri Bilgi Formu,EVET
CATES,1573192,2025,Yıllık,2026-03-16 18:47:27,Katılım Finansı İlkeleri Bilgi Formu,EVET
CATES,1565339,2025,Yıllık,2026-03-03 22:46:10,Katılım Finansı İlkeleri Bilgi Formu,EVET
CATES,1476980,2025,6 Aylık,2025-08-12 18:12:05,Katılım Finansı İlkeleri Bilgi Formu,EVET
CCOLA,1565236,2025,Yıllık,2026-03-03 19:28:52,Katılım Finansı İlkeleri Bilgi Formu,EVET
CCOLA,1476093,2025,6 Aylık,2025-08-11 18:41:10,Katılım Finansı İlkeleri Bilgi Formu,EVET
CELHA,1570101,2025,Yıllık,2026-03-10 23:05:59,Katılım Finansı İlkeleri Bilgi Formu,EVET
CELHA,1481461,2025,6 Aylık,2025-08-20 18:38:43,Katılım Finansı İlkeleri Bilgi Formu,EVET
CEMAS,1564180,2025,Yıllık,2026-03-02 19:13:55,Katılım Finansı İlkeleri Bilgi Formu,EVET
CEMAS,1480764,2025,6 Aylık,2025-08-19 18:25:12,Katılım Finansı İlkeleri Bilgi Formu,EVET
CEMTS,1559988,2025,Yıllık,2026-02-20 18:39:30,Katılım Finansı İlkeleri Bilgi Formu,EVET
CEMTS,1475081,2025,6 Aylık,2025-08-08 18:17:16,Katılım Finansı İlkeleri Bilgi Formu,EVET
CEMZY,1551563,2025,Yıllık,2026-02-02 18:15:57,Katılım Finansı İlkeleri Bilgi Formu,EVET
CEMZY,1476993,2025,6 Aylık,2025-08-12 18:15:39,Katılım Finansı İlkeleri Bilgi Formu,EVET
CEOEM,1569830,2025,Yıllık,2026-03-10 18:21:58,Katılım Finansı İlkeleri Bilgi Formu,EVET
CEOEM,1474186,2025,6 Aylık,2025-08-07 19:47:32,Katılım Finansı İlkeleri Bilgi Formu,EVET
CGCAM,1565270,2025,Yıllık,2026-03-03 20:12:11,Katılım Finansı İlkeleri Bilgi Formu,EVET
CGCAM,1489558,2025,6 Aylık,2025-09-12 18:15:03,Katılım Finansı İlkeleri Bilgi Formu,EVET
CGCAM,1477009,2025,6 Aylık,2025-08-12 18:21:45,Katılım Finansı İlkeleri Bilgi Formu,EVET
CIMSA,1642512,2026,6 Aylık,2026-08-03 20:26:27,Katılım Finansı İlkeleri Bilgi Formu,EVET
CIMSA,1562164,2025,Yıllık,2026-02-26 19:22:20,Katılım Finansı İlkeleri Bilgi Formu,EVET
CIMSA,1490040,2025,6 Aylık,2025-09-15 18:14:28,Katılım Finansı İlkeleri Bilgi Formu,EVET
CLEBI,1571283,2025,Yıllık,2026-03-11 23:09:36,Katılım Finansı İlkeleri Bilgi Formu,EVET
CLEBI,1481109,2025,6 Aylık,2025-08-19 22:46:58,Katılım Finansı İlkeleri Bilgi Formu,EVET
CMBTN,1564392,2025,Yıllık,2026-03-02 21:29:47,Katılım Finansı İlkeleri Bilgi Formu,EVET
CMBTN,1490347,2025,6 Aylık,2025-09-16 18:44:28,Katılım Finansı İlkeleri Bilgi Formu,EVET
CMBTN,1475284,2025,6 Aylık,2025-08-08 19:35:11,Katılım Finansı İlkeleri Bilgi Formu,EVET
CMENT,1571202,2025,Yıllık,2026-03-11 22:27:54,Katılım Finansı İlkeleri Bilgi Formu,EVET
CMENT,1475288,2025,6 Aylık,2025-08-08 19:37:19,Katılım Finansı İlkeleri Bilgi Formu,EVET
CONSE,1642521,2026,6 Aylık,2026-08-03 20:51:37,Katılım Finansı İlkeleri Bilgi Formu,EVET
CONSE,1560668,2025,Yıllık,2026-02-23 21:02:44,Katılım Finansı İlkeleri Bilgi Formu,EVET
COSMO,1570765,2025,Yıllık,2026-03-11 18:47:35,Katılım Finansı İlkeleri Bilgi Formu,EVET
COSMO,1481437,2025,6 Aylık,2025-08-20 18:27:47,Katılım Finansı İlkeleri Bilgi Formu,EVET
CRFSA,1563026,2025,Yıllık,2026-02-27 19:28:12,Katılım Finansı İlkeleri Bilgi Formu,EVET
CRFSA,1475209,2025,6 Aylık,2025-08-08 18:53:11,Katılım Finansı İlkeleri Bilgi Formu,EVET
CUSAN,1572124,2025,Yıllık,2026-03-12 22:53:01,Katılım Finansı İlkeleri Bilgi Formu,EVET
CUSAN,1488157,2025,6 Aylık,2025-09-08 23:44:08,Katılım Finansı İlkeleri Bilgi Formu,EVET
CVKMD,1575216,2025,Yıllık,2026-03-24 18:14:22,Katılım Finansı İlkeleri Bilgi Formu,EVET
CVKMD,1557990,2025,Yıllık,2026-02-17 22:03:28,Katılım Finansı İlkeleri Bilgi Formu,EVET
CVKMD,1479549,2025,6 Aylık,2025-08-16 02:47:18,Katılım Finansı İlkeleri Bilgi Formu,EVET
CWENE,1639755,2026,6 Aylık,2026-07-30 18:20:19,Katılım Finansı İlkeleri Bilgi Formu,EVET
CWENE,1555020,2025,Yıllık,2026-02-09 19:31:37,Katılım Finansı İlkeleri Bilgi Formu,EVET
CWENE,1477042,2025,6 Aylık,2025-08-12 18:43:39,Katılım Finansı İlkeleri Bilgi Formu,EVET
DAGI,1643826,2026,6 Aylık,2026-08-05 18:20:16,Katılım Finansı İlkeleri Bilgi Formu,EVET
DAGI,1570629,2025,Yıllık,2026-03-11 18:24:32,Katılım Finansı İlkeleri Bilgi Formu,EVET
DAGI,1475928,2025,6 Aylık,2025-08-11 18:12:59,Katılım Finansı İlkeleri Bilgi Formu,EVET
DAPGM,1636617,2026,6 Aylık,2026-07-24 18:11:17,Katılım Finansı İlkeleri Bilgi Formu,EVET
DAPGM,1565130,2025,Yıllık,2026-03-03 18:10:48,Katılım Finansı İlkeleri Bilgi Formu,EVET
DAPGM,1476994,2025,6 Aylık,2025-08-12 18:16:04,Katılım Finansı İlkeleri Bilgi Formu,EVET
DARDL,1583941,2025,Yıllık,2026-04-03 18:18:18,Katılım Finansı İlkeleri Bilgi Formu,EVET
DARDL,1570956,2025,Yıllık,2026-03-11 20:35:21,Katılım Finansı İlkeleri Bilgi Formu,EVET
DARDL,1486546,2025,6 Aylık,2025-09-04 18:20:14,Katılım Finansı İlkeleri Bilgi Formu,EVET
DARDL,1480245,2025,6 Aylık,2025-08-18 20:20:50,Katılım Finansı İlkeleri Bilgi Formu,EVET
DCTTR,1585103,2025,Yıllık,2026-04-06 18:16:16,Katılım Finansı İlkeleri Bilgi Formu,EVET
DCTTR,1570089,2025,Yıllık,2026-03-10 22:28:01,Katılım Finansı İlkeleri Bilgi Formu,EVET
DCTTR,1474028,2025,6 Aylık,2025-08-07 18:14:58,Katılım Finansı İlkeleri Bilgi Formu,EVET
DENGE,1582426,2025,Yıllık,2026-04-01 18:27:32,Katılım Finansı İlkeleri Bilgi Formu,EVET
DENGE,1572099,2025,Yıllık,2026-03-12 21:34:05,Katılım Finansı İlkeleri Bilgi Formu,EVET
DENGE,1488717,2025,6 Aylık,2025-09-10 18:16:01,Katılım Finansı İlkeleri Bilgi Formu,EVET
DENGE,1487936,2025,6 Aylık,2025-09-08 18:15:10,Katılım Finansı İlkeleri Bilgi Formu,EVET
DENGE,1483237,2025,6 Aylık,2025-08-27 20:19:01,Katılım Finansı İlkeleri Bilgi Formu,EVET
DERHL,1559862,2025,Yıllık,2026-02-20 18:12:36,Katılım Finansı İlkeleri Bilgi Formu,EVET
DERHL,1475043,2025,6 Aylık,2025-08-08 18:13:23,Katılım Finansı İlkeleri Bilgi Formu,EVET
DERIM,1564561,2025,Yıllık,2026-03-02 22:36:59,Katılım Finansı İlkeleri Bilgi Formu,EVET
DERIM,1486542,2025,6 Aylık,2025-09-04 18:16:00,Katılım Finansı İlkeleri Bilgi Formu,EVET
DERIM,1476599,2025,6 Aylık,2025-08-12 00:48:33,Katılım Finansı İlkeleri Bilgi Formu,EVET
DESA,1570572,2025,Yıllık,2026-03-11 18:16:55,Katılım Finansı İlkeleri Bilgi Formu,EVET
DESA,1489124,2025,6 Aylık,2025-09-11 18:16:08,Katılım Finansı İlkeleri Bilgi Formu,EVET
DESA,1479578,2025,6 Aylık,2025-08-18 07:45:08,Katılım Finansı İlkeleri Bilgi Formu,EVET
DESPC,1563981,2025,Yıllık,2026-03-02 18:22:01,Katılım Finansı İlkeleri Bilgi Formu,EVET
DESPC,1476110,2025,6 Aylık,2025-08-11 18:44:57,Katılım Finansı İlkeleri Bilgi Formu,EVET
DEVA,1567804,2025,Yıllık,2026-03-06 21:34:55,Katılım Finansı İlkeleri Bilgi Formu,EVET
DEVA,1479420,2025,6 Aylık,2025-08-15 19:33:19,Katılım Finansı İlkeleri Bilgi Formu,EVET
DGATE,1569834,2025,Yıllık,2026-03-10 18:22:26,Katılım Finansı İlkeleri Bilgi Formu,EVET
DGATE,1479320,2025,6 Aylık,2025-08-15 18:24:52,Katılım Finansı İlkeleri Bilgi Formu,EVET
DGGYO,1562847,2025,Yıllık,2026-02-27 18:15:26,Katılım Finansı İlkeleri Bilgi Formu,EVET
DGGYO,1476058,2025,6 Aylık,2025-08-11 18:31:56,Katılım Finansı İlkeleri Bilgi Formu,EVET
DGNMO,1572101,2025,Yıllık,2026-03-12 21:38:35,Katılım Finansı İlkeleri Bilgi Formu,EVET
DGNMO,1481495,2025,6 Aylık,2025-08-20 20:17:47,Katılım Finansı İlkeleri Bilgi Formu,EVET
DIRIT,1593965,2025,Yıllık,2026-04-15 21:48:44,Katılım Finansı İlkeleri Bilgi Formu,EVET
DIRIT,1495492,2025,6 Aylık,2025-10-02 23:05:37,Katılım Finansı İlkeleri Bilgi Formu,EVET
DITAS,1579138,2025,Yıllık,2026-03-30 19:11:21,Katılım Finansı İlkeleri Bilgi Formu,EVET
DITAS,1571938,2025,Yıllık,2026-03-12 18:16:28,Katılım Finansı İlkeleri Bilgi Formu,EVET
DITAS,1477989,2025,6 Aylık,2025-08-13 21:28:58,Katılım Finansı İlkeleri Bilgi Formu,EVET
DMRGD,1570635,2025,Yıllık,2026-03-11 18:24:58,Katılım Finansı İlkeleri Bilgi Formu,EVET
DMRGD,1480722,2025,6 Aylık,2025-08-19 18:19:38,Katılım Finansı İlkeleri Bilgi Formu,EVET
DMSAS,1564403,2025,Yıllık,2026-03-02 21:34:43,Katılım Finansı İlkeleri Bilgi Formu,EVET
DMSAS,1487195,2025,6 Aylık,2025-09-05 18:23:55,Katılım Finansı İlkeleri Bilgi Formu,EVET
DNISI,1565203,2025,Yıllık,2026-03-03 18:48:12,Katılım Finansı İlkeleri Bilgi Formu,EVET
DNISI,1477082,2025,6 Aylık,2025-08-12 19:16:34,Katılım Finansı İlkeleri Bilgi Formu,EVET
DOFER,1574833,2025,Yıllık,2026-03-23 18:27:24,Katılım Finansı İlkeleri Bilgi Formu,EVET
DOFER,1557791,2025,Yıllık,2026-02-17 18:53:23,Katılım Finansı İlkeleri Bilgi Formu,EVET
DOFER,1489581,2025,6 Aylık,2025-09-12 18:21:34,Katılım Finansı İlkeleri Bilgi Formu,EVET
DOFER,1488723,2025,6 Aylık,2025-09-10 18:18:00,Katılım Finansı İlkeleri Bilgi Formu,EVET
DOFRB,1574843,2025,Yıllık,2026-03-23 18:55:50,Katılım Finansı İlkeleri Bilgi Formu,EVET
DOFRB,1572075,2025,Yıllık,2026-03-12 20:14:39,Katılım Finansı İlkeleri Bilgi Formu,EVET
DOFRB,1565158,2025,Yıllık,2026-03-03 18:20:19,Katılım Finansı İlkeleri Bilgi Formu,EVET
DOGUB,1639777,2026,6 Aylık,2026-07-30 18:38:22,Katılım Finansı İlkeleri Bilgi Formu,EVET
DOGUB,1574852,2025,Yıllık,2026-03-23 19:13:40,Katılım Finansı İlkeleri Bilgi Formu,EVET
DOGUB,1562073,2025,Yıllık,2026-02-26 18:20:50,Katılım Finansı İlkeleri Bilgi Formu,EVET
DOGUB,1489606,2025,6 Aylık,2025-09-12 18:50:33,Katılım Finansı İlkeleri Bilgi Formu,EVET
DOGUB,1474293,2025,6 Aylık,2025-08-07 21:59:24,Katılım Finansı İlkeleri Bilgi Formu,EVET
DOHOL,1565274,2025,Yıllık,2026-03-03 20:17:05,Katılım Finansı İlkeleri Bilgi Formu,EVET
DOHOL,1477677,2025,6 Aylık,2025-08-13 18:19:11,Katılım Finansı İlkeleri Bilgi Formu,EVET
DOKTA,1569722,2025,Yıllık,2026-03-10 18:10:13,Katılım Finansı İlkeleri Bilgi Formu,EVET
DOKTA,1481510,2025,6 Aylık,2025-08-20 21:19:42,Katılım Finansı İlkeleri Bilgi Formu,EVET
DUNYH,1564447,2025,Yıllık,2026-03-02 22:08:02,Katılım Finansı İlkeleri Bilgi Formu,EVET
DUNYH,1476203,2025,6 Aylık,2025-08-11 19:18:34,Katılım Finansı İlkeleri Bilgi Formu,EVET
DURDO,1571300,2025,Yıllık,2026-03-11 23:14:41,Katılım Finansı İlkeleri Bilgi Formu,EVET
DURDO,1481125,2025,6 Aylık,2025-08-19 23:40:55,Katılım Finansı İlkeleri Bilgi Formu,EVET
DURKN,1561592,2025,Yıllık,2026-02-25 19:11:52,Katılım Finansı İlkeleri Bilgi Formu,EVET
DURKN,1488724,2025,6 Aylık,2025-09-10 18:18:14,Katılım Finansı İlkeleri Bilgi Formu,EVET
DURKN,1475044,2025,6 Aylık,2025-08-08 18:13:24,Katılım Finansı İlkeleri Bilgi Formu,EVET
DYOBY,1566102,2025,Yıllık,2026-03-04 21:34:40,Katılım Finansı İlkeleri Bilgi Formu,EVET
DYOBY,1475248,2025,6 Aylık,2025-08-08 19:13:56,Katılım Finansı İlkeleri Bilgi Formu,EVET
DZGYO,1636635,2026,6 Aylık,2026-07-24 18:27:30,Katılım Finansı İlkeleri Bilgi Formu,EVET
DZGYO,1564167,2025,Yıllık,2026-03-02 19:08:27,Katılım Finansı İlkeleri Bilgi Formu,EVET
EBEBK,1560065,2025,Yıllık,2026-02-20 21:31:13,Katılım Finansı İlkeleri Bilgi Formu,EVET
EBEBK,1475078,2025,6 Aylık,2025-08-08 18:17:07,Katılım Finansı İlkeleri Bilgi Formu,EVET
ECILC,1565206,2025,Yıllık,2026-03-03 18:51:01,Katılım Finansı İlkeleri Bilgi Formu,EVET
ECILC,1475257,2025,6 Aylık,2025-08-08 19:19:53,Katılım Finansı İlkeleri Bilgi Formu,EVET
ECOGR,1570667,2025,Yıllık,2026-03-11 18:29:46,Katılım Finansı İlkeleri Bilgi Formu,EVET
ECZYT,1565251,2025,Yıllık,2026-03-03 19:44:00,Katılım Finansı İlkeleri Bilgi Formu,EVET
ECZYT,1475278,2025,6 Aylık,2025-08-08 19:30:39,Katılım Finansı İlkeleri Bilgi Formu,EVET
EDATA,1560555,2025,Yıllık,2026-02-23 18:13:59,Katılım Finansı İlkeleri Bilgi Formu,EVET
EDATA,1474037,2025,6 Aylık,2025-08-07 18:16:04,Katılım Finansı İlkeleri Bilgi Formu,EVET
EDIP,1571182,2025,Yıllık,2026-03-11 22:02:32,Katılım Finansı İlkeleri Bilgi Formu,EVET
EDIP,1479372,2025,6 Aylık,2025-08-15 18:49:51,Katılım Finansı İlkeleri Bilgi Formu,EVET
EFOR,1641753,2026,6 Aylık,2026-07-31 21:46:37,Katılım Finansı İlkeleri Bilgi Formu,EVET
EFOR,1555980,2025,Yıllık,2026-02-12 03:21:16,Katılım Finansı İlkeleri Bilgi Formu,EVET
EGEEN,1565127,2025,Yıllık,2026-03-03 18:10:03,Katılım Finansı İlkeleri Bilgi Formu,EVET
EGEEN,1481152,2025,6 Aylık,2025-08-20 08:25:32,Katılım Finansı İlkeleri Bilgi Formu,EVET
EGEGY,1565162,2025,Yıllık,2026-03-03 18:23:36,Katılım Finansı İlkeleri Bilgi Formu,EVET
EGEGY,1564577,2025,Yıllık,2026-03-02 22:42:38,Katılım Finansı İlkeleri Bilgi Formu,EVET
EGEGY,1475875,2025,6 Aylık,2025-08-11 18:10:09,Katılım Finansı İlkeleri Bilgi Formu,EVET
EGEPO,1591105,2025,Yıllık,2026-04-10 21:46:03,Katılım Finansı İlkeleri Bilgi Formu,EVET
EGEPO,1565373,2025,Yıllık,2026-03-04 08:30:38,Katılım Finansı İlkeleri Bilgi Formu,EVET
EGEPO,1488831,2025,6 Aylık,2025-09-10 22:31:13,Katılım Finansı İlkeleri Bilgi Formu,EVET
EGEPO,1474305,2025,6 Aylık,2025-08-08 08:19:30,Katılım Finansı İlkeleri Bilgi Formu,EVET
EGGUB,1567576,2025,Yıllık,2026-03-06 18:10:52,Katılım Finansı İlkeleri Bilgi Formu,EVET
EGGUB,1480357,2025,6 Aylık,2025-08-19 08:28:29,Katılım Finansı İlkeleri Bilgi Formu,EVET
EGPRO,1561134,2025,Yıllık,2026-02-24 21:29:17,Katılım Finansı İlkeleri Bilgi Formu,EVET
EGPRO,1481120,2025,6 Aylık,2025-08-19 23:25:45,Katılım Finansı İlkeleri Bilgi Formu,EVET
EGSER,1564084,2025,Yıllık,2026-03-02 18:37:57,Katılım Finansı İlkeleri Bilgi Formu,EVET
EGSER,1475411,2025,6 Aylık,2025-08-08 23:15:52,Katılım Finansı İlkeleri Bilgi Formu,EVET
EKDMR,1645520,2026,6 Aylık,2026-08-07 18:15:45,Katılım Finansı İlkeleri Bilgi Formu,EVET
EKGYO,1568917,2025,Yıllık,2026-03-09 18:12:17,Katılım Finansı İlkeleri Bilgi Formu,EVET
EKGYO,1490345,2025,6 Aylık,2025-09-16 18:39:06,Katılım Finansı İlkeleri Bilgi Formu,EVET
EKGYO,1481810,2025,6 Aylık,2025-08-21 21:01:51,Katılım Finansı İlkeleri Bilgi Formu,EVET
EKIZ,1565218,2025,Yıllık,2026-03-03 19:00:04,Katılım Finansı İlkeleri Bilgi Formu,EVET
EKIZ,1476167,2025,6 Aylık,2025-08-11 19:04:31,Katılım Finansı İlkeleri Bilgi Formu,EVET
EKOS,1572604,2025,Yıllık,2026-03-13 19:31:49,Katılım Finansı İlkeleri Bilgi Formu,EVET
EKOS,1489169,2025,6 Aylık,2025-09-11 19:59:59,Katılım Finansı İlkeleri Bilgi Formu,EVET
EKOS,1481534,2025,6 Aylık,2025-08-21 01:50:39,Katılım Finansı İlkeleri Bilgi Formu,EVET
EKSUN,1571301,2025,Yıllık,2026-03-11 23:14:45,Katılım Finansı İlkeleri Bilgi Formu,EVET
EKSUN,1489598,2025,6 Aylık,2025-09-12 18:36:16,Katılım Finansı İlkeleri Bilgi Formu,EVET
EKSUN,1480883,2025,6 Aylık,2025-08-19 18:57:00,Katılım Finansı İlkeleri Bilgi Formu,EVET
ELITE,1573641,2025,Yıllık,2026-03-17 18:51:45,Katılım Finansı İlkeleri Bilgi Formu,EVET
ELITE,1481426,2025,6 Aylık,2025-08-20 18:22:00,Katılım Finansı İlkeleri Bilgi Formu,EVET
EMKEL,1558490,2025,Yıllık,2026-02-18 18:11:06,Katılım Finansı İlkeleri Bilgi Formu,EVET
EMKEL,1477115,2025,6 Aylık,2025-08-12 20:00:43,Katılım Finansı İlkeleri Bilgi Formu,EVET
EMNIS,1562907,2025,Yıllık,2026-02-27 18:24:44,Katılım Finansı İlkeleri Bilgi Formu,EVET
EMNIS,1477033,2025,6 Aylık,2025-08-12 18:40:34,Katılım Finansı İlkeleri Bilgi Formu,EVET
EMPAE,1570916,2025,Yıllık,2026-03-11 20:14:58,Katılım Finansı İlkeleri Bilgi Formu,EVET
ENDAE,1571926,2025,Yıllık,2026-03-12 18:12:24,Katılım Finansı İlkeleri Bilgi Formu,EVET
ENDAE,1481065,2025,6 Aylık,2025-08-19 21:17:55,Katılım Finansı İlkeleri Bilgi Formu,EVET
ENERY,1597848,2025,Yıllık,2026-04-27 22:12:36,Katılım Finansı İlkeleri Bilgi Formu,EVET
ENERY,1480037,2025,6 Aylık,2025-08-18 18:31:51,Katılım Finansı İlkeleri Bilgi Formu,EVET
ENJSA,1564399,2025,Yıllık,2026-03-02 21:32:44,Katılım Finansı İlkeleri Bilgi Formu,EVET
ENJSA,1476240,2025,6 Aylık,2025-08-11 19:43:22,Katılım Finansı İlkeleri Bilgi Formu,EVET
ENKAI,1566488,2025,Yıllık,2026-03-05 18:11:54,Katılım Finansı İlkeleri Bilgi Formu,EVET
ENKAI,1479439,2025,6 Aylık,2025-08-15 19:49:55,Katılım Finansı İlkeleri Bilgi Formu,EVET
ENSRI,1565197,2025,Yıllık,2026-03-03 18:39:48,Katılım Finansı İlkeleri Bilgi Formu,EVET
ENSRI,1480651,2025,6 Aylık,2025-08-19 18:11:41,Katılım Finansı İlkeleri Bilgi Formu,EVET
ENTRA,1572566,2025,Yıllık,2026-03-13 18:31:39,Katılım Finansı İlkeleri Bilgi Formu,EVET
ENTRA,1481472,2025,6 Aylık,2025-08-20 18:56:09,Katılım Finansı İlkeleri Bilgi Formu,EVET
EPLAS,1571918,2025,Yıllık,2026-03-12 18:11:17,Katılım Finansı İlkeleri Bilgi Formu,EVET
EPLAS,1480644,2025,6 Aylık,2025-08-19 18:11:24,Katılım Finansı İlkeleri Bilgi Formu,EVET
ERBOS,1563028,2025,Yıllık,2026-02-27 19:31:49,Katılım Finansı İlkeleri Bilgi Formu,EVET
ERCB,1572001,2025,Yıllık,2026-03-12 19:11:37,Katılım Finansı İlkeleri Bilgi Formu,EVET
ERCB,1482839,2025,6 Aylık,2025-08-26 18:52:52,Katılım Finansı İlkeleri Bilgi Formu,EVET
EREGL,1644587,2026,6 Aylık,2026-08-06 18:16:53,Katılım Finansı İlkeleri Bilgi Formu,EVET
EREGL,1557694,2025,Yıllık,2026-02-17 18:21:27,Katılım Finansı İlkeleri Bilgi Formu,EVET
ERSU,1562318,2025,Yıllık,2026-02-26 23:29:29,Katılım Finansı İlkeleri Bilgi Formu,EVET
ERSU,1474298,2025,6 Aylık,2025-08-07 22:39:49,Katılım Finansı İlkeleri Bilgi Formu,EVET
ESCAR,1571993,2025,Yıllık,2026-03-12 18:57:37,Katılım Finansı İlkeleri Bilgi Formu,EVET
ESCAR,1481747,2025,6 Aylık,2025-08-21 18:10:48,Katılım Finansı İlkeleri Bilgi Formu,EVET
ESCOM,1559844,2025,Yıllık,2026-02-20 18:11:15,Katılım Finansı İlkeleri Bilgi Formu,EVET
ESCOM,1488750,2025,6 Aylık,2025-09-10 18:34:39,Katılım Finansı İlkeleri Bilgi Formu,EVET
ESCOM,1480647,2025,6 Aylık,2025-08-19 18:11:28,Katılım Finansı İlkeleri Bilgi Formu,EVET
ESEN,1571975,2025,Yıllık,2026-03-12 18:32:55,Katılım Finansı İlkeleri Bilgi Formu,EVET
ESEN,1490684,2025,6 Aylık,2025-09-17 18:33:15,Katılım Finansı İlkeleri Bilgi Formu,EVET
ESEN,1481443,2025,6 Aylık,2025-08-20 18:30:15,Katılım Finansı İlkeleri Bilgi Formu,EVET
ETILR,1569775,2025,Yıllık,2026-03-10 18:16:38,Katılım Finansı İlkeleri Bilgi Formu,EVET
ETILR,1479399,2025,6 Aylık,2025-08-15 19:12:58,Katılım Finansı İlkeleri Bilgi Formu,EVET
EUPWR,1558499,2025,Yıllık,2026-02-18 18:15:10,Katılım Finansı İlkeleri Bilgi Formu,EVET
EUPWR,1480664,2025,6 Aylık,2025-08-19 18:12:41,Katılım Finansı İlkeleri Bilgi Formu,EVET
EUREN,1564070,2025,Yıllık,2026-03-02 18:35:04,Katılım Finansı İlkeleri Bilgi Formu,EVET
EUREN,1479940,2025,6 Aylık,2025-08-18 18:12:26,Katılım Finansı İlkeleri Bilgi Formu,EVET
EYGYO,1575260,2025,Yıllık,2026-03-24 18:41:16,Katılım Finansı İlkeleri Bilgi Formu,EVET
EYGYO,1569117,2025,Yıllık,2026-03-09 21:06:49,Katılım Finansı İlkeleri Bilgi Formu,EVET
EYGYO,1480732,2025,6 Aylık,2025-08-19 18:21:29,Katılım Finansı İlkeleri Bilgi Formu,EVET
FADE,1556606,2025,Yıllık,2026-02-13 18:14:40,Katılım Finansı İlkeleri Bilgi Formu,EVET
FADE,1481809,2025,6 Aylık,2025-08-21 20:51:51,Katılım Finansı İlkeleri Bilgi Formu,EVET
FENER,1545155,2025,6 Aylık,2026-01-20 18:14:52,Katılım Finansı İlkeleri Bilgi Formu,EVET
FENER,1476982,2024,Yıllık,2025-08-12 18:12:09,Katılım Finansı İlkeleri Bilgi Formu,EVET
FLAP,1565256,2025,Yıllık,2026-03-03 19:53:40,Katılım Finansı İlkeleri Bilgi Formu,EVET
FLAP,1477125,2025,6 Aylık,2025-08-12 20:28:31,Katılım Finansı İlkeleri Bilgi Formu,EVET
FMIZP,1597783,2026,3 Aylık,2026-04-27 18:44:02,Katılım Finansı İlkeleri Bilgi Formu,EVET
FMIZP,1562028,2025,Yıllık,2026-02-26 18:12:28,Katılım Finansı İlkeleri Bilgi Formu,EVET
FMIZP,1508465,2025,9 Aylık,2025-10-27 18:28:35,Katılım Finansı İlkeleri Bilgi Formu,EVET
FONET,1561540,2025,Yıllık,2026-02-25 18:20:14,Katılım Finansı İlkeleri Bilgi Formu,EVET
FONET,1480654,2025,6 Aylık,2025-08-19 18:11:56,Katılım Finansı İlkeleri Bilgi Formu,EVET
FORMT,1563285,2025,Yıllık,2026-02-28 12:25:40,Katılım Finansı İlkeleri Bilgi Formu,EVET
FORMT,1488699,2025,6 Aylık,2025-09-10 18:10:47,Katılım Finansı İlkeleri Bilgi Formu,EVET
FORMT,1475953,2025,6 Aylık,2025-08-11 18:14:28,Katılım Finansı İlkeleri Bilgi Formu,EVET
FORTE,1586969,2025,Yıllık,2026-04-07 18:30:08,Katılım Finansı İlkeleri Bilgi Formu,EVET
FORTE,1566602,2025,Yıllık,2026-03-05 18:30:15,Katılım Finansı İlkeleri Bilgi Formu,EVET
FORTE,1517144,2025,9 Aylık,2025-11-15 18:50:40,Katılım Finansı İlkeleri Bilgi Formu,EVET
FORTE,1480855,2025,6 Aylık,2025-08-19 18:43:53,Katılım Finansı İlkeleri Bilgi Formu,EVET
FRIGO,1574854,2025,Yıllık,2026-03-23 19:20:06,Katılım Finansı İlkeleri Bilgi Formu,EVET
FRIGO,1569051,2025,Yıllık,2026-03-09 19:31:07,Katılım Finansı İlkeleri Bilgi Formu,EVET
FRIGO,1481110,2025,6 Aylık,2025-08-19 22:50:40,Katılım Finansı İlkeleri Bilgi Formu,EVET
FRMPL,1565312,2025,Yıllık,2026-03-03 21:30:42,Katılım Finansı İlkeleri Bilgi Formu,EVET
FROTO,1643221,2026,6 Aylık,2026-08-04 21:39:40,Katılım Finansı İlkeleri Bilgi Formu,EVET
FROTO,1555148,2025,Yıllık,2026-02-10 01:10:40,Katılım Finansı İlkeleri Bilgi Formu,EVET
FZLGY,1569025,2025,Yıllık,2026-03-09 18:47:58,Katılım Finansı İlkeleri Bilgi Formu,EVET
FZLGY,1480661,2025,6 Aylık,2025-08-19 18:12:27,Katılım Finansı İlkeleri Bilgi Formu,EVET
GEDZA,1567656,2025,Yıllık,2026-03-06 18:26:31,Katılım Finansı İlkeleri Bilgi Formu,EVET
GEDZA,1488427,2025,6 Aylık,2025-09-09 18:49:57,Katılım Finansı İlkeleri Bilgi Formu,EVET
GEDZA,1480015,2025,6 Aylık,2025-08-18 18:27:54,Katılım Finansı İlkeleri Bilgi Formu,EVET
GENIL,1565355,2025,Yıllık,2026-03-03 23:28:42,Katılım Finansı İlkeleri Bilgi Formu,EVET
GENIL,1563320,2025,Yıllık,2026-03-01 23:23:18,Katılım Finansı İlkeleri Bilgi Formu,EVET
GENIL,1479918,2025,6 Aylık,2025-08-18 18:10:22,Katılım Finansı İlkeleri Bilgi Formu,EVET
GENTS,1569780,2025,Yıllık,2026-03-10 18:17:09,Katılım Finansı İlkeleri Bilgi Formu,EVET
GENTS,1477629,2025,6 Aylık,2025-08-13 18:15:03,Katılım Finansı İlkeleri Bilgi Formu,EVET
GEREL,1571963,2025,Yıllık,2026-03-12 18:27:15,Katılım Finansı İlkeleri Bilgi Formu,EVET
GEREL,1481774,2025,6 Aylık,2025-08-21 18:25:34,Katılım Finansı İlkeleri Bilgi Formu,EVET
GESAN,1558501,2025,Yıllık,2026-02-18 18:15:27,Katılım Finansı İlkeleri Bilgi Formu,EVET
GESAN,1480676,2025,6 Aylık,2025-08-19 18:13:57,Katılım Finansı İlkeleri Bilgi Formu,EVET
GIPTA,1642359,2026,6 Aylık,2026-08-03 18:39:00,Katılım Finansı İlkeleri Bilgi Formu,EVET
GIPTA,1563063,2025,Yıllık,2026-02-27 19:42:56,Katılım Finansı İlkeleri Bilgi Formu,EVET
GIPTA,1476992,2025,6 Aylık,2025-08-12 18:15:34,Katılım Finansı İlkeleri Bilgi Formu,EVET
GLRMK,1566641,2025,Yıllık,2026-03-05 18:51:08,Katılım Finansı İlkeleri Bilgi Formu,EVET
GLRMK,1479296,2025,6 Aylık,2025-08-15 18:20:17,Katılım Finansı İlkeleri Bilgi Formu,EVET
GLRYH,1570483,2025,Yıllık,2026-03-11 18:10:28,Katılım Finansı İlkeleri Bilgi Formu,EVET
GLRYH,1480626,2025,6 Aylık,2025-08-19 18:10:36,Katılım Finansı İlkeleri Bilgi Formu,EVET
GLYHO,1643202,2026,6 Aylık,2026-08-04 20:11:20,Katılım Finansı İlkeleri Bilgi Formu,EVET
GLYHO,1566613,2025,Yıllık,2026-03-05 18:35:37,Katılım Finansı İlkeleri Bilgi Formu,EVET
GLYHO,1475231,2025,6 Aylık,2025-08-08 19:04:47,Katılım Finansı İlkeleri Bilgi Formu,EVET
GMTAS,1578851,2025,Yıllık,2026-03-30 18:11:07,Katılım Finansı İlkeleri Bilgi Formu,EVET
GMTAS,1563277,2025,Yıllık,2026-02-28 11:47:09,Katılım Finansı İlkeleri Bilgi Formu,EVET
GMTAS,1475060,2025,6 Aylık,2025-08-08 18:14:45,Katılım Finansı İlkeleri Bilgi Formu,EVET
GOKNR,1572097,2025,Yıllık,2026-03-12 21:13:34,Katılım Finansı İlkeleri Bilgi Formu,EVET
GOKNR,1483576,2025,6 Aylık,2025-08-28 18:44:32,Katılım Finansı İlkeleri Bilgi Formu,EVET
GOKNR,1482104,2025,6 Aylık,2025-08-22 18:14:58,Katılım Finansı İlkeleri Bilgi Formu,EVET
GOLTS,1571015,2025,Yıllık,2026-03-11 20:59:57,Katılım Finansı İlkeleri Bilgi Formu,EVET
GOLTS,1480223,2025,6 Aylık,2025-08-18 20:01:04,Katılım Finansı İlkeleri Bilgi Formu,EVET
GOODY,1563005,2025,Yıllık,2026-02-27 19:05:55,Katılım Finansı İlkeleri Bilgi Formu,EVET
GOODY,1475298,2025,6 Aylık,2025-08-08 19:42:14,Katılım Finansı İlkeleri Bilgi Formu,EVET
GOZDE,1643215,2026,6 Aylık,2026-08-04 21:30:34,Katılım Finansı İlkeleri Bilgi Formu,EVET
GOZDE,1563096,2025,Yıllık,2026-02-27 20:04:22,Katılım Finansı İlkeleri Bilgi Formu,EVET
GRSEL,1570714,2025,Yıllık,2026-03-11 18:35:32,Katılım Finansı İlkeleri Bilgi Formu,EVET
GRSEL,1488767,2025,6 Aylık,2025-09-10 18:46:37,Katılım Finansı İlkeleri Bilgi Formu,EVET
GRSEL,1481757,2025,6 Aylık,2025-08-21 18:14:36,Katılım Finansı İlkeleri Bilgi Formu,EVET
GRTHO,1555899,2025,Yıllık,2026-02-11 18:13:19,Katılım Finansı İlkeleri Bilgi Formu,EVET
GRTHO,1486203,2025,6 Aylık,2025-09-03 19:27:02,Katılım Finansı İlkeleri Bilgi Formu,EVET
GRTHO,1477959,2025,6 Aylık,2025-08-13 20:26:37,Katılım Finansı İlkeleri Bilgi Formu,EVET
GSDDE,1571088,2025,Yıllık,2026-03-11 21:33:00,Katılım Finansı İlkeleri Bilgi Formu,EVET
GSDDE,1480762,2025,6 Aylık,2025-08-19 18:24:56,Katılım Finansı İlkeleri Bilgi Formu,EVET
GSDHO,1571104,2025,Yıllık,2026-03-11 21:37:55,Katılım Finansı İlkeleri Bilgi Formu,EVET
GSDHO,1480794,2025,6 Aylık,2025-08-19 18:29:17,Katılım Finansı İlkeleri Bilgi Formu,EVET
GSRAY,1545214,2025,6 Aylık,2026-01-20 19:38:09,Katılım Finansı İlkeleri Bilgi Formu,EVET
GSRAY,1477023,2024,Yıllık,2025-08-12 18:28:50,Katılım Finansı İlkeleri Bilgi Formu,EVET
GUBRF,1591007,2025,Yıllık,2026-04-10 18:55:13,Katılım Finansı İlkeleri Bilgi Formu,EVET
GUBRF,1480312,2025,6 Aylık,2025-08-18 22:11:32,Katılım Finansı İlkeleri Bilgi Formu,EVET
GUNDG,1556259,2025,Yıllık,2026-02-12 18:45:34,Katılım Finansı İlkeleri Bilgi Formu,EVET
GUNDG,1476965,2025,6 Aylık,2025-08-12 18:11:05,Katılım Finansı İlkeleri Bilgi Formu,EVET
GWIND,1563050,2025,Yıllık,2026-02-27 19:40:18,Katılım Finansı İlkeleri Bilgi Formu,EVET
GWIND,1475115,2025,6 Aylık,2025-08-08 18:20:29,Katılım Finansı İlkeleri Bilgi Formu,EVET
GZNMI,1571928,2025,Yıllık,2026-03-12 18:13:09,Katılım Finansı İlkeleri Bilgi Formu,EVET
GZNMI,1570567,2025,Yıllık,2026-03-11 18:16:30,Katılım Finansı İlkeleri Bilgi Formu,EVET
GZNMI,1480815,2025,6 Aylık,2025-08-19 18:33:43,Katılım Finansı İlkeleri Bilgi Formu,EVET
HATEK,1565843,2025,Yıllık,2026-03-04 18:11:33,Katılım Finansı İlkeleri Bilgi Formu,EVET
HATEK,1480759,2025,6 Aylık,2025-08-19 18:24:40,Katılım Finansı İlkeleri Bilgi Formu,EVET
HATSN,1554341,2025,Yıllık,2026-02-07 16:44:17,Katılım Finansı İlkeleri Bilgi Formu,EVET
HATSN,1474048,2025,6 Aylık,2025-08-07 18:19:26,Katılım Finansı İlkeleri Bilgi Formu,EVET
HDFGS,1642974,2026,6 Aylık,2026-08-04 18:12:44,Katılım Finansı İlkeleri Bilgi Formu,EVET
HDFGS,1560548,2025,Yıllık,2026-02-23 18:11:33,Katılım Finansı İlkeleri Bilgi Formu,EVET
HDFGS,1475032,2025,6 Aylık,2025-08-08 18:12:39,Katılım Finansı İlkeleri Bilgi Formu,EVET
HEDEF,1565132,2025,Yıllık,2026-03-03 18:11:05,Katılım Finansı İlkeleri Bilgi Formu,EVET
HEDEF,1477575,2025,6 Aylık,2025-08-13 18:12:11,Katılım Finansı İlkeleri Bilgi Formu,EVET
HEKTS,1567826,2025,Yıllık,2026-03-06 22:02:58,Katılım Finansı İlkeleri Bilgi Formu,EVET
HEKTS,1480332,2025,6 Aylık,2025-08-18 22:58:09,Katılım Finansı İlkeleri Bilgi Formu,EVET
HKTM,1568984,2025,Yıllık,2026-03-09 18:33:30,Katılım Finansı İlkeleri Bilgi Formu,EVET
HKTM,1479294,2025,6 Aylık,2025-08-15 18:20:04,Katılım Finansı İlkeleri Bilgi Formu,EVET
HLGYO,1568910,2025,Yıllık,2026-03-09 18:11:19,Katılım Finansı İlkeleri Bilgi Formu,EVET
HLGYO,1481393,2025,6 Aylık,2025-08-20 18:11:02,Katılım Finansı İlkeleri Bilgi Formu,EVET
HOROZ,1569047,2025,Yıllık,2026-03-09 19:14:42,Katılım Finansı İlkeleri Bilgi Formu,EVET
HOROZ,1479319,2025,6 Aylık,2025-08-15 18:24:47,Katılım Finansı İlkeleri Bilgi Formu,EVET
HRKET,1590301,2025,Yıllık,2026-04-09 18:14:49,Katılım Finansı İlkeleri Bilgi Formu,EVET
HRKET,1571912,2025,Yıllık,2026-03-12 18:10:29,Katılım Finansı İlkeleri Bilgi Formu,EVET
HRKET,1487180,2025,6 Aylık,2025-09-05 18:13:07,Katılım Finansı İlkeleri Bilgi Formu,EVET
HRKET,1481430,2025,6 Aylık,2025-08-20 18:22:50,Katılım Finansı İlkeleri Bilgi Formu,EVET
HTTBT,1565283,2025,Yıllık,2026-03-03 20:30:11,Katılım Finansı İlkeleri Bilgi Formu,EVET
HTTBT,1476371,2025,6 Aylık,2025-08-11 21:23:54,Katılım Finansı İlkeleri Bilgi Formu,EVET
HUBVC,1565135,2025,Yıllık,2026-03-03 18:11:28,Katılım Finansı İlkeleri Bilgi Formu,EVET
HUBVC,1477571,2025,6 Aylık,2025-08-13 18:11:47,Katılım Finansı İlkeleri Bilgi Formu,EVET
HUNER,1572091,2025,Yıllık,2026-03-12 20:56:09,Katılım Finansı İlkeleri Bilgi Formu,EVET
HUNER,1481400,2025,6 Aylık,2025-08-20 18:12:45,Katılım Finansı İlkeleri Bilgi Formu,EVET
HURGZ,1570118,2025,Yıllık,2026-03-10 23:35:30,Katılım Finansı İlkeleri Bilgi Formu,EVET
HURGZ,1479386,2025,6 Aylık,2025-08-15 18:55:08,Katılım Finansı İlkeleri Bilgi Formu,EVET
ICUGS,1576639,2025,Yıllık,2026-03-26 18:28:59,Katılım Finansı İlkeleri Bilgi Formu,EVET
ICUGS,1567810,2025,Yıllık,2026-03-06 21:47:57,Katılım Finansı İlkeleri Bilgi Formu,EVET
ICUGS,1481768,2025,6 Aylık,2025-08-21 18:17:25,Katılım Finansı İlkeleri Bilgi Formu,EVET
ICUGS,1476364,2025,6 Aylık,2025-08-11 21:21:49,Katılım Finansı İlkeleri Bilgi Formu,EVET
IDGYO,1590983,2025,Yıllık,2026-04-10 18:20:54,Katılım Finansı İlkeleri Bilgi Formu,EVET
IDGYO,1565186,2025,Yıllık,2026-03-03 18:34:16,Katılım Finansı İlkeleri Bilgi Formu,EVET
IDGYO,1477030,2025,6 Aylık,2025-08-12 18:37:12,Katılım Finansı İlkeleri Bilgi Formu,EVET
IEYHO,1574225,2025,Yıllık,2026-03-18 20:07:55,Katılım Finansı İlkeleri Bilgi Formu,EVET
IEYHO,1489137,2025,6 Aylık,2025-09-11 18:27:54,Katılım Finansı İlkeleri Bilgi Formu,EVET
IEYHO,1480737,2025,6 Aylık,2025-08-19 18:21:53,Katılım Finansı İlkeleri Bilgi Formu,EVET
IHAAS,1552733,2025,Yıllık,2026-02-05 08:26:53,Katılım Finansı İlkeleri Bilgi Formu,EVET
IHAAS,1476062,2025,6 Aylık,2025-08-11 18:32:58,Katılım Finansı İlkeleri Bilgi Formu,EVET
IHEVA,1570073,2025,Yıllık,2026-03-10 21:03:04,Katılım Finansı İlkeleri Bilgi Formu,EVET
IHEVA,1480144,2025,6 Aylık,2025-08-18 19:18:35,Katılım Finansı İlkeleri Bilgi Formu,EVET
IHGZT,1560039,2025,Yıllık,2026-02-20 19:30:58,Katılım Finansı İlkeleri Bilgi Formu,EVET
IHGZT,1476085,2025,6 Aylık,2025-08-11 18:38:08,Katılım Finansı İlkeleri Bilgi Formu,EVET
IHLAS,1572078,2025,Yıllık,2026-03-12 20:20:57,Katılım Finansı İlkeleri Bilgi Formu,EVET
IHLAS,1480977,2025,6 Aylık,2025-08-19 19:25:10,Katılım Finansı İlkeleri Bilgi Formu,EVET
IHLGM,1570066,2025,Yıllık,2026-03-10 20:58:49,Katılım Finansı İlkeleri Bilgi Formu,EVET
IHLGM,1480139,2025,6 Aylık,2025-08-18 19:15:53,Katılım Finansı İlkeleri Bilgi Formu,EVET
IHYAY,1565866,2025,Yıllık,2026-03-04 18:17:28,Katılım Finansı İlkeleri Bilgi Formu,EVET
IHYAY,1480205,2025,6 Aylık,2025-08-18 19:51:18,Katılım Finansı İlkeleri Bilgi Formu,EVET
IMASM,1572122,2025,Yıllık,2026-03-12 22:31:19,Katılım Finansı İlkeleri Bilgi Formu,EVET
IMASM,1481465,2025,6 Aylık,2025-08-20 18:39:24,Katılım Finansı İlkeleri Bilgi Formu,EVET
INDES,1569872,2025,Yıllık,2026-03-10 18:29:15,Katılım Finansı İlkeleri Bilgi Formu,EVET
INDES,1481095,2025,6 Aylık,2025-08-19 22:24:43,Katılım Finansı İlkeleri Bilgi Formu,EVET
INGRM,1569090,2025,Yıllık,2026-03-09 20:20:34,Katılım Finansı İlkeleri Bilgi Formu,EVET
INGRM,1482099,2025,6 Aylık,2025-08-22 18:12:56,Katılım Finansı İlkeleri Bilgi Formu,EVET
INTEK,1571329,2025,Yıllık,2026-03-11 23:34:24,Katılım Finansı İlkeleri Bilgi Formu,EVET
INTEK,1476346,2025,6 Aylık,2025-08-11 21:05:20,Katılım Finansı İlkeleri Bilgi Formu,EVET
INTEM,1645593,2026,6 Aylık,2026-08-07 18:32:48,Katılım Finansı İlkeleri Bilgi Formu,EVET
INTEM,1565250,2025,Yıllık,2026-03-03 19:42:27,Katılım Finansı İlkeleri Bilgi Formu,EVET
INTEM,1474071,2025,6 Aylık,2025-08-07 18:32:18,Katılım Finansı İlkeleri Bilgi Formu,EVET
INVEO,1559321,2025,Yıllık,2026-02-19 18:22:17,Katılım Finansı İlkeleri Bilgi Formu,EVET
INVES,1564645,2025,Yıllık,2026-03-02 23:11:44,Katılım Finansı İlkeleri Bilgi Formu,EVET
INVES,1476332,2025,6 Aylık,2025-08-11 20:51:58,Katılım Finansı İlkeleri Bilgi Formu,EVET
ISBIR,1644688,2026,6 Aylık,2026-08-06 18:52:25,Katılım Finansı İlkeleri Bilgi Formu,EVET
ISBIR,1567597,2025,Yıllık,2026-03-06 18:12:16,Katılım Finansı İlkeleri Bilgi Formu,EVET
ISBIR,1475010,2025,6 Aylık,2025-08-08 18:11:12,Katılım Finansı İlkeleri Bilgi Formu,EVET
ISDMR,1644581,2026,6 Aylık,2026-08-06 18:16:00,Katılım Finansı İlkeleri Bilgi Formu,EVET
ISDMR,1557663,2025,Yıllık,2026-02-17 18:18:10,Katılım Finansı İlkeleri Bilgi Formu,EVET
ISGSY,1563899,2025,Yıllık,2026-03-02 18:13:09,Katılım Finansı İlkeleri Bilgi Formu,EVET
ISGSY,1476985,2025,6 Aylık,2025-08-12 18:13:09,Katılım Finansı İlkeleri Bilgi Formu,EVET
ISGYO,1643119,2026,6 Aylık,2026-08-04 18:27:22,Katılım Finansı İlkeleri Bilgi Formu,EVET
ISGYO,1555563,2025,Yıllık,2026-02-10 20:16:24,Katılım Finansı İlkeleri Bilgi Formu,EVET
ISKPL,1557777,2025,Yıllık,2026-02-17 18:45:13,Katılım Finansı İlkeleri Bilgi Formu,EVET
ISKPL,1481501,2025,6 Aylık,2025-08-20 20:33:49,Katılım Finansı İlkeleri Bilgi Formu,EVET
ISSEN,1565872,2025,Yıllık,2026-03-04 18:18:38,Katılım Finansı İlkeleri Bilgi Formu,EVET
ISSEN,1477668,2025,6 Aylık,2025-08-13 18:18:17,Katılım Finansı İlkeleri Bilgi Formu,EVET
IZENR,1563129,2025,Yıllık,2026-02-27 20:19:59,Katılım Finansı İlkeleri Bilgi Formu,EVET
IZENR,1475087,2025,6 Aylık,2025-08-08 18:17:44,Katılım Finansı İlkeleri Bilgi Formu,EVET
IZFAS,1570735,2025,Yıllık,2026-03-11 18:38:00,Katılım Finansı İlkeleri Bilgi Formu,EVET
IZFAS,1480679,2025,6 Aylık,2025-08-19 18:14:10,Katılım Finansı İlkeleri Bilgi Formu,EVET
IZINV,1606465,2026,3 Aylık,2026-05-12 18:52:41,Katılım Finansı İlkeleri Bilgi Formu,EVET
IZINV,1558611,2025,Yıllık,2026-02-18 20:09:09,Katılım Finansı İlkeleri Bilgi Formu,EVET
IZINV,1515817,2025,9 Aylık,2025-11-11 18:33:37,Katılım Finansı İlkeleri Bilgi Formu,EVET
IZINV,1481479,2025,6 Aylık,2025-08-20 19:20:58,Katılım Finansı İlkeleri Bilgi Formu,EVET
IZMDC,1570840,2025,Yıllık,2026-03-11 19:11:03,Katılım Finansı İlkeleri Bilgi Formu,EVET
IZMDC,1479266,2025,6 Aylık,2025-08-15 18:15:08,Katılım Finansı İlkeleri Bilgi Formu,EVET
JANTS,1563199,2025,Yıllık,2026-02-27 21:56:24,Katılım Finansı İlkeleri Bilgi Formu,EVET
JANTS,1480281,2025,6 Aylık,2025-08-18 21:19:59,Katılım Finansı İlkeleri Bilgi Formu,EVET
JANTS,1475217,2025,6 Aylık,2025-08-08 18:54:34,Katılım Finansı İlkeleri Bilgi Formu,EVET
KAPLM,1643186,2026,6 Aylık,2026-08-04 19:38:10,Katılım Finansı İlkeleri Bilgi Formu,EVET
KAPLM,1572022,2025,Yıllık,2026-03-12 19:57:29,Katılım Finansı İlkeleri Bilgi Formu,EVET
KAPLM,1481533,2025,6 Aylık,2025-08-21 00:48:51,Katılım Finansı İlkeleri Bilgi Formu,EVET
KAREL,1590339,2025,Yıllık,2026-04-09 18:32:25,Katılım Finansı İlkeleri Bilgi Formu,EVET
KAREL,1564762,2025,Yıllık,2026-03-03 01:19:31,Katılım Finansı İlkeleri Bilgi Formu,EVET
KAREL,1476050,2025,6 Aylık,2025-08-11 18:30:23,Katılım Finansı İlkeleri Bilgi Formu,EVET
KARSN,1561536,2025,Yıllık,2026-02-25 18:18:39,Katılım Finansı İlkeleri Bilgi Formu,EVET
KARSN,1481786,2025,6 Aylık,2025-08-21 18:36:15,Katılım Finansı İlkeleri Bilgi Formu,EVET
KARTN,1638889,2026,6 Aylık,2026-07-29 18:21:02,Katılım Finansı İlkeleri Bilgi Formu,EVET
KARTN,1565370,2025,Yıllık,2026-03-04 08:12:25,Katılım Finansı İlkeleri Bilgi Formu,EVET
KARTN,1479412,2025,6 Aylık,2025-08-15 19:30:19,Katılım Finansı İlkeleri Bilgi Formu,EVET
KATMR,1557861,2025,Yıllık,2026-02-17 19:48:07,Katılım Finansı İlkeleri Bilgi Formu,EVET
KATMR,1483185,2025,6 Aylık,2025-08-27 18:10:25,Katılım Finansı İlkeleri Bilgi Formu,EVET
KATMR,1479326,2025,6 Aylık,2025-08-15 18:25:46,Katılım Finansı İlkeleri Bilgi Formu,EVET
KAYSE,1632116,2025,Yıllık,2026-07-10 23:45:38,Katılım Finansı İlkeleri Bilgi Formu,EVET
KAYSE,1529038,2025,6 Aylık,2025-12-23 18:16:22,Katılım Finansı İlkeleri Bilgi Formu,EVET
KBORU,1558524,2025,Yıllık,2026-02-18 18:25:30,Katılım Finansı İlkeleri Bilgi Formu,EVET
KBORU,1476259,2025,6 Aylık,2025-08-11 19:58:42,Katılım Finansı İlkeleri Bilgi Formu,EVET
KCAER,1644616,2026,6 Aylık,2026-08-06 18:25:28,Katılım Finansı İlkeleri Bilgi Formu,EVET
KCAER,1591058,2025,Yıllık,2026-04-10 20:00:23,Katılım Finansı İlkeleri Bilgi Formu,EVET
KCAER,1563012,2025,Yıllık,2026-02-27 19:14:09,Katılım Finansı İlkeleri Bilgi Formu,EVET
KCAER,1477006,2025,6 Aylık,2025-08-12 18:20:28,Katılım Finansı İlkeleri Bilgi Formu,EVET
KCHOL,1644589,2026,6 Aylık,2026-08-06 18:17:25,Katılım Finansı İlkeleri Bilgi Formu,EVET
KCHOL,1556231,2025,Yıllık,2026-02-12 18:15:17,Katılım Finansı İlkeleri Bilgi Formu,EVET
KENT,1565360,2025,Yıllık,2026-03-03 23:40:30,Katılım Finansı İlkeleri Bilgi Formu,EVET
KENT,1476161,2025,6 Aylık,2025-08-11 19:01:45,Katılım Finansı İlkeleri Bilgi Formu,EVET
KERVN,1571964,2025,Yıllık,2026-03-12 18:27:17,Katılım Finansı İlkeleri Bilgi Formu,EVET
KERVN,1488121,2025,6 Aylık,2025-09-08 20:33:13,Katılım Finansı İlkeleri Bilgi Formu,EVET
KFEIN,1570789,2025,Yıllık,2026-03-11 18:57:13,Katılım Finansı İlkeleri Bilgi Formu,EVET
KFEIN,1480926,2025,6 Aylık,2025-08-19 19:07:33,Katılım Finansı İlkeleri Bilgi Formu,EVET
KGYO,1572092,2025,Yıllık,2026-03-12 20:58:51,Katılım Finansı İlkeleri Bilgi Formu,EVET
KGYO,1481150,2025,6 Aylık,2025-08-20 08:23:38,Katılım Finansı İlkeleri Bilgi Formu,EVET
KIMMR,1591068,2025,Yıllık,2026-04-10 20:20:21,Katılım Finansı İlkeleri Bilgi Formu,EVET
KIMMR,1565188,2025,Yıllık,2026-03-03 18:34:46,Katılım Finansı İlkeleri Bilgi Formu,EVET
KIMMR,1486206,2025,6 Aylık,2025-09-03 20:08:51,Katılım Finansı İlkeleri Bilgi Formu,EVET
KIMMR,1477164,2025,6 Aylık,2025-08-12 21:48:03,Katılım Finansı İlkeleri Bilgi Formu,EVET
KIMMR,1476250,2025,6 Aylık,2025-08-11 19:48:50,Katılım Finansı İlkeleri Bilgi Formu,EVET
KLGYO,1644713,2026,6 Aylık,2026-08-06 19:23:45,Katılım Finansı İlkeleri Bilgi Formu,EVET
KLGYO,1574140,2025,Yıllık,2026-03-18 18:10:19,Katılım Finansı İlkeleri Bilgi Formu,EVET
KLGYO,1482536,2025,6 Aylık,2025-08-25 21:12:08,Katılım Finansı İlkeleri Bilgi Formu,EVET
KLKIM,1569914,2025,Yıllık,2026-03-10 18:48:34,Katılım Finansı İlkeleri Bilgi Formu,EVET
KLKIM,1478604,2025,6 Aylık,2025-08-14 18:44:09,Katılım Finansı İlkeleri Bilgi Formu,EVET
KLMSN,1571005,2025,Yıllık,2026-03-11 20:56:10,Katılım Finansı İlkeleri Bilgi Formu,EVET
KLMSN,1477753,2025,6 Aylık,2025-08-13 18:34:09,Katılım Finansı İlkeleri Bilgi Formu,EVET
KLRHO,1595064,2025,Yıllık,2026-04-18 20:32:54,Katılım Finansı İlkeleri Bilgi Formu,EVET
KLRHO,1482874,2025,6 Aylık,2025-08-26 22:28:51,Katılım Finansı İlkeleri Bilgi Formu,EVET
KLSER,1569219,2025,Yıllık,2026-03-09 22:50:43,Katılım Finansı İlkeleri Bilgi Formu,EVET
KLSER,1481477,2025,6 Aylık,2025-08-20 19:13:36,Katılım Finansı İlkeleri Bilgi Formu,EVET
KLSYN,1582416,2025,Yıllık,2026-04-01 18:19:47,Katılım Finansı İlkeleri Bilgi Formu,EVET
KLSYN,1560573,2025,Yıllık,2026-02-23 18:21:46,Katılım Finansı İlkeleri Bilgi Formu,EVET
KLSYN,1487300,2025,6 Aylık,2025-09-05 19:21:07,Katılım Finansı İlkeleri Bilgi Formu,EVET
KLSYN,1477807,2025,6 Aylık,2025-08-13 18:43:58,Katılım Finansı İlkeleri Bilgi Formu,EVET
KLYPV,1563053,2025,Yıllık,2026-02-27 19:40:48,Katılım Finansı İlkeleri Bilgi Formu,EVET
KLYPV,1476990,2025,6 Aylık,2025-08-12 18:14:04,Katılım Finansı İlkeleri Bilgi Formu,EVET
KMPUR,1583125,2025,Yıllık,2026-04-02 19:26:09,Katılım Finansı İlkeleri Bilgi Formu,EVET
KMPUR,1571180,2025,Yıllık,2026-03-11 22:00:31,Katılım Finansı İlkeleri Bilgi Formu,EVET
KMPUR,1483534,2025,6 Aylık,2025-08-28 18:12:47,Katılım Finansı İlkeleri Bilgi Formu,EVET
KMPUR,1478906,2025,6 Aylık,2025-08-15 08:21:45,Katılım Finansı İlkeleri Bilgi Formu,EVET
KNFRT,1570870,2025,Yıllık,2026-03-11 19:34:44,Katılım Finansı İlkeleri Bilgi Formu,EVET
KNFRT,1479351,2025,6 Aylık,2025-08-15 18:35:15,Katılım Finansı İlkeleri Bilgi Formu,EVET
KOCMT,1565170,2025,Yıllık,2026-03-03 18:27:55,Katılım Finansı İlkeleri Bilgi Formu,EVET
KOCMT,1475913,2025,6 Aylık,2025-08-11 18:12:24,Katılım Finansı İlkeleri Bilgi Formu,EVET
KONKA,1564079,2025,Yıllık,2026-03-02 18:36:11,Katılım Finansı İlkeleri Bilgi Formu,EVET
KONKA,1476000,2025,6 Aylık,2025-08-11 18:19:25,Katılım Finansı İlkeleri Bilgi Formu,EVET
KONTR,1560091,2025,Yıllık,2026-02-22 16:45:38,Katılım Finansı İlkeleri Bilgi Formu,EVET
KONTR,1485661,2025,6 Aylık,2025-09-02 18:39:26,Katılım Finansı İlkeleri Bilgi Formu,EVET
KONTR,1478025,2025,6 Aylık,2025-08-13 22:54:11,Katılım Finansı İlkeleri Bilgi Formu,EVET
KONYA,1564248,2025,Yıllık,2026-03-02 19:52:38,Katılım Finansı İlkeleri Bilgi Formu,EVET
KONYA,1476096,2025,6 Aylık,2025-08-11 18:41:58,Katılım Finansı İlkeleri Bilgi Formu,EVET
KOPOL,1592322,2025,Yıllık,2026-04-13 18:14:49,Katılım Finansı İlkeleri Bilgi Formu,EVET
KOPOL,1557719,2025,Yıllık,2026-02-17 18:26:25,Katılım Finansı İlkeleri Bilgi Formu,EVET
KOPOL,1490081,2025,6 Aylık,2025-09-16 08:37:32,Katılım Finansı İlkeleri Bilgi Formu,EVET
KOPOL,1481538,2025,6 Aylık,2025-08-21 08:32:42,Katılım Finansı İlkeleri Bilgi Formu,EVET
KORDS,1642540,2026,6 Aylık,2026-08-03 22:03:50,Katılım Finansı İlkeleri Bilgi Formu,EVET
KORDS,1562311,2025,Yıllık,2026-02-26 22:41:44,Katılım Finansı İlkeleri Bilgi Formu,EVET
KOTON,1565938,2025,Yıllık,2026-03-04 18:28:26,Katılım Finansı İlkeleri Bilgi Formu,EVET
KOTON,1478820,2025,6 Aylık,2025-08-14 21:04:21,Katılım Finansı İlkeleri Bilgi Formu,EVET
KRDMA,1572643,2025,Yıllık,2026-03-13 20:54:51,Katılım Finansı İlkeleri Bilgi Formu,EVET
KRDMA,1477904,2025,6 Aylık,2025-08-13 20:18:08,Katılım Finansı İlkeleri Bilgi Formu,EVET
KRDMB,1572643,2025,Yıllık,2026-03-13 20:54:51,Katılım Finansı İlkeleri Bilgi Formu,EVET
KRDMB,1477904,2025,6 Aylık,2025-08-13 20:18:08,Katılım Finansı İlkeleri Bilgi Formu,EVET
KRDMD,1572643,2025,Yıllık,2026-03-13 20:54:51,Katılım Finansı İlkeleri Bilgi Formu,EVET
KRDMD,1477904,2025,6 Aylık,2025-08-13 20:18:08,Katılım Finansı İlkeleri Bilgi Formu,EVET
KRGYO,1561123,2025,Yıllık,2026-02-24 20:15:55,Katılım Finansı İlkeleri Bilgi Formu,EVET
KRGYO,1475430,2025,6 Aylık,2025-08-09 02:43:34,Katılım Finansı İlkeleri Bilgi Formu,EVET
KRONT,1591005,2025,Yıllık,2026-04-10 18:54:44,Katılım Finansı İlkeleri Bilgi Formu,EVET
KRONT,1569766,2025,Yıllık,2026-03-10 18:15:44,Katılım Finansı İlkeleri Bilgi Formu,EVET
KRONT,1481467,2025,6 Aylık,2025-08-20 18:44:06,Katılım Finansı İlkeleri Bilgi Formu,EVET
KRPLS,1564295,2025,Yıllık,2026-03-02 20:09:29,Katılım Finansı İlkeleri Bilgi Formu,EVET
KRPLS,1476253,2025,6 Aylık,2025-08-11 19:51:26,Katılım Finansı İlkeleri Bilgi Formu,EVET
KRSTL,1569798,2025,Yıllık,2026-03-10 18:19:42,Katılım Finansı İlkeleri Bilgi Formu,EVET
KRSTL,1478537,2025,6 Aylık,2025-08-14 18:20:11,Katılım Finansı İlkeleri Bilgi Formu,EVET
KRTEK,1555526,2025,Yıllık,2026-02-10 18:28:11,Katılım Finansı İlkeleri Bilgi Formu,EVET
KRTEK,1475134,2025,6 Aylık,2025-08-08 18:25:31,Katılım Finansı İlkeleri Bilgi Formu,EVET
KRVGD,1570691,2025,Yıllık,2026-03-11 18:32:26,Katılım Finansı İlkeleri Bilgi Formu,EVET
KRVGD,1480272,2025,6 Aylık,2025-08-18 21:04:05,Katılım Finansı İlkeleri Bilgi Formu,EVET
KSTUR,1637926,2026,6 Aylık,2026-07-28 18:34:21,Katılım Finansı İlkeleri Bilgi Formu,EVET
KSTUR,1562087,2025,Yıllık,2026-02-26 18:29:51,Katılım Finansı İlkeleri Bilgi Formu,EVET
KTSKR,1565131,2025,Yıllık,2026-03-03 18:10:50,Katılım Finansı İlkeleri Bilgi Formu,EVET
KTSKR,1474032,2025,6 Aylık,2025-08-07 18:15:36,Katılım Finansı İlkeleri Bilgi Formu,EVET
KUTPO,1583009,2025,Yıllık,2026-04-02 18:30:24,Katılım Finansı İlkeleri Bilgi Formu,EVET
KUTPO,1570908,2025,Yıllık,2026-03-11 20:03:31,Katılım Finansı İlkeleri Bilgi Formu,EVET
KUTPO,1481498,2025,6 Aylık,2025-08-20 20:32:33,Katılım Finansı İlkeleri Bilgi Formu,EVET
KUVVA,1585282,2025,Yıllık,2026-04-06 21:29:22,Katılım Finansı İlkeleri Bilgi Formu,EVET
KUVVA,1493531,2025,6 Aylık,2025-09-26 23:55:36,Katılım Finansı İlkeleri Bilgi Formu,EVET
KUYAS,1572537,2025,Yıllık,2026-03-13 18:19:56,Katılım Finansı İlkeleri Bilgi Formu,EVET
KUYAS,1481785,2025,6 Aylık,2025-08-21 18:34:04,Katılım Finansı İlkeleri Bilgi Formu,EVET
KZBGY,1571982,2025,Yıllık,2026-03-12 18:41:29,Katılım Finansı İlkeleri Bilgi Formu,EVET
KZBGY,1477876,2025,6 Aylık,2025-08-13 19:22:09,Katılım Finansı İlkeleri Bilgi Formu,EVET
KZGYO,1571988,2025,Yıllık,2026-03-12 18:45:13,Katılım Finansı İlkeleri Bilgi Formu,EVET
KZGYO,1480787,2025,6 Aylık,2025-08-19 18:28:09,Katılım Finansı İlkeleri Bilgi Formu,EVET
LIDER,1564089,2025,Yıllık,2026-03-02 18:41:54,Katılım Finansı İlkeleri Bilgi Formu,EVET
LIDER,1476171,2025,6 Aylık,2025-08-11 19:06:12,Katılım Finansı İlkeleri Bilgi Formu,EVET
LILAK,1643909,2026,6 Aylık,2026-08-05 19:45:56,Katılım Finansı İlkeleri Bilgi Formu,EVET
LILAK,1555582,2025,Yıllık,2026-02-10 22:50:29,Katılım Finansı İlkeleri Bilgi Formu,EVET
LINK,1565182,2025,Yıllık,2026-03-03 18:31:32,Katılım Finansı İlkeleri Bilgi Formu,EVET
LINK,1476301,2025,6 Aylık,2025-08-11 20:17:43,Katılım Finansı İlkeleri Bilgi Formu,EVET
LKMNH,1557959,2025,Yıllık,2026-02-17 21:27:04,Katılım Finansı İlkeleri Bilgi Formu,EVET
LKMNH,1481491,2025,6 Aylık,2025-08-20 20:04:03,Katılım Finansı İlkeleri Bilgi Formu,EVET
LMKDC,1563306,2025,Yıllık,2026-03-01 21:51:40,Katılım Finansı İlkeleri Bilgi Formu,EVET
LMKDC,1476024,2025,6 Aylık,2025-08-11 18:23:48,Katılım Finansı İlkeleri Bilgi Formu,EVET
LOGO,1644763,2026,6 Aylık,2026-08-06 20:31:07,Katılım Finansı İlkeleri Bilgi Formu,EVET
LOGO,1558612,2025,Yıllık,2026-02-18 20:18:19,Katılım Finansı İlkeleri Bilgi Formu,EVET
LOGO,1489174,2025,6 Aylık,2025-09-11 21:04:40,Katılım Finansı İlkeleri Bilgi Formu,EVET
LOGO,1477972,2025,6 Aylık,2025-08-13 20:39:56,Katılım Finansı İlkeleri Bilgi Formu,EVET
LRSHO,1572119,2025,Yıllık,2026-03-12 22:29:39,Katılım Finansı İlkeleri Bilgi Formu,EVET
LRSHO,1481464,2025,6 Aylık,2025-08-20 18:39:03,Katılım Finansı İlkeleri Bilgi Formu,EVET
LUKSK,1585303,2025,Yıllık,2026-04-07 08:12:03,Katılım Finansı İlkeleri Bilgi Formu,EVET
LUKSK,1565365,2025,Yıllık,2026-03-04 07:37:28,Katılım Finansı İlkeleri Bilgi Formu,EVET
LUKSK,1488451,2025,6 Aylık,2025-09-10 08:17:55,Katılım Finansı İlkeleri Bilgi Formu,EVET
LUKSK,1478908,2025,6 Aylık,2025-08-15 08:31:02,Katılım Finansı İlkeleri Bilgi Formu,EVET
LYDHO,1572104,2025,Yıllık,2026-03-12 21:55:48,Katılım Finansı İlkeleri Bilgi Formu,EVET
LYDHO,1480646,2025,6 Aylık,2025-08-19 18:11:27,Katılım Finansı İlkeleri Bilgi Formu,EVET
LYDYE,1554958,2025,Yıllık,2026-02-09 18:11:40,Katılım Finansı İlkeleri Bilgi Formu,EVET
LYDYE,1476998,2025,6 Aylık,2025-08-12 18:17:10,Katılım Finansı İlkeleri Bilgi Formu,EVET
MAALT,1643222,2026,6 Aylık,2026-08-04 21:44:22,Katılım Finansı İlkeleri Bilgi Formu,EVET
MAALT,1555075,2025,Yıllık,2026-02-09 21:24:31,Katılım Finansı İlkeleri Bilgi Formu,EVET
MACKO,1560014,2025,Yıllık,2026-02-20 18:51:38,Katılım Finansı İlkeleri Bilgi Formu,EVET
MAGEN,1571973,2025,Yıllık,2026-03-12 18:32:29,Katılım Finansı İlkeleri Bilgi Formu,EVET
MAGEN,1488715,2025,6 Aylık,2025-09-10 18:15:14,Katılım Finansı İlkeleri Bilgi Formu,EVET
MAGEN,1481441,2025,6 Aylık,2025-08-20 18:29:40,Katılım Finansı İlkeleri Bilgi Formu,EVET
MAKIM,1563937,2025,Yıllık,2026-03-02 18:17:11,Katılım Finansı İlkeleri Bilgi Formu,EVET
MAKIM,1476182,2025,6 Aylık,2025-08-11 19:10:24,Katılım Finansı İlkeleri Bilgi Formu,EVET
MAKTK,1567756,2025,Yıllık,2026-03-06 19:47:26,Katılım Finansı İlkeleri Bilgi Formu,EVET
MAKTK,1479485,2025,6 Aylık,2025-08-15 20:42:04,Katılım Finansı İlkeleri Bilgi Formu,EVET
MANAS,1565161,2025,Yıllık,2026-03-03 18:21:54,Katılım Finansı İlkeleri Bilgi Formu,EVET
MANAS,1482161,2025,6 Aylık,2025-08-23 09:41:18,Katılım Finansı İlkeleri Bilgi Formu,EVET
MARBL,1570097,2025,Yıllık,2026-03-10 22:45:14,Katılım Finansı İlkeleri Bilgi Formu,EVET
MARBL,1480050,2025,6 Aylık,2025-08-18 18:35:08,Katılım Finansı İlkeleri Bilgi Formu,EVET
MARKA,1480163,2025,6 Aylık,2025-08-18 19:29:22,Katılım Finansı İlkeleri Bilgi Formu,EVET
MARMR,1572020,2025,Yıllık,2026-03-12 19:31:14,Katılım Finansı İlkeleri Bilgi Formu,EVET
MAVI,1574189,2025,Yıllık,2026-03-18 18:53:09,Katılım Finansı İlkeleri Bilgi Formu,EVET
MAVI,1490668,2025,6 Aylık,2025-09-17 18:14:20,Katılım Finansı İlkeleri Bilgi Formu,EVET
MEDTR,1566729,2025,Yıllık,2026-03-05 20:46:40,Katılım Finansı İlkeleri Bilgi Formu,EVET
MEDTR,1477966,2025,6 Aylık,2025-08-13 20:33:26,Katılım Finansı İlkeleri Bilgi Formu,EVET
MEGMT,1575886,2025,Yıllık,2026-03-25 20:24:49,Katılım Finansı İlkeleri Bilgi Formu,EVET
MEGMT,1567652,2025,Yıllık,2026-03-06 18:25:24,Katılım Finansı İlkeleri Bilgi Formu,EVET
MEGMT,1481535,2025,6 Aylık,2025-08-21 07:57:59,Katılım Finansı İlkeleri Bilgi Formu,EVET
MEKAG,1567613,2025,Yıllık,2026-03-06 18:14:37,Katılım Finansı İlkeleri Bilgi Formu,EVET
MEKAG,1488399,2025,6 Aylık,2025-09-09 18:14:09,Katılım Finansı İlkeleri Bilgi Formu,EVET
MEKAG,1480643,2025,6 Aylık,2025-08-19 18:11:24,Katılım Finansı İlkeleri Bilgi Formu,EVET
MEPET,1571909,2025,Yıllık,2026-03-12 18:10:06,Katılım Finansı İlkeleri Bilgi Formu,EVET
MEPET,1513696,2025,6 Aylık,2025-11-09 17:18:43,Katılım Finansı İlkeleri Bilgi Formu,EVET
MERCN,1572007,2025,Yıllık,2026-03-12 19:14:38,Katılım Finansı İlkeleri Bilgi Formu,EVET
MERCN,1489125,2025,6 Aylık,2025-09-11 18:17:08,Katılım Finansı İlkeleri Bilgi Formu,EVET
MERCN,1476991,2025,6 Aylık,2025-08-12 18:15:11,Katılım Finansı İlkeleri Bilgi Formu,EVET
MERIT,1569876,2025,Yıllık,2026-03-10 18:31:39,Katılım Finansı İlkeleri Bilgi Formu,EVET
MERIT,1481405,2025,6 Aylık,2025-08-20 18:14:13,Katılım Finansı İlkeleri Bilgi Formu,EVET
MERKO,1563019,2025,6 Aylık,2026-02-27 19:21:28,Katılım Finansı İlkeleri Bilgi Formu,EVET
MERKO,1483936,2024,Yıllık,2025-08-29 18:13:42,Katılım Finansı İlkeleri Bilgi Formu,EVET
METRO,1575846,2025,Yıllık,2026-03-25 18:43:11,Katılım Finansı İlkeleri Bilgi Formu,EVET
MEYSU,1570671,2025,Yıllık,2026-03-11 18:30:03,Katılım Finansı İlkeleri Bilgi Formu,EVET
MGROS,1566724,2025,Yıllık,2026-03-05 20:36:38,Katılım Finansı İlkeleri Bilgi Formu,EVET
MGROS,1477700,2025,6 Aylık,2025-08-13 18:20:24,Katılım Finansı İlkeleri Bilgi Formu,EVET
MHRGY,1564022,2025,Yıllık,2026-03-02 18:28:40,Katılım Finansı İlkeleri Bilgi Formu,EVET
MIATK,1565876,2025,Yıllık,2026-03-04 18:19:23,Katılım Finansı İlkeleri Bilgi Formu,EVET
MIATK,1481470,2025,6 Aylık,2025-08-20 18:47:36,Katılım Finansı İlkeleri Bilgi Formu,EVET
MMCAS,1483593,2025,6 Aylık,2025-08-28 20:13:47,Katılım Finansı İlkeleri Bilgi Formu,EVET
MNDRS,1567623,2025,Yıllık,2026-03-06 18:15:57,Katılım Finansı İlkeleri Bilgi Formu,EVET
MNDRS,1480701,2025,6 Aylık,2025-08-19 18:16:22,Katılım Finansı İlkeleri Bilgi Formu,EVET
MNDTR,1571417,2025,Yıllık,2026-03-12 00:11:44,Katılım Finansı İlkeleri Bilgi Formu,EVET
MNDTR,1479392,2025,6 Aylık,2025-08-15 19:09:55,Katılım Finansı İlkeleri Bilgi Formu,EVET
MOBTL,1589195,2025,Yıllık,2026-04-08 18:14:30,Katılım Finansı İlkeleri Bilgi Formu,EVET
MOBTL,1582443,2025,Yıllık,2026-04-01 18:44:18,Katılım Finansı İlkeleri Bilgi Formu,EVET
MOBTL,1482462,2025,6 Aylık,2025-08-25 18:12:28,Katılım Finansı İlkeleri Bilgi Formu,EVET
MOGAN,1593422,2025,Yıllık,2026-04-14 19:01:17,Katılım Finansı İlkeleri Bilgi Formu,EVET
MOGAN,1570997,2025,Yıllık,2026-03-11 20:49:56,Katılım Finansı İlkeleri Bilgi Formu,EVET
MOGAN,1480178,2025,6 Aylık,2025-08-18 19:44:13,Katılım Finansı İlkeleri Bilgi Formu,EVET
MOPAS,1569758,2025,Yıllık,2026-03-10 18:15:16,Katılım Finansı İlkeleri Bilgi Formu,EVET
MOPAS,1481406,2025,6 Aylık,2025-08-20 18:14:21,Katılım Finansı İlkeleri Bilgi Formu,EVET
MPARK,1643913,2026,6 Aylık,2026-08-05 19:48:09,Katılım Finansı İlkeleri Bilgi Formu,EVET
MPARK,1567696,2025,Yıllık,2026-03-06 18:54:04,Katılım Finansı İlkeleri Bilgi Formu,EVET
MRSHL,1564587,2025,Yıllık,2026-03-02 22:45:09,Katılım Finansı İlkeleri Bilgi Formu,EVET
MRSHL,1475908,2025,6 Aylık,2025-08-11 18:12:04,Katılım Finansı İlkeleri Bilgi Formu,EVET
MSGYO,1589182,2025,Yıllık,2026-04-08 18:11:45,Katılım Finansı İlkeleri Bilgi Formu,EVET
MSGYO,1565140,2025,Yıllık,2026-03-03 18:13:03,Katılım Finansı İlkeleri Bilgi Formu,EVET
MSGYO,1477565,2025,6 Aylık,2025-08-13 18:10:50,Katılım Finansı İlkeleri Bilgi Formu,EVET
MTRKS,1566128,2025,Yıllık,2026-03-04 23:55:29,Katılım Finansı İlkeleri Bilgi Formu,EVET
MTRKS,1479989,2025,6 Aylık,2025-08-18 18:18:29,Katılım Finansı İlkeleri Bilgi Formu,EVET
MZHLD,1571913,2025,Yıllık,2026-03-12 18:10:41,Katılım Finansı İlkeleri Bilgi Formu,EVET
MZHLD,1480630,2025,6 Aylık,2025-08-19 18:10:45,Katılım Finansı İlkeleri Bilgi Formu,EVET
NATEN,1571976,2025,Yıllık,2026-03-12 18:33:28,Katılım Finansı İlkeleri Bilgi Formu,EVET
NATEN,1490685,2025,6 Aylık,2025-09-17 18:33:48,Katılım Finansı İlkeleri Bilgi Formu,EVET
NATEN,1481449,2025,6 Aylık,2025-08-20 18:32:33,Katılım Finansı İlkeleri Bilgi Formu,EVET
NETAS,1569990,2025,Yıllık,2026-03-10 19:28:45,Katılım Finansı İlkeleri Bilgi Formu,EVET
NETAS,1478562,2025,6 Aylık,2025-08-14 18:23:32,Katılım Finansı İlkeleri Bilgi Formu,EVET
NETCD,1562843,2025,Yıllık,2026-02-27 18:15:12,Katılım Finansı İlkeleri Bilgi Formu,EVET
NIBAS,1564202,2025,Yıllık,2026-03-02 19:19:24,Katılım Finansı İlkeleri Bilgi Formu,EVET
NIBAS,1485754,2025,6 Aylık,2025-09-02 19:51:11,Katılım Finansı İlkeleri Bilgi Formu,EVET
NTGAZ,1643014,2026,6 Aylık,2026-08-04 18:17:30,Katılım Finansı İlkeleri Bilgi Formu,EVET
NTGAZ,1562109,2025,Yıllık,2026-02-26 18:41:32,Katılım Finansı İlkeleri Bilgi Formu,EVET
NTHOL,1569875,2025,Yıllık,2026-03-10 18:30:01,Katılım Finansı İlkeleri Bilgi Formu,EVET
NTHOL,1481401,2025,6 Aylık,2025-08-20 18:13:24,Katılım Finansı İlkeleri Bilgi Formu,EVET
NUGYO,1565219,2025,Yıllık,2026-03-03 19:00:15,Katılım Finansı İlkeleri Bilgi Formu,EVET
NUGYO,1477048,2025,6 Aylık,2025-08-12 18:46:03,Katılım Finansı İlkeleri Bilgi Formu,EVET
NUHCM,1559431,2025,Yıllık,2026-02-19 22:01:27,Katılım Finansı İlkeleri Bilgi Formu,EVET
NUHCM,1479270,2025,6 Aylık,2025-08-15 18:15:39,Katılım Finansı İlkeleri Bilgi Formu,EVET
OBAMS,1571430,2025,Yıllık,2026-03-12 00:47:30,Katılım Finansı İlkeleri Bilgi Formu,EVET
OBAMS,1481042,2025,6 Aylık,2025-08-19 20:45:50,Katılım Finansı İlkeleri Bilgi Formu,EVET
OBASE,1562883,2025,Yıllık,2026-02-27 18:19:06,Katılım Finansı İlkeleri Bilgi Formu,EVET
OBASE,1480766,2025,6 Aylık,2025-08-19 18:25:44,Katılım Finansı İlkeleri Bilgi Formu,EVET
ODAS,1571956,2025,Yıllık,2026-03-12 18:21:45,Katılım Finansı İlkeleri Bilgi Formu,EVET
ODAS,1480739,2025,6 Aylık,2025-08-19 18:22:19,Katılım Finansı İlkeleri Bilgi Formu,EVET
ODINE,1570842,2025,Yıllık,2026-03-11 19:11:25,Katılım Finansı İlkeleri Bilgi Formu,EVET
ODINE,1480280,2025,6 Aylık,2025-08-18 21:13:09,Katılım Finansı İlkeleri Bilgi Formu,EVET
OFSYM,1570758,2025,Yıllık,2026-03-11 18:46:21,Katılım Finansı İlkeleri Bilgi Formu,EVET
OFSYM,1483583,2025,6 Aylık,2025-08-28 19:03:28,Katılım Finansı İlkeleri Bilgi Formu,EVET
OFSYM,1477797,2025,6 Aylık,2025-08-13 18:42:52,Katılım Finansı İlkeleri Bilgi Formu,EVET
ONCSM,1580826,2025,Yıllık,2026-03-31 18:12:53,Katılım Finansı İlkeleri Bilgi Formu,EVET
ONCSM,1577672,2025,Yıllık,2026-03-27 18:11:55,Katılım Finansı İlkeleri Bilgi Formu,EVET
ONCSM,1560047,2025,Yıllık,2026-02-20 19:56:56,Katılım Finansı İlkeleri Bilgi Formu,EVET
ONCSM,1488697,2025,6 Aylık,2025-09-10 18:10:18,Katılım Finansı İlkeleri Bilgi Formu,EVET
ONCSM,1480642,2025,6 Aylık,2025-08-19 18:11:20,Katılım Finansı İlkeleri Bilgi Formu,EVET
ONRYT,1571941,2025,Yıllık,2026-03-12 18:19:26,Katılım Finansı İlkeleri Bilgi Formu,EVET
ONRYT,1477051,2025,6 Aylık,2025-08-12 18:48:12,Katılım Finansı İlkeleri Bilgi Formu,EVET
ORCAY,1643823,2026,6 Aylık,2026-08-05 18:19:17,Katılım Finansı İlkeleri Bilgi Formu,EVET
ORCAY,1556782,2025,Yıllık,2026-02-14 11:04:47,Katılım Finansı İlkeleri Bilgi Formu,EVET
ORCAY,1475961,2025,6 Aylık,2025-08-11 18:15:13,Katılım Finansı İlkeleri Bilgi Formu,EVET
ORGE,1558509,2025,Yıllık,2026-02-18 18:18:30,Katılım Finansı İlkeleri Bilgi Formu,EVET
ORGE,1480018,2025,6 Aylık,2025-08-18 18:28:38,Katılım Finansı İlkeleri Bilgi Formu,EVET
ORMA,1565159,2025,Yıllık,2026-03-03 18:21:40,Katılım Finansı İlkeleri Bilgi Formu,EVET
OSTIM,1567767,2025,Yıllık,2026-03-06 20:07:29,Katılım Finansı İlkeleri Bilgi Formu,EVET
OSTIM,1476976,2025,6 Aylık,2025-08-12 18:11:44,Katılım Finansı İlkeleri Bilgi Formu,EVET
OTKAR,1642342,2026,6 Aylık,2026-08-03 18:26:11,Katılım Finansı İlkeleri Bilgi Formu,EVET
OTKAR,1555495,2025,Yıllık,2026-02-10 18:15:17,Katılım Finansı İlkeleri Bilgi Formu,EVET
OYAKC,1644703,2026,6 Aylık,2026-08-06 19:19:34,Katılım Finansı İlkeleri Bilgi Formu,EVET
OYAKC,1563132,2025,Yıllık,2026-02-27 20:34:44,Katılım Finansı İlkeleri Bilgi Formu,EVET
OYAKC,1474149,2025,6 Aylık,2025-08-07 19:41:10,Katılım Finansı İlkeleri Bilgi Formu,EVET
OYLUM,1564214,2025,Yıllık,2026-03-02 19:27:28,Katılım Finansı İlkeleri Bilgi Formu,EVET
OYLUM,1475948,2025,6 Aylık,2025-08-11 18:14:04,Katılım Finansı İlkeleri Bilgi Formu,EVET
OZATD,1590997,2025,Yıllık,2026-04-10 18:30:59,Katılım Finansı İlkeleri Bilgi Formu,EVET
OZATD,1564721,2025,Yıllık,2026-03-02 23:52:20,Katılım Finansı İlkeleri Bilgi Formu,EVET
OZATD,1479545,2025,6 Aylık,2025-08-16 01:45:56,Katılım Finansı İlkeleri Bilgi Formu,EVET
OZGYO,1589588,2025,Yıllık,2026-04-08 22:06:32,Katılım Finansı İlkeleri Bilgi Formu,EVET
OZGYO,1566583,2025,Yıllık,2026-03-05 18:25:41,Katılım Finansı İlkeleri Bilgi Formu,EVET
OZGYO,1488114,2025,6 Aylık,2025-09-08 19:29:44,Katılım Finansı İlkeleri Bilgi Formu,EVET
OZGYO,1479271,2025,6 Aylık,2025-08-15 18:15:44,Katılım Finansı İlkeleri Bilgi Formu,EVET
OZKGY,1577661,2025,Yıllık,2026-03-27 18:10:07,Katılım Finansı İlkeleri Bilgi Formu,EVET
OZKGY,1480615,2025,6 Aylık,2025-08-19 18:10:06,Katılım Finansı İlkeleri Bilgi Formu,EVET
OZRDN,1574841,2025,Yıllık,2026-03-23 18:49:01,Katılım Finansı İlkeleri Bilgi Formu,EVET
OZRDN,1569048,2025,Yıllık,2026-03-09 19:21:05,Katılım Finansı İlkeleri Bilgi Formu,EVET
OZRDN,1480052,2025,6 Aylık,2025-08-18 18:36:21,Katılım Finansı İlkeleri Bilgi Formu,EVET
OZSUB,1568946,2025,Yıllık,2026-03-09 18:15:55,Katılım Finansı İlkeleri Bilgi Formu,EVET
OZSUB,1479301,2025,6 Aylık,2025-08-15 18:20:40,Katılım Finansı İlkeleri Bilgi Formu,EVET
OZYSR,1563083,2025,Yıllık,2026-02-27 19:59:45,Katılım Finansı İlkeleri Bilgi Formu,EVET
OZYSR,1486215,2025,6 Aylık,2025-09-03 21:36:55,Katılım Finansı İlkeleri Bilgi Formu,EVET
OZYSR,1477129,2025,6 Aylık,2025-08-12 20:32:33,Katılım Finansı İlkeleri Bilgi Formu,EVET
PAGYO,1569909,2025,Yıllık,2026-03-10 18:45:34,Katılım Finansı İlkeleri Bilgi Formu,EVET
PAGYO,1480072,2025,6 Aylık,2025-08-18 18:42:08,Katılım Finansı İlkeleri Bilgi Formu,EVET
PAHOL,1643839,2026,6 Aylık,2026-08-05 18:24:52,Katılım Finansı İlkeleri Bilgi Formu,EVET
PAHOL,1565352,2025,Yıllık,2026-03-03 23:15:33,Katılım Finansı İlkeleri Bilgi Formu,EVET
PAMEL,1571271,2025,Yıllık,2026-03-11 23:06:44,Katılım Finansı İlkeleri Bilgi Formu,EVET
PAMEL,1477871,2025,6 Aylık,2025-08-13 19:05:04,Katılım Finansı İlkeleri Bilgi Formu,EVET
PAPIL,1571931,2025,Yıllık,2026-03-12 18:13:57,Katılım Finansı İlkeleri Bilgi Formu,EVET
PAPIL,1481041,2025,6 Aylık,2025-08-19 20:42:26,Katılım Finansı İlkeleri Bilgi Formu,EVET
PARSN,1565258,2025,Yıllık,2026-03-03 19:56:46,Katılım Finansı İlkeleri Bilgi Formu,EVET
PARSN,1482525,2025,6 Aylık,2025-08-25 20:04:40,Katılım Finansı İlkeleri Bilgi Formu,EVET
PASEU,1639771,2026,6 Aylık,2026-07-30 18:35:42,Katılım Finansı İlkeleri Bilgi Formu,EVET
PASEU,1561145,2025,Yıllık,2026-02-24 22:20:26,Katılım Finansı İlkeleri Bilgi Formu,EVET
PASEU,1481399,2025,6 Aylık,2025-08-20 18:12:36,Katılım Finansı İlkeleri Bilgi Formu,EVET
PATEK,1564654,2025,Yıllık,2026-03-02 23:15:12,Katılım Finansı İlkeleri Bilgi Formu,EVET
PATEK,1486609,2025,6 Aylık,2025-09-04 21:15:38,Katılım Finansı İlkeleri Bilgi Formu,EVET
PCILT,1572016,2025,Yıllık,2026-03-12 19:26:09,Katılım Finansı İlkeleri Bilgi Formu,EVET
PCILT,1490080,2025,6 Aylık,2025-09-16 01:00:59,Katılım Finansı İlkeleri Bilgi Formu,EVET
PEKGY,1583922,2025,Yıllık,2026-04-03 18:10:22,Katılım Finansı İlkeleri Bilgi Formu,EVET
PEKGY,1574193,2025,Yıllık,2026-03-18 18:58:26,Katılım Finansı İlkeleri Bilgi Formu,EVET
PEKGY,1474003,2025,6 Aylık,2025-08-07 18:10:06,Katılım Finansı İlkeleri Bilgi Formu,EVET
PENGD,1589481,2025,Yıllık,2026-04-08 20:23:00,Katılım Finansı İlkeleri Bilgi Formu,EVET
PENGD,1571333,2025,Yıllık,2026-03-11 23:36:56,Katılım Finansı İlkeleri Bilgi Formu,EVET
PENGD,1481806,2025,6 Aylık,2025-08-21 20:02:53,Katılım Finansı İlkeleri Bilgi Formu,EVET
PENTA,1567881,2025,Yıllık,2026-03-07 12:02:18,Katılım Finansı İlkeleri Bilgi Formu,EVET
PENTA,1480763,2025,6 Aylık,2025-08-19 18:24:57,Katılım Finansı İlkeleri Bilgi Formu,EVET
PETKM,1644695,2026,6 Aylık,2026-08-06 19:10:12,Katılım Finansı İlkeleri Bilgi Formu,EVET
PETKM,1567676,2025,Yıllık,2026-03-06 18:41:21,Katılım Finansı İlkeleri Bilgi Formu,EVET
PETKM,1475342,2025,6 Aylık,2025-08-08 20:45:50,Katılım Finansı İlkeleri Bilgi Formu,EVET
PETUN,1563302,2025,Yıllık,2026-03-01 20:29:45,Katılım Finansı İlkeleri Bilgi Formu,EVET
PETUN,1475364,2025,6 Aylık,2025-08-08 21:08:36,Katılım Finansı İlkeleri Bilgi Formu,EVET
PGSUS,1566505,2025,Yıllık,2026-03-05 18:20:05,Katılım Finansı İlkeleri Bilgi Formu,EVET
PGSUS,1477888,2025,6 Aylık,2025-08-13 20:02:51,Katılım Finansı İlkeleri Bilgi Formu,EVET
PINSU,1558001,2025,Yıllık,2026-02-17 22:51:39,Katılım Finansı İlkeleri Bilgi Formu,EVET
PINSU,1475169,2025,6 Aylık,2025-08-08 18:35:48,Katılım Finansı İlkeleri Bilgi Formu,EVET
PKART,1558521,2025,Yıllık,2026-02-18 18:24:23,Katılım Finansı İlkeleri Bilgi Formu,EVET
PKART,1479329,2025,6 Aylık,2025-08-15 18:28:07,Katılım Finansı İlkeleri Bilgi Formu,EVET
PLTUR,1571983,2025,Yıllık,2026-03-12 18:42:12,Katılım Finansı İlkeleri Bilgi Formu,EVET
PLTUR,1480853,2025,6 Aylık,2025-08-19 18:43:10,Katılım Finansı İlkeleri Bilgi Formu,EVET
PNLSN,1590283,2025,Yıllık,2026-04-09 18:10:26,Katılım Finansı İlkeleri Bilgi Formu,EVET
PNLSN,1589712,2025,Yıllık,2026-04-08 22:56:30,Katılım Finansı İlkeleri Bilgi Formu,EVET
PNLSN,1561504,2025,Yıllık,2026-02-25 18:12:49,Katılım Finansı İlkeleri Bilgi Formu,EVET
PNLSN,1486639,2025,6 Aylık,2025-09-04 23:18:28,Katılım Finansı İlkeleri Bilgi Formu,EVET
PNLSN,1477986,2025,6 Aylık,2025-08-13 21:17:13,Katılım Finansı İlkeleri Bilgi Formu,EVET
PNLSN,1475001,2025,6 Aylık,2025-08-08 18:10:39,Katılım Finansı İlkeleri Bilgi Formu,EVET
PNSUT,1563313,2025,Yıllık,2026-03-01 22:46:32,Katılım Finansı İlkeleri Bilgi Formu,EVET
PNSUT,1475416,2025,6 Aylık,2025-08-08 23:37:28,Katılım Finansı İlkeleri Bilgi Formu,EVET
POLHO,1568988,2025,Yıllık,2026-03-09 18:35:11,Katılım Finansı İlkeleri Bilgi Formu,EVET
POLHO,1489170,2025,6 Aylık,2025-09-11 20:00:30,Katılım Finansı İlkeleri Bilgi Formu,EVET
POLHO,1479401,2025,6 Aylık,2025-08-15 19:13:46,Katılım Finansı İlkeleri Bilgi Formu,EVET
PRDGS,1563865,2025,Yıllık,2026-03-02 18:10:21,Katılım Finansı İlkeleri Bilgi Formu,EVET
PRKAB,1644814,2026,6 Aylık,2026-08-06 21:32:32,Katılım Finansı İlkeleri Bilgi Formu,EVET
PRKAB,1570028,2025,Yıllık,2026-03-10 20:05:30,Katılım Finansı İlkeleri Bilgi Formu,EVET
PRKAB,1488718,2025,6 Aylık,2025-09-10 18:16:27,Katılım Finansı İlkeleri Bilgi Formu,EVET
PRKAB,1480348,2025,6 Aylık,2025-08-19 01:23:01,Katılım Finansı İlkeleri Bilgi Formu,EVET
PRKME,1569998,2025,Yıllık,2026-03-10 19:42:11,Katılım Finansı İlkeleri Bilgi Formu,EVET
PRKME,1479446,2025,6 Aylık,2025-08-15 20:08:59,Katılım Finansı İlkeleri Bilgi Formu,EVET
PRZMA,1553138,2025,Yıllık,2026-02-05 18:25:57,Katılım Finansı İlkeleri Bilgi Formu,EVET
PRZMA,1475124,2025,6 Aylık,2025-08-08 18:21:45,Katılım Finansı İlkeleri Bilgi Formu,EVET
PSDTC,1639725,2026,6 Aylık,2026-07-30 18:11:26,Katılım Finansı İlkeleri Bilgi Formu,EVET
PSDTC,1555493,2025,Yıllık,2026-02-10 18:14:39,Katılım Finansı İlkeleri Bilgi Formu,EVET
PSGYO,1636705,2026,6 Aylık,2026-07-24 20:33:52,Katılım Finansı İlkeleri Bilgi Formu,EVET
PSGYO,1563329,2025,Yıllık,2026-03-02 01:18:44,Katılım Finansı İlkeleri Bilgi Formu,EVET
PSGYO,1479512,2025,6 Aylık,2025-08-15 22:25:44,Katılım Finansı İlkeleri Bilgi Formu,EVET
QUAGR,1576686,2025,Yıllık,2026-03-26 18:41:07,Katılım Finansı İlkeleri Bilgi Formu,EVET
QUAGR,1570716,2025,Yıllık,2026-03-11 18:35:39,Katılım Finansı İlkeleri Bilgi Formu,EVET
QUAGR,1480839,2025,6 Aylık,2025-08-19 18:37:39,Katılım Finansı İlkeleri Bilgi Formu,EVET
RALYH,1573132,2025,Yıllık,2026-03-16 18:10:57,Katılım Finansı İlkeleri Bilgi Formu,EVET
RALYH,1567640,2025,Yıllık,2026-03-06 18:19:02,Katılım Finansı İlkeleri Bilgi Formu,EVET
RALYH,1480677,2025,6 Aylık,2025-08-19 18:14:00,Katılım Finansı İlkeleri Bilgi Formu,EVET
REEDR,1602685,2025,Yıllık,2026-05-07 18:22:52,Katılım Finansı İlkeleri Bilgi Formu,EVET
REEDR,1481485,2025,6 Aylık,2025-08-20 19:37:32,Katılım Finansı İlkeleri Bilgi Formu,EVET
RGYAS,1572683,2025,Yıllık,2026-03-13 22:21:06,Katılım Finansı İlkeleri Bilgi Formu,EVET
RGYAS,1562143,2025,Yıllık,2026-02-26 19:07:34,Katılım Finansı İlkeleri Bilgi Formu,EVET
RGYAS,1486187,2025,6 Aylık,2025-09-03 18:45:56,Katılım Finansı İlkeleri Bilgi Formu,EVET
RGYAS,1478619,2025,6 Aylık,2025-08-14 18:56:50,Katılım Finansı İlkeleri Bilgi Formu,EVET
RNPOL,1574179,2025,Yıllık,2026-03-18 18:40:34,Katılım Finansı İlkeleri Bilgi Formu,EVET
RNPOL,1573285,2025,Yıllık,2026-03-17 06:03:22,Katılım Finansı İlkeleri Bilgi Formu,EVET
RNPOL,1568972,2025,Yıllık,2026-03-09 18:30:47,Katılım Finansı İlkeleri Bilgi Formu,EVET
RNPOL,1490069,2025,6 Aylık,2025-09-15 19:59:15,Katılım Finansı İlkeleri Bilgi Formu,EVET
RNPOL,1480164,2025,6 Aylık,2025-08-18 19:29:24,Katılım Finansı İlkeleri Bilgi Formu,EVET
RODRG,1643209,2026,6 Aylık,2026-08-04 21:13:18,Katılım Finansı İlkeleri Bilgi Formu,EVET
RODRG,1579700,2025,Yıllık,2026-03-30 23:17:35,Katılım Finansı İlkeleri Bilgi Formu,EVET
RODRG,1570055,2025,Yıllık,2026-03-10 20:38:16,Katılım Finansı İlkeleri Bilgi Formu,EVET
RODRG,1477161,2025,6 Aylık,2025-08-12 21:37:41,Katılım Finansı İlkeleri Bilgi Formu,EVET
RTALB,1562007,2025,Yıllık,2026-02-26 18:10:41,Katılım Finansı İlkeleri Bilgi Formu,EVET
RTALB,1475889,2025,6 Aylık,2025-08-11 18:10:52,Katılım Finansı İlkeleri Bilgi Formu,EVET
RUBNS,1562954,2025,Yıllık,2026-02-27 18:42:51,Katılım Finansı İlkeleri Bilgi Formu,EVET
RUBNS,1553136,2025,Yıllık,2026-02-05 18:22:41,Katılım Finansı İlkeleri Bilgi Formu,EVET
RUBNS,1488401,2025,6 Aylık,2025-09-09 18:16:38,Katılım Finansı İlkeleri Bilgi Formu,EVET
RUBNS,1476005,2025,6 Aylık,2025-08-11 18:20:26,Katılım Finansı İlkeleri Bilgi Formu,EVET
RUZYE,1570007,2025,Yıllık,2026-03-10 19:52:07,Katılım Finansı İlkeleri Bilgi Formu,EVET
RUZYE,1480113,2025,6 Aylık,2025-08-18 19:02:55,Katılım Finansı İlkeleri Bilgi Formu,EVET
RYGYO,1582996,2025,Yıllık,2026-04-02 18:24:40,Katılım Finansı İlkeleri Bilgi Formu,EVET
RYGYO,1480681,2025,6 Aylık,2025-08-19 18:14:28,Katılım Finansı İlkeleri Bilgi Formu,EVET
RYSAS,1582992,2025,Yıllık,2026-04-02 18:22:43,Katılım Finansı İlkeleri Bilgi Formu,EVET
RYSAS,1480656,2025,6 Aylık,2025-08-19 18:11:58,Katılım Finansı İlkeleri Bilgi Formu,EVET
SAFKR,1573693,2025,Yıllık,2026-03-18 07:58:54,Katılım Finansı İlkeleri Bilgi Formu,EVET
SAFKR,1567740,2025,Yıllık,2026-03-06 19:38:53,Katılım Finansı İlkeleri Bilgi Formu,EVET
SAFKR,1485733,2025,6 Aylık,2025-09-02 19:19:33,Katılım Finansı İlkeleri Bilgi Formu,EVET
SAFKR,1479366,2025,6 Aylık,2025-08-15 18:43:01,Katılım Finansı İlkeleri Bilgi Formu,EVET
SAHOL,1566806,2025,Yıllık,2026-03-06 07:10:18,Katılım Finansı İlkeleri Bilgi Formu,EVET
SAHOL,1477843,2025,6 Aylık,2025-08-13 18:52:26,Katılım Finansı İlkeleri Bilgi Formu,EVET
SAMAT,1583204,2025,Yıllık,2026-04-03 00:17:49,Katılım Finansı İlkeleri Bilgi Formu,EVET
SAMAT,1491064,2025,6 Aylık,2025-09-19 02:47:40,Katılım Finansı İlkeleri Bilgi Formu,EVET
SAMAT,1488834,2025,6 Aylık,2025-09-11 01:58:10,Katılım Finansı İlkeleri Bilgi Formu,EVET
SANEL,1583203,2025,Yıllık,2026-04-02 23:45:37,Katılım Finansı İlkeleri Bilgi Formu,EVET
SANEL,1491063,2025,6 Aylık,2025-09-19 02:37:27,Katılım Finansı İlkeleri Bilgi Formu,EVET
SANEL,1488832,2025,6 Aylık,2025-09-11 01:08:09,Katılım Finansı İlkeleri Bilgi Formu,EVET
SANFM,1569083,2025,Yıllık,2026-03-09 20:14:00,Katılım Finansı İlkeleri Bilgi Formu,EVET
SANFM,1561026,2025,Yıllık,2026-02-24 18:18:43,Katılım Finansı İlkeleri Bilgi Formu,EVET
SANKO,1642968,2026,6 Aylık,2026-08-04 18:12:22,Katılım Finansı İlkeleri Bilgi Formu,EVET
SANKO,1562839,2025,Yıllık,2026-02-27 18:14:18,Katılım Finansı İlkeleri Bilgi Formu,EVET
SANKO,1475194,2025,6 Aylık,2025-08-08 18:50:03,Katılım Finansı İlkeleri Bilgi Formu,EVET
SARKY,1580838,2025,Yıllık,2026-03-31 18:15:02,Katılım Finansı İlkeleri Bilgi Formu,EVET
SARKY,1570731,2025,Yıllık,2026-03-11 18:37:30,Katılım Finansı İlkeleri Bilgi Formu,EVET
SARKY,1480261,2025,6 Aylık,2025-08-18 20:49:54,Katılım Finansı İlkeleri Bilgi Formu,EVET
SASA,1593481,2025,Yıllık,2026-04-14 22:47:45,Katılım Finansı İlkeleri Bilgi Formu,EVET
SASA,1480667,2025,6 Aylık,2025-08-19 18:12:51,Katılım Finansı İlkeleri Bilgi Formu,EVET
SAYAS,1643832,2026,6 Aylık,2026-08-05 18:21:23,Katılım Finansı İlkeleri Bilgi Formu,EVET
SAYAS,1567634,2025,Yıllık,2026-03-06 18:17:40,Katılım Finansı İlkeleri Bilgi Formu,EVET
SAYAS,1477727,2025,6 Aylık,2025-08-13 18:24:22,Katılım Finansı İlkeleri Bilgi Formu,EVET
SDTTR,1569922,2025,Yıllık,2026-03-10 18:54:18,Katılım Finansı İlkeleri Bilgi Formu,EVET
SDTTR,1481072,2025,6 Aylık,2025-08-19 21:26:21,Katılım Finansı İlkeleri Bilgi Formu,EVET
SEGMN,1567730,2025,Yıllık,2026-03-06 19:26:35,Katılım Finansı İlkeleri Bilgi Formu,EVET
SEGMN,1480931,2025,6 Aylık,2025-08-19 19:08:24,Katılım Finansı İlkeleri Bilgi Formu,EVET
SEGYO,1573650,2025,Yıllık,2026-03-17 19:04:03,Katılım Finansı İlkeleri Bilgi Formu,EVET
SEGYO,1480824,2025,6 Aylık,2025-08-19 18:35:21,Katılım Finansı İlkeleri Bilgi Formu,EVET
SEKUR,1571930,2025,Yıllık,2026-03-12 18:13:41,Katılım Finansı İlkeleri Bilgi Formu,EVET
SEKUR,1486535,2025,6 Aylık,2025-09-04 18:12:43,Katılım Finansı İlkeleri Bilgi Formu,EVET
SEKUR,1479944,2025,6 Aylık,2025-08-18 18:12:39,Katılım Finansı İlkeleri Bilgi Formu,EVET
SELEC,1558541,2025,Yıllık,2026-02-18 18:42:56,Katılım Finansı İlkeleri Bilgi Formu,EVET
SELEC,1481436,2025,6 Aylık,2025-08-20 18:26:48,Katılım Finansı İlkeleri Bilgi Formu,EVET
SELVA,1564015,2025,Yıllık,2026-03-02 18:27:39,Katılım Finansı İlkeleri Bilgi Formu,EVET
SELVA,1480797,2025,6 Aylık,2025-08-19 18:29:49,Katılım Finansı İlkeleri Bilgi Formu,EVET
SERNT,1571911,2025,Yıllık,2026-03-12 18:10:28,Katılım Finansı İlkeleri Bilgi Formu,EVET
SERNT,1481433,2025,6 Aylık,2025-08-20 18:24:24,Katılım Finansı İlkeleri Bilgi Formu,EVET
SEYKM,1567582,2025,Yıllık,2026-03-06 18:11:09,Katılım Finansı İlkeleri Bilgi Formu,EVET
SEYKM,1476970,2025,6 Aylık,2025-08-12 18:11:23,Katılım Finansı İlkeleri Bilgi Formu,EVET
SILVR,1564334,2025,Yıllık,2026-03-02 20:43:57,Katılım Finansı İlkeleri Bilgi Formu,EVET
SILVR,1476239,2025,6 Aylık,2025-08-11 19:43:17,Katılım Finansı İlkeleri Bilgi Formu,EVET
SISE,1557066,2025,Yıllık,2026-02-16 18:54:18,Katılım Finansı İlkeleri Bilgi Formu,EVET
SISE,1480055,2025,6 Aylık,2025-08-18 18:36:57,Katılım Finansı İlkeleri Bilgi Formu,EVET
SKTAS,1558536,2025,Yıllık,2026-02-18 18:35:19,Katılım Finansı İlkeleri Bilgi Formu,EVET
SKTAS,1481055,2025,6 Aylık,2025-08-19 21:07:06,Katılım Finansı İlkeleri Bilgi Formu,EVET
SKYLP,1571914,2025,Yıllık,2026-03-12 18:11:08,Katılım Finansı İlkeleri Bilgi Formu,EVET
SKYLP,1481752,2025,6 Aylık,2025-08-21 18:12:24,Katılım Finansı İlkeleri Bilgi Formu,EVET
SMART,1558629,2025,Yıllık,2026-02-18 21:18:19,Katılım Finansı İlkeleri Bilgi Formu,EVET
SMART,1480778,2025,6 Aylık,2025-08-19 18:27:26,Katılım Finansı İlkeleri Bilgi Formu,EVET
SMRTG,1568942,2025,Yıllık,2026-03-09 18:15:19,Katılım Finansı İlkeleri Bilgi Formu,EVET
SMRTG,1480053,2025,6 Aylık,2025-08-18 18:36:23,Katılım Finansı İlkeleri Bilgi Formu,EVET
SNGYO,1571910,2025,Yıllık,2026-03-12 18:10:18,Katılım Finansı İlkeleri Bilgi Formu,EVET
SNGYO,1479499,2025,6 Aylık,2025-08-15 21:46:23,Katılım Finansı İlkeleri Bilgi Formu,EVET
SNICA,1565193,2025,Yıllık,2026-03-03 18:35:58,Katılım Finansı İlkeleri Bilgi Formu,EVET
SNICA,1476986,2025,6 Aylık,2025-08-12 18:13:12,Katılım Finansı İlkeleri Bilgi Formu,EVET
SNPAM,1590296,2025,Yıllık,2026-04-09 18:13:14,Katılım Finansı İlkeleri Bilgi Formu,EVET
SNPAM,1565146,2025,Yıllık,2026-03-03 18:14:03,Katılım Finansı İlkeleri Bilgi Formu,EVET
SNPAM,1477013,2025,6 Aylık,2025-08-12 18:22:27,Katılım Finansı İlkeleri Bilgi Formu,EVET
SODSN,1638947,2026,6 Aylık,2026-07-29 18:36:18,Katılım Finansı İlkeleri Bilgi Formu,EVET
SODSN,1564059,2025,Yıllık,2026-03-02 18:34:05,Katılım Finansı İlkeleri Bilgi Formu,EVET
SOKE,1596961,2025,Yıllık,2026-04-23 23:18:47,Katılım Finansı İlkeleri Bilgi Formu,EVET
SOKE,1487267,2025,6 Aylık,2025-09-05 19:11:57,Katılım Finansı İlkeleri Bilgi Formu,EVET
SOKE,1481511,2025,6 Aylık,2025-08-20 21:23:32,Katılım Finansı İlkeleri Bilgi Formu,EVET
SOKM,1569269,2025,Yıllık,2026-03-10 00:19:23,Katılım Finansı İlkeleri Bilgi Formu,EVET
SOKM,1478578,2025,6 Aylık,2025-08-14 18:33:58,Katılım Finansı İlkeleri Bilgi Formu,EVET
SONME,1565153,2025,Yıllık,2026-03-03 18:15:00,Katılım Finansı İlkeleri Bilgi Formu,EVET
SONME,1477010,2025,6 Aylık,2025-08-12 18:22:02,Katılım Finansı İlkeleri Bilgi Formu,EVET
SRVGY,1571068,2025,Yıllık,2026-03-11 21:24:55,Katılım Finansı İlkeleri Bilgi Formu,EVET
SRVGY,1491027,2025,6 Aylık,2025-09-18 18:36:25,Katılım Finansı İlkeleri Bilgi Formu,EVET
SRVGY,1480928,2025,6 Aylık,2025-08-19 19:07:40,Katılım Finansı İlkeleri Bilgi Formu,EVET
SUMAS,1639760,2026,6 Aylık,2026-07-30 18:21:15,Katılım Finansı İlkeleri Bilgi Formu,EVET
SUMAS,1594915,2025,Yıllık,2026-04-17 18:11:21,Katılım Finansı İlkeleri Bilgi Formu,EVET
SUMAS,1561543,2025,Yıllık,2026-02-25 18:20:58,Katılım Finansı İlkeleri Bilgi Formu,EVET
SUNTK,1571131,2025,Yıllık,2026-03-11 21:45:29,Katılım Finansı İlkeleri Bilgi Formu,EVET
SUNTK,1486603,2025,6 Aylık,2025-09-04 20:25:11,Katılım Finansı İlkeleri Bilgi Formu,EVET
SUNTK,1479582,2025,6 Aylık,2025-08-18 08:15:17,Katılım Finansı İlkeleri Bilgi Formu,EVET
SURGY,1591054,2025,Yıllık,2026-04-10 19:53:16,Katılım Finansı İlkeleri Bilgi Formu,EVET
SURGY,1564053,2025,Yıllık,2026-03-02 18:33:11,Katılım Finansı İlkeleri Bilgi Formu,EVET
SURGY,1476327,2025,6 Aylık,2025-08-11 20:46:06,Katılım Finansı İlkeleri Bilgi Formu,EVET
SUWEN,1564074,2025,Yıllık,2026-03-02 18:35:33,Katılım Finansı İlkeleri Bilgi Formu,EVET
SUWEN,1478667,2025,6 Aylık,2025-08-14 19:10:16,Katılım Finansı İlkeleri Bilgi Formu,EVET
SVGYO,1645578,2026,6 Aylık,2026-08-07 18:27:40,Katılım Finansı İlkeleri Bilgi Formu,EVET
TABGD,1644006,2026,6 Aylık,2026-08-05 22:23:56,Katılım Finansı İlkeleri Bilgi Formu,EVET
TABGD,1563172,2025,Yıllık,2026-02-27 21:13:02,Katılım Finansı İlkeleri Bilgi Formu,EVET
TABGD,1477159,2025,6 Aylık,2025-08-12 21:00:05,Katılım Finansı İlkeleri Bilgi Formu,EVET
TARKM,1565156,2025,Yıllık,2026-03-03 18:18:28,Katılım Finansı İlkeleri Bilgi Formu,EVET
TARKM,1482807,2025,6 Aylık,2025-08-26 18:19:45,Katılım Finansı İlkeleri Bilgi Formu,EVET
TARKM,1476051,2025,6 Aylık,2025-08-11 18:30:29,Katılım Finansı İlkeleri Bilgi Formu,EVET
TATEN,1568958,2025,Yıllık,2026-03-09 18:20:15,Katılım Finansı İlkeleri Bilgi Formu,EVET
TATEN,1480645,2025,6 Aylık,2025-08-19 18:11:26,Katılım Finansı İlkeleri Bilgi Formu,EVET
TATGD,1643204,2026,6 Aylık,2026-08-04 20:16:26,Katılım Finansı İlkeleri Bilgi Formu,EVET
TATGD,1641567,2026,6 Aylık,2026-07-31 18:47:36,Katılım Finansı İlkeleri Bilgi Formu,EVET
TATGD,1559861,2025,Yıllık,2026-02-20 18:12:36,Katılım Finansı İlkeleri Bilgi Formu,EVET
TATGD,1476972,2025,6 Aylık,2025-08-12 18:11:31,Katılım Finansı İlkeleri Bilgi Formu,EVET
TAVHL,1638897,2026,6 Aylık,2026-07-29 18:24:25,Katılım Finansı İlkeleri Bilgi Formu,EVET
TAVHL,1558517,2025,Yıllık,2026-02-18 18:22:28,Katılım Finansı İlkeleri Bilgi Formu,EVET
TBORG,1571391,2025,Yıllık,2026-03-11 23:57:06,Katılım Finansı İlkeleri Bilgi Formu,EVET
TBORG,1480085,2025,6 Aylık,2025-08-18 18:50:43,Katılım Finansı İlkeleri Bilgi Formu,EVET
TCKRC,1570504,2025,Yıllık,2026-03-11 18:12:04,Katılım Finansı İlkeleri Bilgi Formu,EVET
TCKRC,1480697,2025,6 Aylık,2025-08-19 18:15:52,Katılım Finansı İlkeleri Bilgi Formu,EVET
TDGYO,1565176,2025,Yıllık,2026-03-03 18:29:52,Katılım Finansı İlkeleri Bilgi Formu,EVET
TDGYO,1476008,2025,6 Aylık,2025-08-11 18:21:16,Katılım Finansı İlkeleri Bilgi Formu,EVET
TEHOL,1592529,2025,Yıllık,2026-04-13 19:46:59,Katılım Finansı İlkeleri Bilgi Formu,EVET
TEHOL,1574216,2025,Yıllık,2026-03-18 19:31:46,Katılım Finansı İlkeleri Bilgi Formu,EVET
TEHOL,1484678,2025,6 Aylık,2025-09-01 20:12:05,Katılım Finansı İlkeleri Bilgi Formu,EVET
TEHOL,1477162,2025,6 Aylık,2025-08-12 21:41:40,Katılım Finansı İlkeleri Bilgi Formu,EVET
TEKTU,1569782,2025,Yıllık,2026-03-10 18:17:21,Katılım Finansı İlkeleri Bilgi Formu,EVET
TEKTU,1481767,2025,6 Aylık,2025-08-21 18:16:23,Katılım Finansı İlkeleri Bilgi Formu,EVET
TEZOL,1569189,2025,Yıllık,2026-03-09 22:11:02,Katılım Finansı İlkeleri Bilgi Formu,EVET
TEZOL,1488809,2025,6 Aylık,2025-09-10 19:47:28,Katılım Finansı İlkeleri Bilgi Formu,EVET
TEZOL,1480347,2025,6 Aylık,2025-08-19 00:15:14,Katılım Finansı İlkeleri Bilgi Formu,EVET
TGSAS,1572132,2025,Yıllık,2026-03-13 07:32:20,Katılım Finansı İlkeleri Bilgi Formu,EVET
TGSAS,1481536,2025,6 Aylık,2025-08-21 08:11:15,Katılım Finansı İlkeleri Bilgi Formu,EVET
THYAO,1643241,2026,6 Aylık,2026-08-05 08:01:05,Katılım Finansı İlkeleri Bilgi Formu,EVET
THYAO,1566002,2025,Yıllık,2026-03-04 18:57:54,Katılım Finansı İlkeleri Bilgi Formu,EVET
THYAO,1472632,2025,6 Aylık,2025-08-05 19:16:18,Katılım Finansı İlkeleri Bilgi Formu,EVET
TKFEN,1579569,2025,Yıllık,2026-03-30 22:19:30,Katılım Finansı İlkeleri Bilgi Formu,EVET
TKNSA,1644813,2026,6 Aylık,2026-08-06 21:32:19,Katılım Finansı İlkeleri Bilgi Formu,EVET
TKNSA,1561139,2025,Yıllık,2026-02-24 21:38:02,Katılım Finansı İlkeleri Bilgi Formu,EVET
TKNSA,1486171,2025,6 Aylık,2025-09-03 18:23:41,Katılım Finansı İlkeleri Bilgi Formu,EVET
TLMAN,1564666,2025,Yıllık,2026-03-02 23:23:01,Katılım Finansı İlkeleri Bilgi Formu,EVET
TLMAN,1480187,2025,6 Aylık,2025-08-18 19:46:29,Katılım Finansı İlkeleri Bilgi Formu,EVET
TMPOL,1571929,2025,Yıllık,2026-03-12 18:13:30,Katılım Finansı İlkeleri Bilgi Formu,EVET
TMPOL,1475942,2025,6 Aylık,2025-08-11 18:13:44,Katılım Finansı İlkeleri Bilgi Formu,EVET
TMSN,1572082,2025,Yıllık,2026-03-12 20:33:54,Katılım Finansı İlkeleri Bilgi Formu,EVET
TMSN,1480843,2025,6 Aylık,2025-08-19 18:40:59,Katılım Finansı İlkeleri Bilgi Formu,EVET
TNZTP,1570163,2025,Yıllık,2026-03-11 03:13:59,Katılım Finansı İlkeleri Bilgi Formu,EVET
TNZTP,1488437,2025,6 Aylık,2025-09-09 19:33:48,Katılım Finansı İlkeleri Bilgi Formu,EVET
TNZTP,1478626,2025,6 Aylık,2025-08-14 19:00:19,Katılım Finansı İlkeleri Bilgi Formu,EVET
TOASO,1639762,2026,6 Aylık,2026-07-30 18:22:00,Katılım Finansı İlkeleri Bilgi Formu,EVET
TOASO,1602096,2026,3 Aylık,2026-05-06 19:06:30,Katılım Finansı İlkeleri Bilgi Formu,EVET
TOASO,1555549,2025,Yıllık,2026-02-10 18:53:30,Katılım Finansı İlkeleri Bilgi Formu,EVET
TRALT,1564087,2025,Yıllık,2026-03-02 18:40:59,Katılım Finansı İlkeleri Bilgi Formu,EVET
TRALT,1476978,2025,6 Aylık,2025-08-12 18:12:03,Katılım Finansı İlkeleri Bilgi Formu,EVET
TRCAS,1571094,2025,Yıllık,2026-03-11 21:35:07,Katılım Finansı İlkeleri Bilgi Formu,EVET
TRCAS,1476208,2025,6 Aylık,2025-08-11 19:21:11,Katılım Finansı İlkeleri Bilgi Formu,EVET
TRENJ,1569832,2025,Yıllık,2026-03-10 18:22:00,Katılım Finansı İlkeleri Bilgi Formu,EVET
TRENJ,1480634,2025,6 Aylık,2025-08-19 18:10:58,Katılım Finansı İlkeleri Bilgi Formu,EVET
TRGYO,1571932,2025,Yıllık,2026-03-12 18:14:12,Katılım Finansı İlkeleri Bilgi Formu,EVET
TRGYO,1479924,2025,6 Aylık,2025-08-18 18:10:38,Katılım Finansı İlkeleri Bilgi Formu,EVET
TRHOL,1491913,2025,6 Aylık,2025-09-22 19:37:07,Katılım Finansı İlkeleri Bilgi Formu,EVET
TRHOL,1488710,2025,6 Aylık,2025-09-10 18:13:23,Katılım Finansı İlkeleri Bilgi Formu,EVET
TRHOL,1488430,2025,6 Aylık,2025-09-09 19:13:19,Katılım Finansı İlkeleri Bilgi Formu,EVET
TRHOL,1484677,2025,6 Aylık,2025-09-01 20:11:49,Katılım Finansı İlkeleri Bilgi Formu,EVET
TRHOL,1484015,2025,6 Aylık,2025-08-29 19:38:29,Katılım Finansı İlkeleri Bilgi Formu,EVET
TRILC,1562278,2025,Yıllık,2026-02-26 22:07:38,Katılım Finansı İlkeleri Bilgi Formu,EVET
TRILC,1480282,2025,6 Aylık,2025-08-18 21:29:56,Katılım Finansı İlkeleri Bilgi Formu,EVET
TRMET,1569827,2025,Yıllık,2026-03-10 18:21:46,Katılım Finansı İlkeleri Bilgi Formu,EVET
TRMET,1480653,2025,6 Aylık,2025-08-19 18:11:51,Katılım Finansı İlkeleri Bilgi Formu,EVET
TSGYO,1638960,2026,6 Aylık,2026-07-29 18:51:45,Katılım Finansı İlkeleri Bilgi Formu,EVET
TSGYO,1550741,2025,Yıllık,2026-01-30 20:43:36,Katılım Finansı İlkeleri Bilgi Formu,EVET
TSPOR,1574426,2025,6 Aylık,2026-03-19 13:11:56,Katılım Finansı İlkeleri Bilgi Formu,EVET
TSPOR,1476571,2024,Yıllık,2025-08-11 23:45:53,Katılım Finansı İlkeleri Bilgi Formu,EVET
TTKOM,1643968,2026,6 Aylık,2026-08-05 21:08:12,Katılım Finansı İlkeleri Bilgi Formu,EVET
TTKOM,1565990,2025,Yıllık,2026-03-04 18:48:02,Katılım Finansı İlkeleri Bilgi Formu,EVET
TTKOM,1477896,2025,6 Aylık,2025-08-13 20:12:29,Katılım Finansı İlkeleri Bilgi Formu,EVET
TTRAK,1643206,2026,6 Aylık,2026-08-04 20:40:48,Katılım Finansı İlkeleri Bilgi Formu,EVET
TTRAK,1555595,2025,Yıllık,2026-02-11 07:50:32,Katılım Finansı İlkeleri Bilgi Formu,EVET
TUCLK,1582394,2025,Yıllık,2026-04-01 18:11:20,Katılım Finansı İlkeleri Bilgi Formu,EVET
TUCLK,1563944,2025,Yıllık,2026-03-02 18:18:26,Katılım Finansı İlkeleri Bilgi Formu,EVET
TUCLK,1475977,2025,6 Aylık,2025-08-11 18:16:44,Katılım Finansı İlkeleri Bilgi Formu,EVET
TUKAS,1582420,2025,Yıllık,2026-04-01 18:21:23,Katılım Finansı İlkeleri Bilgi Formu,EVET
TUKAS,1562844,2025,Yıllık,2026-02-27 18:15:15,Katılım Finansı İlkeleri Bilgi Formu,EVET
TUKAS,1476979,2025,6 Aylık,2025-08-12 18:12:04,Katılım Finansı İlkeleri Bilgi Formu,EVET
TUPRS,1643837,2026,6 Aylık,2026-08-05 18:22:23,Katılım Finansı İlkeleri Bilgi Formu,EVET
TUPRS,1554974,2025,Yıllık,2026-02-09 18:20:12,Katılım Finansı İlkeleri Bilgi Formu,EVET
TUREX,1571942,2025,Yıllık,2026-03-12 18:19:44,Katılım Finansı İlkeleri Bilgi Formu,EVET
TURGG,1561545,2025,Yıllık,2026-02-25 18:21:32,Katılım Finansı İlkeleri Bilgi Formu,EVET
TURGG,1476053,2025,6 Aylık,2025-08-11 18:30:40,Katılım Finansı İlkeleri Bilgi Formu,EVET
UCAYM,1572638,2025,Yıllık,2026-03-13 20:44:12,Katılım Finansı İlkeleri Bilgi Formu,EVET
UCAYM,1572081,2025,Yıllık,2026-03-12 20:33:14,Katılım Finansı İlkeleri Bilgi Formu,EVET
UFUK,1582411,2025,Yıllık,2026-04-01 18:18:38,Katılım Finansı İlkeleri Bilgi Formu,EVET
UFUK,1557038,2025,Yıllık,2026-02-16 18:23:00,Katılım Finansı İlkeleri Bilgi Formu,EVET
UFUK,1477000,2025,6 Aylık,2025-08-12 18:18:04,Katılım Finansı İlkeleri Bilgi Formu,EVET
ULAS,1582994,2025,Yıllık,2026-04-02 18:23:50,Katılım Finansı İlkeleri Bilgi Formu,EVET
ULAS,1564166,2025,Yıllık,2026-03-02 19:06:46,Katılım Finansı İlkeleri Bilgi Formu,EVET
ULAS,1488391,2025,6 Aylık,2025-09-09 18:11:35,Katılım Finansı İlkeleri Bilgi Formu,EVET
ULAS,1479967,2025,6 Aylık,2025-08-18 18:16:16,Katılım Finansı İlkeleri Bilgi Formu,EVET
ULKER,1569786,2025,Yıllık,2026-03-10 18:17:39,Katılım Finansı İlkeleri Bilgi Formu,EVET
ULKER,1479976,2025,6 Aylık,2025-08-18 18:17:05,Katılım Finansı İlkeleri Bilgi Formu,EVET
ULUSE,1589402,2025,Yıllık,2026-04-08 19:28:39,Katılım Finansı İlkeleri Bilgi Formu,EVET
ULUSE,1586962,2025,Yıllık,2026-04-07 18:24:27,Katılım Finansı İlkeleri Bilgi Formu,EVET
ULUSE,1573195,2025,Yıllık,2026-03-16 18:51:47,Katılım Finansı İlkeleri Bilgi Formu,EVET
ULUSE,1484721,2025,6 Aylık,2025-09-02 08:01:24,Katılım Finansı İlkeleri Bilgi Formu,EVET
ULUSE,1482823,2025,6 Aylık,2025-08-26 18:28:33,Katılım Finansı İlkeleri Bilgi Formu,EVET
ULUUN,1596960,2025,Yıllık,2026-04-23 23:17:23,Katılım Finansı İlkeleri Bilgi Formu,EVET
ULUUN,1481509,2025,6 Aylık,2025-08-20 21:19:08,Katılım Finansı İlkeleri Bilgi Formu,EVET
UNLU,1569073,2025,Yıllık,2026-03-09 19:58:47,Katılım Finansı İlkeleri Bilgi Formu,EVET
UNLU,1478807,2025,6 Aylık,2025-08-14 20:45:31,Katılım Finansı İlkeleri Bilgi Formu,EVET
USAK,1585098,2025,Yıllık,2026-04-06 18:11:10,Katılım Finansı İlkeleri Bilgi Formu,EVET
USAK,1560996,2025,Yıllık,2026-02-24 18:10:08,Katılım Finansı İlkeleri Bilgi Formu,EVET
USAK,1488701,2025,6 Aylık,2025-09-10 18:11:46,Katılım Finansı İlkeleri Bilgi Formu,EVET
USAK,1477021,2025,6 Aylık,2025-08-12 18:27:31,Katılım Finansı İlkeleri Bilgi Formu,EVET
VAKKO,1569056,2025,Yıllık,2026-03-09 19:39:41,Katılım Finansı İlkeleri Bilgi Formu,EVET
VAKKO,1489141,2025,6 Aylık,2025-09-11 18:32:41,Katılım Finansı İlkeleri Bilgi Formu,EVET
VAKKO,1481429,2025,6 Aylık,2025-08-20 18:22:21,Katılım Finansı İlkeleri Bilgi Formu,EVET
VANGD,1587255,2025,Yıllık,2026-04-07 20:41:06,Katılım Finansı İlkeleri Bilgi Formu,EVET
VANGD,1565154,2025,Yıllık,2026-03-03 18:15:12,Katılım Finansı İlkeleri Bilgi Formu,EVET
VBTYZ,1566606,2025,Yıllık,2026-03-05 18:30:47,Katılım Finansı İlkeleri Bilgi Formu,EVET
VBTYZ,1554301,2025,Yıllık,2026-02-06 23:03:24,Katılım Finansı İlkeleri Bilgi Formu,EVET
VBTYZ,1478585,2025,6 Aylık,2025-08-14 18:35:09,Katılım Finansı İlkeleri Bilgi Formu,EVET
VERTU,1564653,2025,Yıllık,2026-03-02 23:14:03,Katılım Finansı İlkeleri Bilgi Formu,EVET
VERTU,1475236,2025,6 Aylık,2025-08-08 19:09:52,Katılım Finansı İlkeleri Bilgi Formu,EVET
VERUS,1571291,2025,Yıllık,2026-03-11 23:11:11,Katılım Finansı İlkeleri Bilgi Formu,EVET
VERUS,1478737,2025,6 Aylık,2025-08-14 19:38:07,Katılım Finansı İlkeleri Bilgi Formu,EVET
VESBE,1563228,2025,Yıllık,2026-02-27 23:57:09,Katılım Finansı İlkeleri Bilgi Formu,EVET
VESBE,1475329,2025,6 Aylık,2025-08-08 20:17:50,Katılım Finansı İlkeleri Bilgi Formu,EVET
VESTL,1570770,2025,Yıllık,2026-03-11 18:48:41,Katılım Finansı İlkeleri Bilgi Formu,EVET
VESTL,1481091,2025,6 Aylık,2025-08-19 22:17:15,Katılım Finansı İlkeleri Bilgi Formu,EVET
VKGYO,1644809,2026,6 Aylık,2026-08-06 21:27:10,Katılım Finansı İlkeleri Bilgi Formu,EVET
VKGYO,1556741,2025,Yıllık,2026-02-13 21:29:20,Katılım Finansı İlkeleri Bilgi Formu,EVET
VKING,1644785,2026,6 Aylık,2026-08-06 20:41:57,Katılım Finansı İlkeleri Bilgi Formu,EVET
VKING,1562252,2025,Yıllık,2026-02-26 20:58:46,Katılım Finansı İlkeleri Bilgi Formu,EVET
VKING,1475292,2025,6 Aylık,2025-08-08 19:38:14,Katılım Finansı İlkeleri Bilgi Formu,EVET
VRGYO,1556242,2025,Yıllık,2026-02-12 18:21:01,Katılım Finansı İlkeleri Bilgi Formu,EVET
VRGYO,1474009,2025,6 Aylık,2025-08-07 18:10:50,Katılım Finansı İlkeleri Bilgi Formu,EVET
VSNMD,1563904,2025,Yıllık,2026-03-02 18:13:42,Katılım Finansı İlkeleri Bilgi Formu,EVET
VSNMD,1476973,2025,6 Aylık,2025-08-12 18:11:36,Katılım Finansı İlkeleri Bilgi Formu,EVET
YAPRK,1570740,2025,Yıllık,2026-03-11 18:38:12,Katılım Finansı İlkeleri Bilgi Formu,EVET
YAPRK,1480774,2025,6 Aylık,2025-08-19 18:26:47,Katılım Finansı İlkeleri Bilgi Formu,EVET
YATAS,1583920,2025,Yıllık,2026-04-03 18:10:16,Katılım Finansı İlkeleri Bilgi Formu,EVET
YATAS,1572000,2025,Yıllık,2026-03-12 19:08:34,Katılım Finansı İlkeleri Bilgi Formu,EVET
YATAS,1483944,2025,6 Aylık,2025-08-29 18:17:34,Katılım Finansı İlkeleri Bilgi Formu,EVET
YATAS,1479491,2025,6 Aylık,2025-08-15 21:04:19,Katılım Finansı İlkeleri Bilgi Formu,EVET
YAYLA,1565142,2025,Yıllık,2026-03-03 18:13:35,Katılım Finansı İlkeleri Bilgi Formu,EVET
YAYLA,1479236,2025,6 Aylık,2025-08-15 18:10:14,Katılım Finansı İlkeleri Bilgi Formu,EVET
YBTAS,1639742,2026,6 Aylık,2026-07-30 18:13:13,Katılım Finansı İlkeleri Bilgi Formu,EVET
YBTAS,1564719,2025,Yıllık,2026-03-02 23:48:01,Katılım Finansı İlkeleri Bilgi Formu,EVET
YEOTK,1594404,2025,Yıllık,2026-04-16 18:15:16,Katılım Finansı İlkeleri Bilgi Formu,EVET
YEOTK,1570717,2025,Yıllık,2026-03-11 18:35:45,Katılım Finansı İlkeleri Bilgi Formu,EVET
YEOTK,1484003,2025,6 Aylık,2025-08-29 19:26:25,Katılım Finansı İlkeleri Bilgi Formu,EVET
YEOTK,1481496,2025,6 Aylık,2025-08-20 20:19:18,Katılım Finansı İlkeleri Bilgi Formu,EVET
YESIL,1479402,2025,6 Aylık,2025-08-15 19:15:04,Katılım Finansı İlkeleri Bilgi Formu,EVET
YGGYO,1645574,2026,6 Aylık,2026-08-07 18:26:33,Katılım Finansı İlkeleri Bilgi Formu,EVET
YGGYO,1566582,2025,Yıllık,2026-03-05 18:25:30,Katılım Finansı İlkeleri Bilgi Formu,EVET
YGGYO,1478564,2025,6 Aylık,2025-08-14 18:24:18,Katılım Finansı İlkeleri Bilgi Formu,EVET
YIGIT,1564708,2025,Yıllık,2026-03-02 23:43:00,Katılım Finansı İlkeleri Bilgi Formu,EVET
YIGIT,1476343,2025,6 Aylık,2025-08-11 21:04:34,Katılım Finansı İlkeleri Bilgi Formu,EVET
YKSLN,1561514,2025,Yıllık,2026-02-25 18:14:28,Katılım Finansı İlkeleri Bilgi Formu,EVET
YKSLN,1557090,2025,Yıllık,2026-02-16 19:19:22,Katılım Finansı İlkeleri Bilgi Formu,EVET
YKSLN,1479281,2025,6 Aylık,2025-08-15 18:16:34,Katılım Finansı İlkeleri Bilgi Formu,EVET
YONGA,1572125,2025,Yıllık,2026-03-12 23:00:06,Katılım Finansı İlkeleri Bilgi Formu,EVET
YONGA,1478454,2025,6 Aylık,2025-08-14 18:10:23,Katılım Finansı İlkeleri Bilgi Formu,EVET
YUNSA,1571187,2025,Yıllık,2026-03-11 22:18:44,Katılım Finansı İlkeleri Bilgi Formu,EVET
YUNSA,1487313,2025,6 Aylık,2025-09-05 21:55:53,Katılım Finansı İlkeleri Bilgi Formu,EVET
YUNSA,1481791,2025,6 Aylık,2025-08-21 18:44:27,Katılım Finansı İlkeleri Bilgi Formu,EVET
YYAPI,1481129,2025,6 Aylık,2025-08-20 00:35:34,Katılım Finansı İlkeleri Bilgi Formu,EVET
YYLGD,1557608,2025,Yıllık,2026-02-17 18:12:38,Katılım Finansı İlkeleri Bilgi Formu,EVET
YYLGD,1479315,2025,6 Aylık,2025-08-15 18:24:12,Katılım Finansı İlkeleri Bilgi Formu,EVET
ZEDUR,1565830,2025,Yıllık,2026-03-04 18:10:22,Katılım Finansı İlkeleri Bilgi Formu,EVET
ZEDUR,1478476,2025,6 Aylık,2025-08-14 18:11:19,Katılım Finansı İlkeleri Bilgi Formu,EVET
ZERGY,1558553,2025,Yıllık,2026-02-18 19:04:17,Katılım Finansı İlkeleri Bilgi Formu,EVET
ZERGY,1530444,2025,9 Aylık,2025-12-28 16:37:38,Katılım Finansı İlkeleri Bilgi Formu,EVET
ZGYO,1574465,2025,Yıllık,2026-03-19 16:59:56,Katılım Finansı İlkeleri Bilgi Formu,EVET
ZOREN,1563218,2025,Yıllık,2026-02-27 23:32:48,Katılım Finansı İlkeleri Bilgi Formu,EVET
ZOREN,1477124,2025,6 Aylık,2025-08-12 20:27:28,Katılım Finansı İlkeleri Bilgi Formu,EVET
ZRGYO,1557618,2025,Yıllık,2026-02-17 18:14:14,Katılım Finansı İlkeleri Bilgi Formu,EVET
ZRGYO,1477744,2025,6 Aylık,2025-08-13 18:31:33,Katılım Finansı İlkeleri Bilgi Formu,EVET
