ticker,endeks_adi,olcum_tarihi
A1CAP,BIST TÜM,2026-08-08
A1CAP,BIST TÜM-100,2026-08-08
A1CAP,BIST 500,2026-08-08
A1CAP,BIST MALİ,2026-08-08
A1CAP,BIST ARACI KURUM,2026-08-08
A1CAP,BIST YILDIZ,2026-08-08
A1YEN,BIST 500,2026-08-08
A1YEN,BIST TÜM-100,2026-08-08
A1YEN,BIST ANA,2026-08-08
A1YEN,BIST TÜM,2026-08-08
A1YEN,BIST ELEKTRİK,2026-08-08
A1YEN,BIST HİZMETLER,2026-08-08
A1YEN,BIST MANİSA,2026-08-08
AAGYO,BIST HALKA ARZ,2026-08-08
AAGYO,BIST GAYRİMENKUL YAT. ORT.,2026-08-08
AAGYO,BIST TÜM,2026-08-08
AAGYO,BIST TÜM-100,2026-08-08
AAGYO,BIST MALİ,2026-08-08
AAGYO,BIST YILDIZ,2026-08-08
AAGYO,BIST KATILIM TUM,2026-08-08
AAGYO,BIST 500,2026-08-08
ACP,BIST TÜM,2026-08-08
ACP,BIST TÜM-100,2026-08-08
ACP,BIST 500,2026-08-08
ACP,BIST MALİ,2026-08-08
ACP,BIST ARACI KURUM,2026-08-08
ACP,BIST YILDIZ,2026-08-08
ACSEL,BIST TÜM,2026-08-08
ACSEL,BIST SINAİ,2026-08-08
ACSEL,"BIST KİMYA, PETROL, PLASTİK",2026-08-08
ACSEL,BIST KOBI SANAYİ,2026-08-08
ACSEL,BIST KATILIM TUM,2026-08-08
ACSEL,BIST TÜM-100,2026-08-08
ACSEL,BIST DENİZLİ,2026-08-08
ACSEL,BIST ANA,2026-08-08
ADEL,BIST TÜM-100,2026-08-08
ADEL,BIST TEMETTU 10 YIL,2026-08-08
ADEL,BIST ANA,2026-08-08
ADEL,BIST TÜM,2026-08-08
ADEL,BIST SINAİ,2026-08-08
ADEL,BIST 500,2026-08-08
ADEL,BIST İSTANBUL,2026-08-08
ADEL,BIST TEMETTU 5 YIL,2026-08-08
ADESE,BIST ANA,2026-08-08
ADESE,BIST TÜM-100,2026-08-08
ADESE,BIST KONYA,2026-08-08
ADESE,BIST HİZMETLER,2026-08-08
ADESE,BIST TÜM,2026-08-08
ADESE,BIST 500,2026-08-08
ADGYO,BIST GAYRİMENKUL YAT. ORT.,2026-08-08
ADGYO,BIST YILDIZ,2026-08-08
ADGYO,BIST TÜM,2026-08-08
ADGYO,BIST MALİ,2026-08-08
ADGYO,BIST TÜM-100,2026-08-08
ADGYO,BIST 500,2026-08-08
AEFES,BIST 100,2026-08-08
AEFES,BIST 50,2026-08-08
AEFES,BIST YILDIZ,2026-08-08
AEFES,BIST TEMETTU 10 YIL,2026-08-08
AEFES,BIST 500,2026-08-08
AEFES,BIST TÜM,2026-08-08
AEFES,BIST TEMETTÜ 25,2026-08-08
AEFES,BIST 30,2026-08-08
AEFES,BIST TEMETTÜ,2026-08-08
AEFES,BIST SÜRDÜRÜLEBİLİRLİK 25,2026-08-08
AEFES,BIST KURUMSAL YÖNETİM,2026-08-08
AEFES,BIST TEMETTU 5 YIL,2026-08-08
AEFES,BIST İSTANBUL,2026-08-08
AEFES,"BIST GIDA, İÇECEK",2026-08-08
AEFES,BIST SINAİ,2026-08-08
AEFES,BIST SÜRDÜRÜLEBİLİRLİK,2026-08-08
AFYON,BIST TÜM-100,2026-08-08
AFYON,"BIST TAŞ, TOPRAK",2026-08-08
AFYON,BIST 500,2026-08-08
AFYON,BIST TEMETTÜ,2026-08-08
AFYON,BIST TÜM,2026-08-08
AFYON,BIST ANA,2026-08-08
AFYON,BIST SINAİ,2026-08-08
AGESA,BIST SİGORTA,2026-08-08
AGESA,BIST TÜM,2026-08-08
AGESA,BIST MALİ,2026-08-08
AGESA,BIST 500,2026-08-08
AGESA,BIST YILDIZ,2026-08-08
AGESA,BIST TEMETTÜ,2026-08-08
AGESA,BIST TÜM-100,2026-08-08
AGESA,BIST SÜRDÜRÜLEBİLİRLİK,2026-08-08
AGHOL,BIST HOLDİNG VE YATIRIM,2026-08-08
AGHOL,BIST İSTANBUL,2026-08-08
AGHOL,BIST TÜM,2026-08-08
AGHOL,BIST TÜM-100,2026-08-08
AGHOL,BIST YILDIZ,2026-08-08
AGHOL,BIST TEMETTÜ,2026-08-08
AGHOL,BIST SÜRDÜRÜLEBİLİRLİK,2026-08-08
AGHOL,BIST KURUMSAL YÖNETİM,2026-08-08
AGHOL,BIST TEMETTU 5 YIL,2026-08-08
AGHOL,BIST 500,2026-08-08
AGHOL,BIST MALİ,2026-08-08
AGHOL,BIST TEMETTÜ 25,2026-08-08
AGHOL,BIST TEMETTU 10 YIL,2026-08-08
AGROT,BIST SINAİ,2026-08-08
AGROT,BIST 500,2026-08-08
AGROT,BIST YILDIZ,2026-08-08
AGROT,BIST TÜM-100,2026-08-08
AGROT,BIST TÜM,2026-08-08
AGYO,BIST TÜM-100,2026-08-08
AGYO,BIST TÜM,2026-08-08
AGYO,BIST GAYRİMENKUL YAT. ORT.,2026-08-08
AGYO,BIST MALİ,2026-08-08
AHGAZ,BIST KATILIM TUM,2026-08-08
AHGAZ,BIST İSTANBUL,2026-08-08
AHGAZ,BIST TÜM-100,2026-08-08
AHGAZ,BIST TÜM,2026-08-08
AHGAZ,BIST 500,2026-08-08
AHGAZ,BIST HİZMETLER,2026-08-08
AHGAZ,BIST ELEKTRİK,2026-08-08
AHGAZ,BIST GERİ ALIM,2026-08-08
AHGAZ,BIST YILDIZ,2026-08-08
AHSGY,BIST GAYRİMENKUL YAT. ORT.,2026-08-08
AHSGY,BIST MALİ,2026-08-08
AHSGY,BIST HALKA ARZ,2026-08-08
AHSGY,BIST KATILIM TUM,2026-08-08
AHSGY,BIST TÜM,2026-08-08
AHSGY,BIST ANA,2026-08-08
AHSGY,BIST TÜM-100,2026-08-08
AHSGY,BIST 500,2026-08-08
AKBNK,BIST YILDIZ,2026-08-08
AKBNK,BIST TEMETTU 5 YIL,2026-08-08
AKBNK,BIST TEMETTÜ 25,2026-08-08
AKBNK,BIST TEMETTÜ,2026-08-08
AKBNK,BIST 30,2026-08-08
AKBNK,BIST TÜM,2026-08-08
AKBNK,BIST 50,2026-08-08
AKBNK,BIST 100,2026-08-08
AKBNK,BIST LİKİT BANKA,2026-08-08
AKBNK,BIST SÜRDÜRÜLEBİLİRLİK 25,2026-08-08
AKBNK,BIST MALİ,2026-08-08
AKBNK,BIST BANKA,2026-08-08
AKBNK,BIST SÜRDÜRÜLEBİLİRLİK,2026-08-08
AKBNK,BIST 500,2026-08-08
AKCNS,BIST YILDIZ,2026-08-08
AKCNS,BIST İSTANBUL,2026-08-08
AKCNS,BIST 500,2026-08-08
AKCNS,BIST TEMETTÜ,2026-08-08
AKCNS,BIST SINAİ,2026-08-08
AKCNS,BIST TÜM-100,2026-08-08
AKCNS,BIST TEMETTU 10 YIL,2026-08-08
AKCNS,BIST SÜRDÜRÜLEBİLİRLİK,2026-08-08
AKCNS,BIST TÜM,2026-08-08
AKCNS,"BIST TAŞ, TOPRAK",2026-08-08
AKCNS,BIST TEMETTU 5 YIL,2026-08-08
AKENR,BIST İSTANBUL,2026-08-08
AKENR,BIST HİZMETLER,2026-08-08
AKENR,BIST 500,2026-08-08
AKENR,BIST TÜM,2026-08-08
AKENR,BIST ANA,2026-08-08
AKENR,BIST TÜM-100,2026-08-08
AKENR,BIST KURUMSAL YÖNETİM,2026-08-08
AKENR,BIST ELEKTRİK,2026-08-08
AKENR,BIST SÜRDÜRÜLEBİLİRLİK,2026-08-08
AKFGY,BIST MALİ,2026-08-08
AKFGY,BIST GAYRİMENKUL YAT. ORT.,2026-08-08
AKFGY,BIST YILDIZ,2026-08-08
AKFGY,BIST SÜRDÜRÜLEBİLİRLİK,2026-08-08
AKFGY,BIST TÜM-100,2026-08-08
AKFGY,BIST TÜM,2026-08-08
AKFGY,BIST 500,2026-08-08
AKFIS,BIST YILDIZ,2026-08-08
AKFIS,BIST HALKA ARZ,2026-08-08
AKFIS,BIST 500,2026-08-08
AKFIS,BIST ANKARA,2026-08-08
AKFIS,BIST TÜM-100,2026-08-08
AKFIS,BIST HİZMETLER,2026-08-08
AKFIS,BIST TÜM,2026-08-08
AKFIS,BIST İNŞAAT,2026-08-08
AKFYE,BIST HİZMETLER,2026-08-08
AKFYE,BIST ANKARA,2026-08-08
AKFYE,BIST YILDIZ,2026-08-08
AKFYE,BIST 500,2026-08-08
AKFYE,BIST KATILIM 100,2026-08-08
AKFYE,BIST KATILIM TUM,2026-08-08
AKFYE,BIST TÜM-100,2026-08-08
AKFYE,BIST ELEKTRİK,2026-08-08
AKFYE,BIST TÜM,2026-08-08
AKGRT,BIST TÜM-100,2026-08-08
AKGRT,BIST 500,2026-08-08
AKGRT,BIST SÜRDÜRÜLEBİLİRLİK,2026-08-08
AKGRT,BIST TÜM,2026-08-08
AKGRT,BIST YILDIZ,2026-08-08
AKGRT,BIST MALİ,2026-08-08
AKGRT,BIST SİGORTA,2026-08-08
AKHAN,BIST 500,2026-08-08
AKHAN,BIST TÜM,2026-08-08
AKHAN,BIST ANA,2026-08-08
AKHAN,BIST HALKA ARZ,2026-08-08
AKHAN,"BIST GIDA, İÇECEK",2026-08-08
AKHAN,BIST SINAİ,2026-08-08
AKHAN,BIST KATILIM TUM,2026-08-08
AKHAN,BIST TÜM-100,2026-08-08
AKMGY,BIST TÜM-100,2026-08-08
AKMGY,BIST KURUMSAL YÖNETİM,2026-08-08
AKMGY,BIST GAYRİMENKUL YAT. ORT.,2026-08-08
AKMGY,BIST TEMETTU 10 YIL,2026-08-08
AKMGY,BIST MALİ,2026-08-08
AKMGY,BIST TÜM,2026-08-08
AKMGY,BIST TEMETTÜ,2026-08-08
AKMGY,BIST TEMETTU 5 YIL,2026-08-08
AKMGY,BIST ANA,2026-08-08
AKSA,BIST 100-30,2026-08-08
AKSA,BIST TEMETTÜ,2026-08-08
AKSA,BIST TEMETTU 10 YIL,2026-08-08
AKSA,BIST TEMETTÜ 25,2026-08-08
AKSA,BIST 500,2026-08-08
AKSA,BIST YILDIZ,2026-08-08
AKSA,BIST 100,2026-08-08
AKSA,BIST KURUMSAL YÖNETİM,2026-08-08
AKSA,"BIST KİMYA, PETROL, PLASTİK",2026-08-08
AKSA,BIST TEMETTU 5 YIL,2026-08-08
AKSA,BIST SINAİ,2026-08-08
AKSA,BIST SÜRDÜRÜLEBİLİRLİK,2026-08-08
AKSA,BIST TÜM,2026-08-08
AKSEN,BIST 100-30,2026-08-08
AKSEN,BIST KURUMSAL YÖNETİM,2026-08-08
AKSEN,BIST İSTANBUL,2026-08-08
AKSEN,BIST HİZMETLER,2026-08-08
AKSEN,BIST 50,2026-08-08
AKSEN,BIST SÜRDÜRÜLEBİLİRLİK,2026-08-08
AKSEN,BIST TÜM,2026-08-08
AKSEN,BIST YILDIZ,2026-08-08
AKSEN,BIST 500,2026-08-08
AKSEN,BIST 100,2026-08-08
AKSEN,BIST ELEKTRİK,2026-08-08
AKSGY,BIST TÜM,2026-08-08
AKSGY,BIST KURUMSAL YÖNETİM,2026-08-08
AKSGY,BIST TÜM-100,2026-08-08
AKSGY,BIST YILDIZ,2026-08-08
AKSGY,BIST GAYRİMENKUL YAT. ORT.,2026-08-08
AKSGY,BIST TEMETTÜ,2026-08-08
AKSGY,BIST GERİ ALIM,2026-08-08
AKSGY,BIST 500,2026-08-08
AKSGY,BIST SÜRDÜRÜLEBİLİRLİK,2026-08-08
AKSGY,BIST MALİ,2026-08-08
AKSUE,BIST HİZMETLER,2026-08-08
AKSUE,BIST ANA,2026-08-08
AKSUE,BIST ELEKTRİK,2026-08-08
AKSUE,BIST TÜM-100,2026-08-08
AKSUE,BIST 500,2026-08-08
AKSUE,BIST TÜM,2026-08-08
AKYHO,BIST HOLDİNG VE YATIRIM,2026-08-08
AKYHO,BIST TÜM-100,2026-08-08
AKYHO,BIST MALİ,2026-08-08
AKYHO,BIST İSTANBUL,2026-08-08
AKYHO,BIST TÜM,2026-08-08
ALARK,BIST İSTANBUL,2026-08-08
ALARK,BIST 500,2026-08-08
ALARK,BIST 100,2026-08-08
ALARK,BIST YILDIZ,2026-08-08
ALARK,BIST 50,2026-08-08
ALARK,BIST 100-30,2026-08-08
ALARK,BIST TEMETTU 5 YIL,2026-08-08
ALARK,BIST HOLDİNG VE YATIRIM,2026-08-08
ALARK,BIST TEMETTU 10 YIL,2026-08-08
ALARK,BIST MALİ,2026-08-08
ALARK,BIST KURUMSAL YÖNETİM,2026-08-08
ALARK,BIST SÜRDÜRÜLEBİLİRLİK,2026-08-08
ALARK,BIST TÜM,2026-08-08
ALBRK,BIST KATILIM 100,2026-08-08
ALBRK,BIST KURUMSAL YÖNETİM,2026-08-08
ALBRK,BIST YILDIZ,2026-08-08
ALBRK,BIST TÜM,2026-08-08
ALBRK,BIST TÜM-100,2026-08-08
ALBRK,BIST 500,2026-08-08
ALBRK,BIST KATILIM TUM,2026-08-08
ALBRK,BIST SÜRDÜRÜLEBİLİRLİK KATILIM,2026-08-08
ALBRK,BIST SÜRDÜRÜLEBİLİRLİK,2026-08-08
ALBRK,BIST MALİ,2026-08-08
ALBRK,BIST BANKA,2026-08-08
ALBTN,BIST İSTANBUL,2026-08-08
ALBTN,BIST TÜM,2026-08-08
ALBTN,BIST TÜM-100,2026-08-08
ALBTN,"BIST TAŞ, TOPRAK",2026-08-08
ALBTN,BIST HALKA ARZ,2026-08-08
ALBTN,BIST YILDIZ,2026-08-08
ALBTN,BIST KATILIM TUM,2026-08-08
ALBTN,BIST SINAİ,2026-08-08
ALCAR,BIST SINAİ,2026-08-08
ALCAR,BIST TÜM,2026-08-08
ALCAR,BIST TÜM-100,2026-08-08
ALCAR,BIST İSTANBUL,2026-08-08
ALCAR,"BIST METAL EŞYA, MAKİNA",2026-08-08
ALCAR,BIST 500,2026-08-08
ALCAR,BIST ANA,2026-08-08
ALCTL,BIST ANKARA,2026-08-08
ALCTL,BIST BİLİŞİM,2026-08-08
ALCTL,BIST TEKNOLOJİ,2026-08-08
ALCTL,BIST 500,2026-08-08
ALCTL,BIST KATILIM TUM,2026-08-08
ALCTL,BIST TÜM-100,2026-08-08
ALCTL,BIST ANA,2026-08-08
ALCTL,BIST TÜM,2026-08-08
ALFAS,BIST KATILIM 100,2026-08-08
ALFAS,BIST 500,2026-08-08
ALFAS,BIST TÜM,2026-08-08
ALFAS,BIST YILDIZ,2026-08-08
ALFAS,BIST HİZMETLER,2026-08-08
ALFAS,BIST KATILIM TUM,2026-08-08
ALFAS,BIST ELEKTRİK,2026-08-08
ALFAS,BIST TÜM-100,2026-08-08
ALGYO,BIST 500,2026-08-08
ALGYO,BIST MALİ,2026-08-08
ALGYO,BIST GAYRİMENKUL YAT. ORT.,2026-08-08
ALGYO,BIST YILDIZ,2026-08-08
ALGYO,BIST TÜM,2026-08-08
ALGYO,BIST TÜM-100,2026-08-08
ALK,BIST KATILIM 100,2026-08-08
ALK,BIST KURUMSAL YÖNETİM,2026-08-08
ALK,BIST YILDIZ,2026-08-08
ALK,BIST TÜM,2026-08-08
ALK,BIST TÜM-100,2026-08-08
ALK,BIST 500,2026-08-08
ALK,BIST KATILIM TUM,2026-08-08
ALK,BIST SÜRDÜRÜLEBİLİRLİK KATILIM,2026-08-08
ALK,BIST SÜRDÜRÜLEBİLİRLİK,2026-08-08
ALK,BIST MALİ,2026-08-08
ALK,BIST BANKA,2026-08-08
ALKA,BIST İZMİR,2026-08-08
ALKA,BIST TÜM,2026-08-08
ALKA,BIST SINAİ,2026-08-08
ALKA,BIST KATILIM TUM,2026-08-08
ALKA,BIST TÜM-100,2026-08-08
ALKA,"BIST ORMAN, KAĞIT, BASIM",2026-08-08
ALKA,BIST ANA,2026-08-08
ALKA,BIST 500,2026-08-08
ALKIM,BIST 500,2026-08-08
ALKIM,BIST TÜM-100,2026-08-08
ALKIM,BIST KATILIM TUM,2026-08-08
ALKIM,"BIST KİMYA, PETROL, PLASTİK",2026-08-08
ALKIM,BIST TÜM,2026-08-08
ALKIM,BIST ANA,2026-08-08
ALKIM,BIST SINAİ,2026-08-08
ALKLC,"BIST GIDA, İÇECEK",2026-08-08
ALKLC,BIST TÜM-100,2026-08-08
ALKLC,BIST SINAİ,2026-08-08
ALKLC,BIST ANA,2026-08-08
ALKLC,BIST 500,2026-08-08
ALKLC,BIST KATILIM 100,2026-08-08
ALKLC,BIST KATILIM 50,2026-08-08
ALKLC,BIST KATILIM 30,2026-08-08
ALKLC,BIST KATILIM TUM,2026-08-08
ALKLC,BIST TÜM,2026-08-08
ALTNY,BIST KATILIM 50,2026-08-08
ALTNY,BIST KATILIM 30,2026-08-08
ALTNY,BIST 100-30,2026-08-08
ALTNY,BIST KATILIM TUM,2026-08-08
ALTNY,BIST KATILIM 100,2026-08-08
ALTNY,BIST TÜM,2026-08-08
ALTNY,BIST TEKNOLOJİ,2026-08-08
ALTNY,BIST 500,2026-08-08
ALTNY,BIST 100,2026-08-08
ALTNY,BIST YILDIZ,2026-08-08
ALTNY,BIST İSTANBUL,2026-08-08
ALVES,BIST 500,2026-08-08
ALVES,BIST KATILIM TUM,2026-08-08
ALVES,"BIST METAL EŞYA, MAKİNA",2026-08-08
ALVES,BIST TÜM-100,2026-08-08
ALVES,BIST KATILIM 100,2026-08-08
ALVES,BIST ANKARA,2026-08-08
ALVES,BIST ANA,2026-08-08
ALVES,BIST SINAİ,2026-08-08
ALVES,BIST TÜM,2026-08-08
ANELE,BIST TÜM,2026-08-08
ANELE,BIST 500,2026-08-08
ANELE,BIST İSTANBUL,2026-08-08
ANELE,BIST TÜM-100,2026-08-08
ANELE,BIST İNŞAAT,2026-08-08
ANELE,BIST ANA,2026-08-08
ANELE,BIST HİZMETLER,2026-08-08
ANGEN,BIST 500,2026-08-08
ANGEN,BIST İSTANBUL,2026-08-08
ANGEN,BIST TÜM,2026-08-08
ANGEN,BIST SINAİ,2026-08-08
ANGEN,BIST ANA,2026-08-08
ANGEN,BIST KOBI SANAYİ,2026-08-08
ANGEN,BIST TÜM-100,2026-08-08
ANGEN,"BIST KİMYA, PETROL, PLASTİK",2026-08-08
ANGEN,BIST KATILIM TUM,2026-08-08
ANHYT,BIST TEMETTÜ,2026-08-08
ANHYT,BIST TÜM-100,2026-08-08
ANHYT,BIST SÜRDÜRÜLEBİLİRLİK,2026-08-08
ANHYT,BIST TÜM,2026-08-08
ANHYT,BIST SİGORTA,2026-08-08
ANHYT,BIST 500,2026-08-08
ANHYT,BIST TEMETTÜ 25,2026-08-08
ANHYT,BIST YILDIZ,2026-08-08
ANHYT,BIST MALİ,2026-08-08
ANHYT,BIST TEMETTU 5 YIL,2026-08-08
ANHYT,BIST TEMETTU 10 YIL,2026-08-08
ANSGR,BIST TÜM,2026-08-08
ANSGR,BIST KURUMSAL YÖNETİM,2026-08-08
ANSGR,BIST YILDIZ,2026-08-08
ANSGR,BIST 500,2026-08-08
ANSGR,BIST SÜRDÜRÜLEBİLİRLİK,2026-08-08
ANSGR,BIST 100-30,2026-08-08
ANSGR,BIST MALİ,2026-08-08
ANSGR,BIST SİGORTA,2026-08-08
ANSGR,BIST 100,2026-08-08
ARASE,BIST TÜM,2026-08-08
ARASE,BIST YILDIZ,2026-08-08
ARASE,BIST TÜM-100,2026-08-08
ARASE,BIST KATILIM TUM,2026-08-08
ARASE,BIST KATILIM TEMETTU,2026-08-08
ARASE,BIST 500,2026-08-08
ARASE,BIST HİZMETLER,2026-08-08
ARASE,BIST TEMETTÜ,2026-08-08
ARASE,BIST ELEKTRİK,2026-08-08
ARCLK,"BIST METAL EŞYA, MAKİNA",2026-08-08
ARCLK,BIST YILDIZ,2026-08-08
ARCLK,BIST SINAİ,2026-08-08
ARCLK,BIST 100-30,2026-08-08
ARCLK,BIST İSTANBUL,2026-08-08
ARCLK,BIST TÜM,2026-08-08
ARCLK,BIST 100,2026-08-08
ARCLK,BIST KURUMSAL YÖNETİM,2026-08-08
ARCLK,BIST 500,2026-08-08
ARCLK,BIST SÜRDÜRÜLEBİLİRLİK,2026-08-08
ARDYZ,BIST KATILIM TUM,2026-08-08
ARDYZ,BIST KATILIM 100,2026-08-08
ARDYZ,BIST TEKNOLOJİ,2026-08-08
ARDYZ,BIST 500,2026-08-08
ARDYZ,BIST TÜM-100,2026-08-08
ARDYZ,BIST YILDIZ,2026-08-08
ARDYZ,BIST TÜM,2026-08-08
ARDYZ,BIST TEMETTÜ,2026-08-08
ARDYZ,BIST KATILIM TEMETTU,2026-08-08
ARDYZ,BIST TEMETTU 5 YIL,2026-08-08
ARDYZ,BIST BİLİŞİM,2026-08-08
ARDYZ,BIST İSTANBUL,2026-08-08
ARENA,BIST İSTANBUL,2026-08-08
ARENA,BIST TÜM-100,2026-08-08
ARENA,BIST TEKNOLOJİ,2026-08-08
ARENA,BIST TÜM,2026-08-08
ARENA,BIST KATILIM TUM,2026-08-08
ARENA,BIST BİLİŞİM,2026-08-08
ARENA,BIST 500,2026-08-08
ARENA,BIST ANA,2026-08-08
ARFYE,BIST HALKA ARZ,2026-08-08
ARFYE,BIST TÜM-100,2026-08-08
ARFYE,BIST TÜM,2026-08-08
ARFYE,BIST HİZMETLER,2026-08-08
ARFYE,BIST 500,2026-08-08
ARFYE,BIST KATILIM TUM,2026-08-08
ARFYE,BIST ANA,2026-08-08
ARFYE,BIST İZMİR,2026-08-08
ARFYE,BIST ELEKTRİK,2026-08-08
ARMGD,BIST TÜM,2026-08-08
ARMGD,"BIST GIDA, İÇECEK",2026-08-08
ARMGD,BIST SINAİ,2026-08-08
ARMGD,BIST 500,2026-08-08
ARMGD,BIST YILDIZ,2026-08-08
ARMGD,BIST HALKA ARZ,2026-08-08
ARMGD,BIST TÜM-100,2026-08-08
ARSAN,BIST MALİ,2026-08-08
ARSAN,BIST ANA,2026-08-08
ARSAN,BIST TÜM,2026-08-08
ARSAN,BIST GERİ ALIM,2026-08-08
ARSAN,BIST HOLDİNG VE YATIRIM,2026-08-08
ARSAN,BIST TÜM-100,2026-08-08
ARSAN,BIST 500,2026-08-08
ARTMS,BIST ANA,2026-08-08
ARTMS,BIST KOBI SANAYİ,2026-08-08
ARTMS,BIST TÜM,2026-08-08
ARTMS,BIST 500,2026-08-08
ARTMS,BIST TÜM-100,2026-08-08
ARTMS,"BIST TEKSTİL, DERİ",2026-08-08
ARTMS,BIST SINAİ,2026-08-08
ARZUM,BIST TÜM-100,2026-08-08
ARZUM,BIST TOPTAN TICARET,2026-08-08
ARZUM,BIST TÜM,2026-08-08
ARZUM,BIST KURUMSAL YÖNETİM,2026-08-08
ARZUM,BIST İSTANBUL,2026-08-08
ARZUM,BIST HİZMETLER,2026-08-08
ARZUM,BIST 500,2026-08-08
ARZUM,BIST ANA,2026-08-08
ARZUM,BIST TİCARET,2026-08-08
ASELS,BIST TEMETTÜ,2026-08-08
ASELS,BIST SÜRDÜRÜLEBİLİRLİK,2026-08-08
ASELS,BIST SÜRDÜRÜLEBİLİRLİK 25,2026-08-08
ASELS,BIST KATILIM 50,2026-08-08
ASELS,BIST BANKA DIŞI LİKİT 10,2026-08-08
ASELS,BIST 500,2026-08-08
ASELS,BIST TEMETTU 10 YIL,2026-08-08
ASELS,BIST TEKNOLOJİ,2026-08-08
ASELS,BIST TÜM,2026-08-08
ASELS,BIST 100,2026-08-08
ASELS,BIST KATILIM TUM,2026-08-08
ASELS,BIST TEMETTU 5 YIL,2026-08-08
ASELS,BIST KURUMSAL YÖNETİM,2026-08-08
ASELS,BIST 50,2026-08-08
ASELS,BIST KATILIM 30,2026-08-08
ASELS,BIST YILDIZ,2026-08-08
ASELS,BIST SÜRDÜRÜLEBİLİRLİK KATILIM,2026-08-08
ASELS,BIST 30,2026-08-08
ASELS,BIST ANKARA,2026-08-08
ASELS,BIST KATILIM TEMETTU,2026-08-08
ASELS,BIST KATILIM 100,2026-08-08
ASGYO,BIST TÜM-100,2026-08-08
ASGYO,BIST MALİ,2026-08-08
ASGYO,BIST GAYRİMENKUL YAT. ORT.,2026-08-08
ASGYO,BIST YILDIZ,2026-08-08
ASGYO,BIST TÜM,2026-08-08
ASGYO,BIST 500,2026-08-08
ASTOR,BIST BANKA DIŞI LİKİT 10,2026-08-08
ASTOR,BIST 30,2026-08-08
ASTOR,BIST TEMETTÜ,2026-08-08
ASTOR,BIST 50,2026-08-08
ASTOR,BIST 100,2026-08-08
ASTOR,BIST 500,2026-08-08
ASTOR,BIST KURUMSAL YÖNETİM,2026-08-08
ASTOR,BIST YILDIZ,2026-08-08
ASTOR,"BIST METAL EŞYA, MAKİNA",2026-08-08
ASTOR,BIST SINAİ,2026-08-08
ASTOR,BIST TÜM,2026-08-08
ASTOR,BIST ANKARA,2026-08-08
ASUZU,BIST SÜRDÜRÜLEBİLİRLİK,2026-08-08
ASUZU,BIST KURUMSAL YÖNETİM,2026-08-08
ASUZU,BIST SINAİ,2026-08-08
ASUZU,BIST TÜM,2026-08-08
ASUZU,BIST KOCAELİ,2026-08-08
ASUZU,BIST TÜM-100,2026-08-08
ASUZU,BIST 500,2026-08-08
ASUZU,BIST TEMETTÜ,2026-08-08
ASUZU,BIST YILDIZ,2026-08-08
ASUZU,"BIST METAL EŞYA, MAKİNA",2026-08-08
ATAGY,BIST TÜM-100,2026-08-08
ATAGY,BIST TÜM,2026-08-08
ATAGY,BIST GAYRİMENKUL YAT. ORT.,2026-08-08
ATAGY,BIST MALİ,2026-08-08
ATAKP,BIST SINAİ,2026-08-08
ATAKP,BIST KATILIM TUM,2026-08-08
ATAKP,BIST TÜM-100,2026-08-08
ATAKP,BIST YILDIZ,2026-08-08
ATAKP,BIST TÜM,2026-08-08
ATAKP,BIST 500,2026-08-08
ATAKP,"BIST GIDA, İÇECEK",2026-08-08
ATAKP,BIST KURUMSAL YÖNETİM,2026-08-08
ATATP,BIST TÜM-100,2026-08-08
ATATP,BIST İSTANBUL,2026-08-08
ATATP,BIST KATILIM TUM,2026-08-08
ATATP,BIST KATILIM TEMETTU,2026-08-08
ATATP,BIST KATILIM 100,2026-08-08
ATATP,BIST 500,2026-08-08
ATATP,BIST TÜM,2026-08-08
ATATP,BIST TEMETTÜ,2026-08-08
ATATP,BIST BİLİŞİM,2026-08-08
ATATP,BIST YILDIZ,2026-08-08
ATATP,BIST TEKNOLOJİ,2026-08-08
ATATR,BIST HALKA ARZ,2026-08-08
ATATR,BIST TURİZM,2026-08-08
ATATR,BIST TÜM,2026-08-08
ATATR,BIST HİZMETLER,2026-08-08
ATATR,BIST TÜM-100,2026-08-08
ATATR,BIST KONAKLAMA,2026-08-08
ATATR,BIST 500,2026-08-08
ATATR,BIST YILDIZ,2026-08-08
ATLAS,BIST MENKUL KIYM Y.O.,2026-08-08
AVGYO,BIST GAYRİMENKUL YAT. ORT.,2026-08-08
AVGYO,BIST TÜM,2026-08-08
AVGYO,BIST TÜM-100,2026-08-08
AVGYO,BIST MALİ,2026-08-08
AVGYO,BIST ANA,2026-08-08
AVGYO,BIST 500,2026-08-08
AVGYO,BIST GERİ ALIM,2026-08-08
AVHOL,BIST ANA,2026-08-08
AVHOL,BIST 500,2026-08-08
AVHOL,BIST TÜM,2026-08-08
AVHOL,BIST İSTANBUL,2026-08-08
AVHOL,BIST TÜM-100,2026-08-08
AVHOL,BIST MALİ,2026-08-08
AVHOL,BIST HOLDİNG VE YATIRIM,2026-08-08
AVOD,BIST TÜM,2026-08-08
AVOD,BIST İZMİR,2026-08-08
AVOD,BIST TÜM-100,2026-08-08
AVOD,BIST SINAİ,2026-08-08
AVOD,BIST 500,2026-08-08
AVOD,BIST ANA,2026-08-08
AVOD,"BIST GIDA, İÇECEK",2026-08-08
AVPGY,BIST KATILIM TUM,2026-08-08
AVPGY,BIST TÜM-100,2026-08-08
AVPGY,BIST KATILIM TEMETTU,2026-08-08
AVPGY,BIST TÜM,2026-08-08
AVPGY,BIST GAYRİMENKUL YAT. ORT.,2026-08-08
AVPGY,BIST 500,2026-08-08
AVPGY,BIST MALİ,2026-08-08
AVPGY,BIST TEMETTÜ,2026-08-08
AVPGY,BIST YILDIZ,2026-08-08
AVTUR,BIST TURİZM,2026-08-08
AVTUR,BIST KONAKLAMA,2026-08-08
AVTUR,BIST HİZMETLER,2026-08-08
AVTUR,BIST İSTANBUL,2026-08-08
AVTUR,BIST TÜM-100,2026-08-08
AVTUR,BIST TÜM,2026-08-08
AYCES,BIST HİZMETLER,2026-08-08
AYCES,BIST KONAKLAMA,2026-08-08
AYCES,BIST TÜM,2026-08-08
AYCES,BIST TURİZM,2026-08-08
AYCES,BIST TÜM-100,2026-08-08
AYCES,BIST İZMİR,2026-08-08
AYCES,BIST 500,2026-08-08
AYCES,BIST ANA,2026-08-08
AYDEM,BIST SÜRDÜRÜLEBİLİRLİK,2026-08-08
AYDEM,BIST HİZMETLER,2026-08-08
AYDEM,BIST TÜM-100,2026-08-08
AYDEM,BIST KURUMSAL YÖNETİM,2026-08-08
AYDEM,BIST ELEKTRİK,2026-08-08
AYDEM,BIST DENİZLİ,2026-08-08
AYDEM,BIST TÜM,2026-08-08
AYDEM,BIST 500,2026-08-08
AYDEM,BIST YILDIZ,2026-08-08
AYEN,BIST TÜM-100,2026-08-08
AYEN,BIST KATILIM TEMETTU,2026-08-08
AYEN,BIST 500,2026-08-08
AYEN,BIST ANA,2026-08-08
AYEN,BIST KAYSERİ,2026-08-08
AYEN,BIST ELEKTRİK,2026-08-08
AYEN,BIST TEMETTÜ,2026-08-08
AYEN,BIST KATILIM TUM,2026-08-08
AYEN,BIST TÜM,2026-08-08
AYEN,BIST HİZMETLER,2026-08-08
AYGAZ,BIST SÜRDÜRÜLEBİLİRLİK,2026-08-08
AYGAZ,BIST KURUMSAL YÖNETİM,2026-08-08
AYGAZ,BIST YILDIZ,2026-08-08
AYGAZ,BIST TEMETTÜ,2026-08-08
AYGAZ,BIST İSTANBUL,2026-08-08
AYGAZ,BIST TÜM,2026-08-08
AYGAZ,BIST TEMETTU 5 YIL,2026-08-08
AYGAZ,BIST 500,2026-08-08
AYGAZ,BIST TEMETTU 10 YIL,2026-08-08
AYGAZ,BIST TÜM-100,2026-08-08
AYGAZ,BIST SINAİ,2026-08-08
AYGAZ,"BIST KİMYA, PETROL, PLASTİK",2026-08-08
AZTEK,BIST BİLİŞİM,2026-08-08
AZTEK,BIST 500,2026-08-08
AZTEK,BIST TÜM-100,2026-08-08
AZTEK,BIST TÜM,2026-08-08
AZTEK,BIST ANA,2026-08-08
AZTEK,BIST TEKNOLOJİ,2026-08-08
AZTEK,BIST İSTANBUL,2026-08-08
BAGFS,BIST ANA,2026-08-08
BAGFS,BIST BALIKESİR,2026-08-08
BAGFS,BIST TÜM,2026-08-08
BAGFS,BIST SINAİ,2026-08-08
BAGFS,"BIST KİMYA, PETROL, PLASTİK",2026-08-08
BAGFS,BIST TÜM-100,2026-08-08
BAGFS,BIST 500,2026-08-08
BAHKM,BIST 500,2026-08-08
BAHKM,BIST SINAİ,2026-08-08
BAHKM,BIST TÜM-100,2026-08-08
BAHKM,BIST TÜM,2026-08-08
BAHKM,BIST ANA,2026-08-08
BAHKM,BIST KATILIM TUM,2026-08-08
BAHKM,"BIST KİMYA, PETROL, PLASTİK",2026-08-08
BAHKM,BIST HALKA ARZ,2026-08-08
BAHKM,BIST KOBI SANAYİ,2026-08-08
BAKAB,BIST İZMİR,2026-08-08
BAKAB,BIST KATILIM TUM,2026-08-08
BAKAB,"BIST ORMAN, KAĞIT, BASIM",2026-08-08
BAKAB,BIST SINAİ,2026-08-08
BAKAB,BIST TÜM-100,2026-08-08
BAKAB,BIST TÜM,2026-08-08
BAKAB,BIST ANA,2026-08-08
BALSU,BIST SINAİ,2026-08-08
BALSU,BIST 100-30,2026-08-08
BALSU,BIST TÜM,2026-08-08
BALSU,"BIST GIDA, İÇECEK",2026-08-08
BALSU,BIST HALKA ARZ,2026-08-08
BALSU,BIST YILDIZ,2026-08-08
BALSU,BIST 500,2026-08-08
BALSU,BIST 100,2026-08-08
BANVT,BIST BALIKESİR,2026-08-08
BANVT,"BIST GIDA, İÇECEK",2026-08-08
BANVT,BIST SINAİ,2026-08-08
BANVT,BIST TÜM,2026-08-08
BANVT,BIST TÜM-100,2026-08-08
BANVT,BIST ANA,2026-08-08
BANVT,BIST 500,2026-08-08
BASGZ,BIST TÜM-100,2026-08-08
BASGZ,BIST YILDIZ,2026-08-08
BASGZ,BIST KATILIM TEMETTU,2026-08-08
BASGZ,BIST GAYRİMENKUL YAT. ORT.,2026-08-08
BASGZ,BIST TÜM,2026-08-08
BASGZ,BIST TEMETTÜ,2026-08-08
BASGZ,BIST 500,2026-08-08
BASGZ,BIST MALİ,2026-08-08
BASGZ,BIST KATILIM TUM,2026-08-08
BAYRK,BIST SINAİ,2026-08-08
BAYRK,BIST ANA,2026-08-08
BAYRK,BIST 500,2026-08-08
BAYRK,"BIST KİMYA, PETROL, PLASTİK",2026-08-08
BAYRK,BIST TÜM-100,2026-08-08
BAYRK,BIST KATILIM TUM,2026-08-08
BAYRK,BIST KOBI SANAYİ,2026-08-08
BAYRK,BIST TÜM,2026-08-08
BEGYO,BIST KATILIM TUM,2026-08-08
BEGYO,BIST 500,2026-08-08
BEGYO,BIST MALİ,2026-08-08
BEGYO,BIST TÜM,2026-08-08
BEGYO,BIST ANA,2026-08-08
BEGYO,BIST GAYRİMENKUL YAT. ORT.,2026-08-08
BEGYO,BIST KATILIM 100,2026-08-08
BEGYO,BIST TÜM-100,2026-08-08
BERA,BIST KONYA,2026-08-08
BERA,BIST KATILIM 50,2026-08-08
BERA,BIST HOLDİNG VE YATIRIM,2026-08-08
BERA,BIST 100-30,2026-08-08
BERA,BIST KATILIM TUM,2026-08-08
BERA,BIST KATILIM 100,2026-08-08
BERA,BIST 500,2026-08-08
BERA,BIST TÜM,2026-08-08
BERA,BIST MALİ,2026-08-08
BERA,BIST 100,2026-08-08
BERA,BIST YILDIZ,2026-08-08
BESLR,"BIST GIDA, İÇECEK",2026-08-08
BESLR,BIST TÜM,2026-08-08
BESLR,BIST 500,2026-08-08
BESLR,BIST BURSA,2026-08-08
BESLR,BIST YILDIZ,2026-08-08
BESLR,BIST SÜRDÜRÜLEBİLİRLİK,2026-08-08
BESLR,BIST SINAİ,2026-08-08
BESLR,BIST TÜM-100,2026-08-08
BESTE,BIST 500,2026-08-08
BESTE,BIST ANA,2026-08-08
BESTE,BIST TÜM,2026-08-08
BESTE,BIST ELEKTRİK,2026-08-08
BESTE,BIST HİZMETLER,2026-08-08
BESTE,BIST KATILIM TUM,2026-08-08
BESTE,BIST HALKA ARZ,2026-08-08
BESTE,BIST TÜM-100,2026-08-08
BESTE,BIST İSTANBUL,2026-08-08
BETAE,BIST KATILIM TUM,2026-08-08
BETAE,BIST TÜM-100,2026-08-08
BETAE,BIST YILDIZ,2026-08-08
BETAE,BIST SINAİ,2026-08-08
BETAE,BIST HALKA ARZ,2026-08-08
BETAE,"BIST METAL EŞYA, MAKİNA",2026-08-08
BETAE,BIST ADANA,2026-08-08
BETAE,BIST TÜM,2026-08-08
BEYAZ,BIST HİZMETLER,2026-08-08
BEYAZ,BIST TEMETTU 5 YIL,2026-08-08
BEYAZ,BIST 500,2026-08-08
BEYAZ,BIST ANA,2026-08-08
BEYAZ,BIST BALIKESİR,2026-08-08
BEYAZ,BIST ULAŞTIRMA,2026-08-08
BEYAZ,BIST TÜM,2026-08-08
BEYAZ,BIST TÜM-100,2026-08-08
BFREN,BIST YILDIZ,2026-08-08
BFREN,BIST TÜM-100,2026-08-08
BFREN,BIST 500,2026-08-08
BFREN,BIST BURSA,2026-08-08
BFREN,BIST SINAİ,2026-08-08
BFREN,"BIST METAL EŞYA, MAKİNA",2026-08-08
BFREN,BIST TÜM,2026-08-08
BIENY,BIST 500,2026-08-08
BIENY,BIST TÜM-100,2026-08-08
BIENY,BIST TÜM,2026-08-08
BIENY,BIST KATILIM TUM,2026-08-08
BIENY,"BIST TAŞ, TOPRAK",2026-08-08
BIENY,BIST KATILIM 100,2026-08-08
BIENY,BIST SINAİ,2026-08-08
BIENY,BIST YILDIZ,2026-08-08
BIGCH,BIST 500,2026-08-08
BIGCH,BIST TÜM,2026-08-08
BIGCH,BIST İSTANBUL,2026-08-08
BIGCH,BIST HİZMETLER,2026-08-08
BIGCH,BIST YIYECEK VE ICECEK  HIZMETLERI,2026-08-08
BIGCH,BIST TÜM-100,2026-08-08
BIGCH,BIST ANA,2026-08-08
BIGCH,BIST TEMETTÜ,2026-08-08
BIGCH,BIST TURİZM,2026-08-08
BIGEN,BIST HALKA ARZ,2026-08-08
BIGEN,BIST 500,2026-08-08
BIGEN,BIST İSTANBUL,2026-08-08
BIGEN,BIST TÜM-100,2026-08-08
BIGEN,BIST ELEKTRİK,2026-08-08
BIGEN,BIST HİZMETLER,2026-08-08
BIGEN,BIST TÜM,2026-08-08
BIGEN,BIST YILDIZ,2026-08-08
BIGTK,BIST İSTANBUL,2026-08-08
BIGTK,BIST HİZMETLER,2026-08-08
BIGTK,BIST TÜM-100,2026-08-08
BIGTK,BIST ANA,2026-08-08
BIGTK,BIST TÜM,2026-08-08
BIGTK,BIST 500,2026-08-08
BIMAS,BIST 100,2026-08-08
BIMAS,BIST 30,2026-08-08
BIMAS,BIST KATILIM TUM,2026-08-08
BIMAS,BIST KATILIM TEMETTU,2026-08-08
BIMAS,BIST KATILIM 100,2026-08-08
BIMAS,BIST TÜM,2026-08-08
BIMAS,BIST TEMETTÜ,2026-08-08
BIMAS,BIST 50,2026-08-08
BIMAS,BIST TEMETTÜ 25,2026-08-08
BIMAS,BIST TİCARET,2026-08-08
BIMAS,BIST PERAKENDE TICARET,2026-08-08
BIMAS,BIST 500,2026-08-08
BIMAS,BIST SÜRDÜRÜLEBİLİRLİK,2026-08-08
BIMAS,BIST KATILIM 50,2026-08-08
BIMAS,BIST SÜRDÜRÜLEBİLİRLİK 25,2026-08-08
BIMAS,BIST TEMETTU 10 YIL,2026-08-08
BIMAS,BIST YILDIZ,2026-08-08
BIMAS,BIST HİZMETLER,2026-08-08
BIMAS,BIST SÜRDÜRÜLEBİLİRLİK KATILIM,2026-08-08
BIMAS,BIST TEMETTU 5 YIL,2026-08-08
BIMAS,BIST KATILIM 30,2026-08-08
BINBN,BIST HALKA ARZ,2026-08-08
BINBN,BIST TÜM,2026-08-08
BINBN,BIST KATILIM TUM,2026-08-08
BINBN,BIST YILDIZ,2026-08-08
BINBN,BIST TÜM-100,2026-08-08
BINBN,BIST 500,2026-08-08
BINBN,BIST TEKNOLOJİ,2026-08-08
BINBN,BIST KATILIM 100,2026-08-08
BINBN,BIST BİLİŞİM,2026-08-08
BINBN,BIST İSTANBUL,2026-08-08
BINHO,BIST TÜM-100,2026-08-08
BINHO,BIST YILDIZ,2026-08-08
BINHO,BIST TÜM,2026-08-08
BINHO,BIST 500,2026-08-08
BINHO,BIST İSTANBUL,2026-08-08
BINHO,BIST KATILIM 50,2026-08-08
BINHO,BIST HOLDİNG VE YATIRIM,2026-08-08
BINHO,BIST KATILIM 100,2026-08-08
BINHO,BIST KATILIM TUM,2026-08-08
BINHO,BIST MALİ,2026-08-08
BIOEN,BIST KURUMSAL YÖNETİM,2026-08-08
BIOEN,BIST YILDIZ,2026-08-08
BIOEN,BIST SÜRDÜRÜLEBİLİRLİK,2026-08-08
BIOEN,BIST TÜM,2026-08-08
BIOEN,BIST HİZMETLER,2026-08-08
BIOEN,BIST 500,2026-08-08
BIOEN,BIST ELEKTRİK,2026-08-08
BIOEN,BIST TÜM-100,2026-08-08
BIOEN,BIST İZMİR,2026-08-08
BIZIM,BIST HİZMETLER,2026-08-08
BIZIM,BIST ANA,2026-08-08
BIZIM,BIST TÜM-100,2026-08-08
BIZIM,BIST TİCARET,2026-08-08
BIZIM,BIST SÜRDÜRÜLEBİLİRLİK,2026-08-08
BIZIM,BIST TÜM,2026-08-08
BIZIM,BIST PERAKENDE TICARET,2026-08-08
BJKAS,BIST YILDIZ,2026-08-08
BJKAS,BIST HİZMETLER,2026-08-08
BJKAS,BIST 500,2026-08-08
BJKAS,BIST TÜM-100,2026-08-08
BJKAS,BIST TÜM,2026-08-08
BJKAS,BIST İSTANBUL,2026-08-08
BJKAS,BIST SPOR,2026-08-08
BLCYT,BIST KOBI SANAYİ,2026-08-08
BLCYT,BIST TÜM-100,2026-08-08
BLCYT,BIST ANA,2026-08-08
BLCYT,BIST 500,2026-08-08
BLCYT,BIST ADANA,2026-08-08
BLCYT,"BIST TEKSTİL, DERİ",2026-08-08
BLCYT,BIST SINAİ,2026-08-08
BLCYT,BIST TÜM,2026-08-08
BLUME,BIST 500,2026-08-08
BLUME,BIST METAL ANA,2026-08-08
BLUME,BIST KOBI SANAYİ,2026-08-08
BLUME,BIST SINAİ,2026-08-08
BLUME,BIST TÜM-100,2026-08-08
BLUME,BIST ANA,2026-08-08
BLUME,BIST TÜM,2026-08-08
BMSCH,BIST ANA,2026-08-08
BMSCH,BIST TÜM,2026-08-08
BMSCH,BIST TÜM-100,2026-08-08
BMSCH,BIST METAL ANA,2026-08-08
BMSCH,BIST MANİSA,2026-08-08
BMSCH,BIST 500,2026-08-08
BMSCH,BIST SINAİ,2026-08-08
BMSTL,BIST KATILIM 100,2026-08-08
BMSTL,BIST 500,2026-08-08
BMSTL,BIST KOCAELİ,2026-08-08
BMSTL,BIST TÜM-100,2026-08-08
BMSTL,BIST SINAİ,2026-08-08
BMSTL,BIST KATILIM TUM,2026-08-08
BMSTL,BIST TÜM,2026-08-08
BMSTL,BIST METAL ANA,2026-08-08
BMSTL,BIST ANA,2026-08-08
BMSTL,BIST KATILIM 50,2026-08-08
BNTAS,BIST SINAİ,2026-08-08
BNTAS,BIST 500,2026-08-08
BNTAS,BIST TÜM-100,2026-08-08
BNTAS,BIST ANA,2026-08-08
BNTAS,BIST BALIKESİR,2026-08-08
BNTAS,BIST TÜM,2026-08-08
BNTAS,"BIST METAL EŞYA, MAKİNA",2026-08-08
BOBET,BIST GERİ ALIM,2026-08-08
BOBET,"BIST TAŞ, TOPRAK",2026-08-08
BOBET,BIST TÜM-100,2026-08-08
BOBET,BIST İSTANBUL,2026-08-08
BOBET,BIST TÜM,2026-08-08
BOBET,BIST 500,2026-08-08
BOBET,BIST SINAİ,2026-08-08
BOBET,BIST YILDIZ,2026-08-08
BORLS,BIST İSTANBUL,2026-08-08
BORLS,BIST TÜM,2026-08-08
BORLS,BIST 500,2026-08-08
BORLS,BIST TÜM-100,2026-08-08
BORLS,BIST HİZMETLER,2026-08-08
BORLS,BIST YILDIZ,2026-08-08
BORSK,BIST TÜM-100,2026-08-08
BORSK,BIST SINAİ,2026-08-08
BORSK,BIST GERİ ALIM,2026-08-08
BORSK,BIST ANA,2026-08-08
BORSK,"BIST GIDA, İÇECEK",2026-08-08
BORSK,BIST KATILIM TUM,2026-08-08
BORSK,BIST KATILIM TEMETTU,2026-08-08
BORSK,BIST TÜM,2026-08-08
BORSK,BIST 500,2026-08-08
BOSSA,BIST TÜM-100,2026-08-08
BOSSA,BIST KATILIM TUM,2026-08-08
BOSSA,BIST SINAİ,2026-08-08
BOSSA,"BIST TEKSTİL, DERİ",2026-08-08
BOSSA,BIST 500,2026-08-08
BOSSA,BIST ADANA,2026-08-08
BOSSA,BIST ANA,2026-08-08
BOSSA,BIST TÜM,2026-08-08
BRISA,BIST KATILIM TUM,2026-08-08
BRISA,BIST SÜRDÜRÜLEBİLİRLİK,2026-08-08
BRISA,BIST KOCAELİ,2026-08-08
BRISA,BIST SÜRDÜRÜLEBİLİRLİK KATILIM,2026-08-08
BRISA,BIST 500,2026-08-08
BRISA,"BIST KİMYA, PETROL, PLASTİK",2026-08-08
BRISA,BIST TÜM-100,2026-08-08
BRISA,BIST TEMETTU 5 YIL,2026-08-08
BRISA,BIST SINAİ,2026-08-08
BRISA,BIST TÜM,2026-08-08
BRISA,BIST YILDIZ,2026-08-08
BRKSN,BIST SINAİ,2026-08-08
BRKSN,"BIST KİMYA, PETROL, PLASTİK",2026-08-08
BRKSN,BIST KATILIM TUM,2026-08-08
BRKSN,BIST TÜM,2026-08-08
BRKSN,BIST KOBI SANAYİ,2026-08-08
BRKSN,BIST TEKİRDAĞ,2026-08-08
BRKSN,BIST TÜM-100,2026-08-08
BRKVY,BIST 500,2026-08-08
BRKVY,BIST TÜM,2026-08-08
BRKVY,BIST TEMETTÜ,2026-08-08
BRKVY,BIST TÜM-100,2026-08-08
BRKVY,BIST ANA,2026-08-08
BRKVY,BIST MALİ,2026-08-08
BRLSM,BIST 500,2026-08-08
BRLSM,BIST TÜM,2026-08-08
BRLSM,BIST ANA,2026-08-08
BRLSM,BIST İSTANBUL,2026-08-08
BRLSM,BIST İNŞAAT,2026-08-08
BRLSM,BIST TÜM-100,2026-08-08
BRLSM,BIST KATILIM TUM,2026-08-08
BRLSM,BIST HİZMETLER,2026-08-08
BRSAN,BIST İSTANBUL,2026-08-08
BRSAN,BIST SINAİ,2026-08-08
BRSAN,BIST 100,2026-08-08
BRSAN,BIST 100-30,2026-08-08
BRSAN,BIST YILDIZ,2026-08-08
BRSAN,BIST METAL ANA,2026-08-08
BRSAN,BIST 500,2026-08-08
BRSAN,BIST 50,2026-08-08
BRSAN,BIST TÜM,2026-08-08
BRYAT,BIST YILDIZ,2026-08-08
BRYAT,BIST 500,2026-08-08
BRYAT,BIST MALİ,2026-08-08
BRYAT,BIST İSTANBUL,2026-08-08
BRYAT,BIST TEMETTÜ 25,2026-08-08
BRYAT,BIST TEMETTU 10 YIL,2026-08-08
BRYAT,BIST TEMETTU 5 YIL,2026-08-08
BRYAT,BIST 100-30,2026-08-08
BRYAT,BIST 100,2026-08-08
BRYAT,BIST TÜM,2026-08-08
BRYAT,BIST TEMETTÜ,2026-08-08
BRYAT,BIST HOLDİNG VE YATIRIM,2026-08-08
BSOKE,BIST 500,2026-08-08
BSOKE,BIST KATILIM 30,2026-08-08
BSOKE,BIST KATILIM TUM,2026-08-08
BSOKE,"BIST TAŞ, TOPRAK",2026-08-08
BSOKE,BIST TÜM,2026-08-08
BSOKE,BIST 100-30,2026-08-08
BSOKE,BIST KATILIM 100,2026-08-08
BSOKE,BIST SÜRDÜRÜLEBİLİRLİK,2026-08-08
BSOKE,BIST KURUMSAL YÖNETİM,2026-08-08
BSOKE,BIST 100,2026-08-08
BSOKE,BIST AYDIN,2026-08-08
BSOKE,BIST SÜRDÜRÜLEBİLİRLİK KATILIM,2026-08-08
BSOKE,BIST KATILIM 50,2026-08-08
BSOKE,BIST YILDIZ,2026-08-08
BSOKE,BIST SINAİ,2026-08-08
BTCIM,BIST TÜM,2026-08-08
BTCIM,BIST 500,2026-08-08
BTCIM,BIST SÜRDÜRÜLEBİLİRLİK,2026-08-08
BTCIM,BIST YILDIZ,2026-08-08
BTCIM,BIST 50,2026-08-08
BTCIM,BIST SINAİ,2026-08-08
BTCIM,BIST İZMİR,2026-08-08
BTCIM,BIST 100,2026-08-08
BTCIM,BIST 100-30,2026-08-08
BTCIM,BIST KURUMSAL YÖNETİM,2026-08-08
BTCIM,"BIST TAŞ, TOPRAK",2026-08-08
BUCIM,BIST TÜM-100,2026-08-08
BUCIM,BIST 500,2026-08-08
BUCIM,BIST TÜM,2026-08-08
BUCIM,"BIST TAŞ, TOPRAK",2026-08-08
BUCIM,BIST SINAİ,2026-08-08
BUCIM,BIST YILDIZ,2026-08-08
BUCIM,BIST KATILIM TUM,2026-08-08
BUCIM,BIST BURSA,2026-08-08
BULGS,BIST MALİ,2026-08-08
BULGS,BIST TÜM-100,2026-08-08
BULGS,BIST HALKA ARZ,2026-08-08
BULGS,BIST ANA,2026-08-08
BULGS,BIST GIRISIM SERMAYESI Y.O.,2026-08-08
BULGS,BIST TÜM,2026-08-08
BULGS,BIST 500,2026-08-08
BURCE,BIST KOBI SANAYİ,2026-08-08
BURCE,BIST BURSA,2026-08-08
BURCE,BIST TÜM,2026-08-08
BURCE,BIST TÜM-100,2026-08-08
BURCE,BIST KATILIM TUM,2026-08-08
BURCE,BIST SINAİ,2026-08-08
BURCE,BIST METAL ANA,2026-08-08
BURCE,BIST ANA,2026-08-08
BURCE,BIST 500,2026-08-08
BURVA,BIST TÜM-100,2026-08-08
BURVA,BIST BURSA,2026-08-08
BURVA,BIST KOBI SANAYİ,2026-08-08
BURVA,BIST METAL ANA,2026-08-08
BURVA,BIST TÜM,2026-08-08
BURVA,BIST SINAİ,2026-08-08
BURVA,BIST KATILIM TUM,2026-08-08
BVSAN,BIST TEMETTÜ,2026-08-08
BVSAN,BIST ANKARA,2026-08-08
BVSAN,BIST ANA,2026-08-08
BVSAN,BIST 500,2026-08-08
BVSAN,BIST TÜM-100,2026-08-08
BVSAN,BIST TÜM,2026-08-08
BVSAN,BIST SINAİ,2026-08-08
BVSAN,"BIST METAL EŞYA, MAKİNA",2026-08-08
BYDNR,BIST TÜM-100,2026-08-08
BYDNR,BIST TURİZM,2026-08-08
BYDNR,BIST ANA,2026-08-08
BYDNR,BIST İZMİR,2026-08-08
BYDNR,BIST YIYECEK VE ICECEK  HIZMETLERI,2026-08-08
BYDNR,BIST HİZMETLER,2026-08-08
BYDNR,BIST KATILIM TUM,2026-08-08
BYDNR,BIST TÜM,2026-08-08
CANTE,BIST 50,2026-08-08
CANTE,BIST 100,2026-08-08
CANTE,BIST TÜM,2026-08-08
CANTE,BIST KATILIM 30,2026-08-08
CANTE,BIST ELEKTRİK,2026-08-08
CANTE,BIST KATILIM 50,2026-08-08
CANTE,BIST KURUMSAL YÖNETİM,2026-08-08
CANTE,BIST YILDIZ,2026-08-08
CANTE,BIST 500,2026-08-08
CANTE,BIST HİZMETLER,2026-08-08
CANTE,BIST KATILIM TUM,2026-08-08
CANTE,BIST KATILIM 100,2026-08-08
CANTE,BIST 100-30,2026-08-08
CATES,BIST HİZMETLER,2026-08-08
CATES,BIST ELEKTRİK,2026-08-08
CATES,BIST ANA,2026-08-08
CATES,BIST TÜM,2026-08-08
CATES,BIST TÜM-100,2026-08-08
CATES,BIST KATILIM TUM,2026-08-08
CATES,BIST KURUMSAL YÖNETİM,2026-08-08
CATES,BIST 500,2026-08-08
CCOLA,BIST TEMETTÜ,2026-08-08
CCOLA,BIST YILDIZ,2026-08-08
CCOLA,BIST TÜM,2026-08-08
CCOLA,BIST 100,2026-08-08
CCOLA,BIST KURUMSAL YÖNETİM,2026-08-08
CCOLA,BIST 100-30,2026-08-08
CCOLA,BIST 500,2026-08-08
CCOLA,BIST TEMETTU 10 YIL,2026-08-08
CCOLA,BIST İSTANBUL,2026-08-08
CCOLA,BIST TEMETTÜ 25,2026-08-08
CCOLA,BIST 50,2026-08-08
CCOLA,BIST TEMETTU 5 YIL,2026-08-08
CCOLA,"BIST GIDA, İÇECEK",2026-08-08
CCOLA,BIST SINAİ,2026-08-08
CCOLA,BIST SÜRDÜRÜLEBİLİRLİK,2026-08-08
CELHA,BIST TÜM,2026-08-08
CELHA,BIST 500,2026-08-08
CELHA,BIST KATILIM TUM,2026-08-08
CELHA,BIST ANA,2026-08-08
CELHA,BIST SINAİ,2026-08-08
CELHA,BIST METAL ANA,2026-08-08
CELHA,BIST KOCAELİ,2026-08-08
CELHA,BIST TÜM-100,2026-08-08
CEMAS,BIST 500,2026-08-08
CEMAS,BIST ANA,2026-08-08
CEMAS,BIST METAL ANA,2026-08-08
CEMAS,BIST SINAİ,2026-08-08
CEMAS,BIST TÜM-100,2026-08-08
CEMAS,BIST TÜM,2026-08-08
CEMTS,BIST BURSA,2026-08-08
CEMTS,BIST ANA,2026-08-08
CEMTS,BIST KATILIM TUM,2026-08-08
CEMTS,BIST TEMETTU 5 YIL,2026-08-08
CEMTS,BIST METAL ANA,2026-08-08
CEMTS,BIST TÜM-100,2026-08-08
CEMTS,BIST TÜM,2026-08-08
CEMTS,BIST SINAİ,2026-08-08
CEMTS,BIST 500,2026-08-08
CEMTS,BIST TEMETTU 10 YIL,2026-08-08
CEMTS,BIST KATILIM 100,2026-08-08
CEMZY,BIST BALIKESİR,2026-08-08
CEMZY,BIST SINAİ,2026-08-08
CEMZY,BIST TÜM,2026-08-08
CEMZY,"BIST GIDA, İÇECEK",2026-08-08
CEMZY,BIST TÜM-100,2026-08-08
CEMZY,BIST HALKA ARZ,2026-08-08
CEMZY,BIST YILDIZ,2026-08-08
CEMZY,BIST KATILIM 100,2026-08-08
CEMZY,BIST KATILIM TUM,2026-08-08
CEMZY,BIST 500,2026-08-08
CEOEM,BIST ANA,2026-08-08
CEOEM,BIST İSTANBUL,2026-08-08
CEOEM,BIST TÜM,2026-08-08
CEOEM,BIST TÜM-100,2026-08-08
CEOEM,BIST HİZMETLER,2026-08-08
CEOEM,BIST 500,2026-08-08
CGCAM,"BIST TAŞ, TOPRAK",2026-08-08
CGCAM,BIST 500,2026-08-08
CGCAM,BIST SINAİ,2026-08-08
CGCAM,BIST HALKA ARZ,2026-08-08
CGCAM,BIST TÜM-100,2026-08-08
CGCAM,BIST YILDIZ,2026-08-08
CGCAM,BIST MANİSA,2026-08-08
CGCAM,BIST TÜM,2026-08-08
CIMSA,BIST SÜRDÜRÜLEBİLİRLİK 25,2026-08-08
CIMSA,BIST TÜM,2026-08-08
CIMSA,BIST 100-30,2026-08-08
CIMSA,BIST KATILIM 100,2026-08-08
CIMSA,BIST KATILIM TEMETTU,2026-08-08
CIMSA,BIST TEMETTÜ,2026-08-08
CIMSA,BIST TEMETTÜ 25,2026-08-08
CIMSA,BIST KATILIM TUM,2026-08-08
CIMSA,BIST KATILIM 50,2026-08-08
CIMSA,BIST KATILIM 30,2026-08-08
CIMSA,BIST 50,2026-08-08
CIMSA,"BIST TAŞ, TOPRAK",2026-08-08
CIMSA,BIST YILDIZ,2026-08-08
CIMSA,BIST SÜRDÜRÜLEBİLİRLİK KATILIM,2026-08-08
CIMSA,BIST 500,2026-08-08
CIMSA,BIST SÜRDÜRÜLEBİLİRLİK,2026-08-08
CIMSA,BIST SINAİ,2026-08-08
CIMSA,BIST 100,2026-08-08
CLEBI,BIST TÜM,2026-08-08
CLEBI,BIST TÜM-100,2026-08-08
CLEBI,BIST İSTANBUL,2026-08-08
CLEBI,BIST ULAŞTIRMA,2026-08-08
CLEBI,BIST TEMETTÜ,2026-08-08
CLEBI,BIST YILDIZ,2026-08-08
CLEBI,BIST HİZMETLER,2026-08-08
CLEBI,BIST 500,2026-08-08
CMBTN,BIST SINAİ,2026-08-08
CMBTN,"BIST TAŞ, TOPRAK",2026-08-08
CMBTN,BIST KATILIM TUM,2026-08-08
CMBTN,BIST ANA,2026-08-08
CMBTN,BIST İZMİR,2026-08-08
CMBTN,BIST TÜM,2026-08-08
CMBTN,BIST 500,2026-08-08
CMBTN,BIST TÜM-100,2026-08-08
CONSE,BIST ELEKTRİK,2026-08-08
CONSE,BIST İSTANBUL,2026-08-08
CONSE,BIST 500,2026-08-08
CONSE,BIST ANA,2026-08-08
CONSE,BIST TÜM,2026-08-08
CONSE,BIST KURUMSAL YÖNETİM,2026-08-08
CONSE,BIST TÜM-100,2026-08-08
CONSE,BIST SÜRDÜRÜLEBİLİRLİK,2026-08-08
CONSE,BIST HİZMETLER,2026-08-08
COSMO,BIST MALİ,2026-08-08
COSMO,BIST İSTANBUL,2026-08-08
COSMO,BIST TÜM,2026-08-08
COSMO,BIST HOLDİNG VE YATIRIM,2026-08-08
COSMO,BIST KATILIM TUM,2026-08-08
COSMO,BIST TÜM-100,2026-08-08
CRDFA,BIST FİN. KİR. FAKTORİNG,2026-08-08
CRDFA,BIST KURUMSAL YÖNETİM,2026-08-08
CRDFA,BIST TÜM-100,2026-08-08
CRDFA,BIST TÜM,2026-08-08
CRDFA,BIST MALİ,2026-08-08
CRFSA,BIST PERAKENDE TICARET,2026-08-08
CRFSA,BIST HİZMETLER,2026-08-08
CRFSA,BIST TÜM-100,2026-08-08
CRFSA,BIST 500,2026-08-08
CRFSA,BIST TİCARET,2026-08-08
CRFSA,BIST TÜM,2026-08-08
CRFSA,BIST ANA,2026-08-08
CUSAN,BIST SINAİ,2026-08-08
CUSAN,BIST TÜM-100,2026-08-08
CUSAN,BIST ANA,2026-08-08
CUSAN,BIST İSTANBUL,2026-08-08
CUSAN,BIST TÜM,2026-08-08
CUSAN,BIST METAL ANA,2026-08-08
CVKMD,BIST 100-30,2026-08-08
CVKMD,BIST BURSA,2026-08-08
CVKMD,BIST 500,2026-08-08
CVKMD,BIST KATILIM TUM,2026-08-08
CVKMD,BIST KATILIM 100,2026-08-08
CVKMD,BIST YILDIZ,2026-08-08
CVKMD,BIST MADENCİLİK,2026-08-08
CVKMD,BIST TÜM,2026-08-08
CVKMD,BIST 100,2026-08-08
CVKMD,BIST KATILIM 50,2026-08-08
CVKMD,BIST KATILIM 30,2026-08-08
CVKMD,BIST SINAİ,2026-08-08
CWENE,BIST HİZMETLER,2026-08-08
CWENE,BIST KATILIM 50,2026-08-08
CWENE,BIST KATILIM TUM,2026-08-08
CWENE,BIST 100,2026-08-08
CWENE,BIST ANTALYA,2026-08-08
CWENE,BIST KATILIM 30,2026-08-08
CWENE,BIST YILDIZ,2026-08-08
CWENE,BIST KATILIM 100,2026-08-08
CWENE,BIST 100-30,2026-08-08
CWENE,BIST TÜM,2026-08-08
CWENE,BIST 500,2026-08-08
CWENE,BIST ELEKTRİK,2026-08-08
DAGI,BIST GERİ ALIM,2026-08-08
DAGI,BIST TÜM-100,2026-08-08
DAGI,BIST 500,2026-08-08
DAGI,BIST İSTANBUL,2026-08-08
DAGI,"BIST TEKSTİL, DERİ",2026-08-08
DAGI,BIST SINAİ,2026-08-08
DAGI,BIST ANA,2026-08-08
DAGI,BIST TÜM,2026-08-08
DAPGM,BIST KATILIM 100,2026-08-08
DAPGM,BIST 100-30,2026-08-08
DAPGM,BIST İSTANBUL,2026-08-08
DAPGM,BIST HİZMETLER,2026-08-08
DAPGM,BIST 500,2026-08-08
DAPGM,BIST YILDIZ,2026-08-08
DAPGM,BIST KATILIM TUM,2026-08-08
DAPGM,BIST 100,2026-08-08
DAPGM,BIST TÜM,2026-08-08
DAPGM,BIST KATILIM 30,2026-08-08
DAPGM,BIST KATILIM 50,2026-08-08
DAPGM,BIST İNŞAAT,2026-08-08
DARDL,"BIST GIDA, İÇECEK",2026-08-08
DARDL,BIST KATILIM TUM,2026-08-08
DARDL,BIST TÜM,2026-08-08
DARDL,BIST SINAİ,2026-08-08
DARDL,BIST ANA,2026-08-08
DARDL,BIST 500,2026-08-08
DARDL,BIST TÜM-100,2026-08-08
DCTTR,BIST TÜM-100,2026-08-08
DCTTR,BIST KATILIM 100,2026-08-08
DCTTR,BIST HİZMETLER,2026-08-08
DCTTR,BIST TOPTAN TICARET,2026-08-08
DCTTR,BIST TÜM,2026-08-08
DCTTR,BIST KATILIM TUM,2026-08-08
DCTTR,BIST 500,2026-08-08
DCTTR,BIST TİCARET,2026-08-08
DCTTR,BIST ANA,2026-08-08
DCTTR,BIST İSTANBUL,2026-08-08
DENGE,BIST İSTANBUL,2026-08-08
DENGE,BIST TÜM,2026-08-08
DENGE,BIST KATILIM TUM,2026-08-08
DENGE,BIST ANA,2026-08-08
DENGE,BIST HOLDİNG VE YATIRIM,2026-08-08
DENGE,BIST TÜM-100,2026-08-08
DENGE,BIST MALİ,2026-08-08
DENGE,BIST 500,2026-08-08
DERHL,BIST TÜM-100,2026-08-08
DERHL,BIST TÜM,2026-08-08
DERHL,BIST 500,2026-08-08
DERHL,BIST İSTANBUL,2026-08-08
DERHL,BIST HOLDİNG VE YATIRIM,2026-08-08
DERHL,BIST MALİ,2026-08-08
DERHL,BIST ANA,2026-08-08
DERIM,"BIST TEKSTİL, DERİ",2026-08-08
DERIM,BIST TÜM-100,2026-08-08
DERIM,BIST TÜM,2026-08-08
DERIM,BIST ANA,2026-08-08
DERIM,BIST SINAİ,2026-08-08
DERIM,BIST İSTANBUL,2026-08-08
DESA,BIST TÜM,2026-08-08
DESA,BIST TÜM-100,2026-08-08
DESA,BIST 500,2026-08-08
DESA,"BIST TEKSTİL, DERİ",2026-08-08
DESA,BIST SINAİ,2026-08-08
DESA,BIST ANA,2026-08-08
DESPC,BIST TÜM-100,2026-08-08
DESPC,BIST İSTANBUL,2026-08-08
DESPC,BIST TEKNOLOJİ,2026-08-08
DESPC,BIST BİLİŞİM,2026-08-08
DESPC,BIST TÜM,2026-08-08
DESPC,BIST ANA,2026-08-08
DESPC,BIST KATILIM TUM,2026-08-08
DEVA,BIST TÜM,2026-08-08
DEVA,BIST TÜM-100,2026-08-08
DEVA,BIST SINAİ,2026-08-08
DEVA,BIST 500,2026-08-08
DEVA,BIST YILDIZ,2026-08-08
DEVA,"BIST KİMYA, PETROL, PLASTİK",2026-08-08
DEVA,BIST TEKİRDAĞ,2026-08-08
DGATE,BIST İSTANBUL,2026-08-08
DGATE,BIST TEKNOLOJİ,2026-08-08
DGATE,BIST TÜM,2026-08-08
DGATE,BIST ANA,2026-08-08
DGATE,BIST BİLİŞİM,2026-08-08
DGATE,BIST KATILIM TUM,2026-08-08
DGATE,BIST 500,2026-08-08
DGATE,BIST TÜM-100,2026-08-08
DGGYO,BIST TÜM-100,2026-08-08
DGGYO,BIST TÜM,2026-08-08
DGGYO,BIST KURUMSAL YÖNETİM,2026-08-08
DGGYO,BIST MALİ,2026-08-08
DGGYO,BIST GAYRİMENKUL YAT. ORT.,2026-08-08
DGNMO,BIST SINAİ,2026-08-08
DGNMO,BIST 500,2026-08-08
DGNMO,BIST ANA,2026-08-08
DGNMO,BIST KURUMSAL YÖNETİM,2026-08-08
DGNMO,BIST TÜM-100,2026-08-08
DGNMO,BIST TÜM,2026-08-08
DGNMO,BIST SÜRDÜRÜLEBİLİRLİK,2026-08-08
DGNMO,"BIST ORMAN, KAĞIT, BASIM",2026-08-08
DITAS,BIST KATILIM TUM,2026-08-08
DITAS,BIST 500,2026-08-08
DITAS,"BIST METAL EŞYA, MAKİNA",2026-08-08
DITAS,BIST ANA,2026-08-08
DITAS,BIST TÜM-100,2026-08-08
DITAS,BIST SINAİ,2026-08-08
DITAS,BIST TÜM,2026-08-08
DMRGD,BIST ANA,2026-08-08
DMRGD,BIST TÜM,2026-08-08
DMRGD,"BIST GIDA, İÇECEK",2026-08-08
DMRGD,BIST TÜM-100,2026-08-08
DMRGD,BIST SINAİ,2026-08-08
DMRGD,BIST İSTANBUL,2026-08-08
DMRGD,BIST 500,2026-08-08
DMSAS,BIST KATILIM TUM,2026-08-08
DMSAS,BIST TÜM-100,2026-08-08
DMSAS,BIST 500,2026-08-08
DMSAS,BIST ANA,2026-08-08
DMSAS,BIST METAL ANA,2026-08-08
DMSAS,BIST SINAİ,2026-08-08
DMSAS,BIST TÜM,2026-08-08
DNISI,BIST KATILIM TUM,2026-08-08
DNISI,BIST KOBI SANAYİ,2026-08-08
DNISI,BIST 500,2026-08-08
DNISI,BIST İZMİR,2026-08-08
DNISI,BIST SINAİ,2026-08-08
DNISI,BIST TÜM,2026-08-08
DNISI,BIST ANA,2026-08-08
DNISI,BIST TÜM-100,2026-08-08
DNISI,"BIST KİMYA, PETROL, PLASTİK",2026-08-08
DOAS,BIST 100,2026-08-08
DOAS,BIST TİCARET,2026-08-08
DOAS,BIST TEMETTÜ 25,2026-08-08
DOAS,BIST TEMETTÜ,2026-08-08
DOAS,BIST YILDIZ,2026-08-08
DOAS,BIST TÜM,2026-08-08
DOAS,BIST TOPTAN TICARET,2026-08-08
DOAS,BIST TEMETTU 5 YIL,2026-08-08
DOAS,BIST KURUMSAL YÖNETİM,2026-08-08
DOAS,BIST 100-30,2026-08-08
DOAS,BIST İSTANBUL,2026-08-08
DOAS,BIST SÜRDÜRÜLEBİLİRLİK,2026-08-08
DOAS,BIST HİZMETLER,2026-08-08
DOAS,BIST 500,2026-08-08
DOCO,BIST SÜRDÜRÜLEBİLİRLİK,2026-08-08
DOCO,BIST YIYECEK VE ICECEK  HIZMETLERI,2026-08-08
DOCO,BIST HİZMETLER,2026-08-08
DOCO,BIST TURİZM,2026-08-08
DOCO,BIST TÜM-100,2026-08-08
DOCO,BIST TÜM,2026-08-08
DOCO,BIST ANA,2026-08-08
DOCO,BIST 500,2026-08-08
DOFER,BIST METAL ANA,2026-08-08
DOFER,BIST TÜM,2026-08-08
DOFER,BIST SINAİ,2026-08-08
DOFER,BIST TÜM-100,2026-08-08
DOFER,BIST 500,2026-08-08
DOFER,BIST KATILIM TUM,2026-08-08
DOFER,BIST ANA,2026-08-08
DOFRB,BIST 500,2026-08-08
DOFRB,BIST KATILIM TUM,2026-08-08
DOFRB,BIST TEKNOLOJİ,2026-08-08
DOFRB,BIST KATILIM 50,2026-08-08
DOFRB,BIST KATILIM 100,2026-08-08
DOFRB,BIST TÜM-100,2026-08-08
DOFRB,BIST HALKA ARZ,2026-08-08
DOFRB,BIST TÜM,2026-08-08
DOFRB,BIST BİLİŞİM,2026-08-08
DOFRB,BIST İSTANBUL,2026-08-08
DOFRB,BIST YILDIZ,2026-08-08
DOGUB,"BIST TAŞ, TOPRAK",2026-08-08
DOGUB,BIST SINAİ,2026-08-08
DOGUB,BIST KATILIM TUM,2026-08-08
DOGUB,BIST KOBI SANAYİ,2026-08-08
DOGUB,BIST TÜM-100,2026-08-08
DOGUB,BIST TÜM,2026-08-08
DOHOL,BIST MALİ,2026-08-08
DOHOL,BIST TÜM,2026-08-08
DOHOL,BIST 500,2026-08-08
DOHOL,BIST 100,2026-08-08
DOHOL,BIST YILDIZ,2026-08-08
DOHOL,BIST İSTANBUL,2026-08-08
DOHOL,BIST HOLDİNG VE YATIRIM,2026-08-08
DOHOL,BIST TEMETTU 5 YIL,2026-08-08
DOHOL,BIST 100-30,2026-08-08
DOHOL,BIST SÜRDÜRÜLEBİLİRLİK,2026-08-08
DOHOL,BIST KURUMSAL YÖNETİM,2026-08-08
DOKTA,BIST METAL ANA,2026-08-08
DOKTA,BIST TÜM-100,2026-08-08
DOKTA,BIST BURSA,2026-08-08
DOKTA,BIST TÜM,2026-08-08
DOKTA,BIST ANA,2026-08-08
DOKTA,BIST SINAİ,2026-08-08
DSTKF,BIST YILDIZ,2026-08-08
DSTKF,BIST FİN. KİR. FAKTORİNG,2026-08-08
DSTKF,BIST 50,2026-08-08
DSTKF,BIST 500,2026-08-08
DSTKF,BIST 100,2026-08-08
DSTKF,BIST 30,2026-08-08
DSTKF,BIST TÜM,2026-08-08
DSTKF,BIST MALİ,2026-08-08
DSTKF,BIST HALKA ARZ,2026-08-08
DUNYH,BIST TÜM,2026-08-08
DUNYH,BIST HOLDİNG VE YATIRIM,2026-08-08
DUNYH,BIST ANA,2026-08-08
DUNYH,BIST İSTANBUL,2026-08-08
DUNYH,BIST TÜM-100,2026-08-08
DUNYH,BIST MALİ,2026-08-08
DUNYH,BIST 500,2026-08-08
DURDO,"BIST ORMAN, KAĞIT, BASIM",2026-08-08
DURDO,BIST 500,2026-08-08
DURDO,BIST SINAİ,2026-08-08
DURDO,BIST TÜM-100,2026-08-08
DURDO,BIST İSTANBUL,2026-08-08
DURDO,BIST ANA,2026-08-08
DURDO,BIST TÜM,2026-08-08
DURKN,"BIST GIDA, İÇECEK",2026-08-08
DURKN,BIST ANA,2026-08-08
DURKN,BIST ANKARA,2026-08-08
DURKN,BIST TÜM,2026-08-08
DURKN,BIST HALKA ARZ,2026-08-08
DURKN,BIST SINAİ,2026-08-08
DURKN,BIST 500,2026-08-08
DURKN,BIST TÜM-100,2026-08-08
DYOBY,BIST KOCAELİ,2026-08-08
DYOBY,BIST ANA,2026-08-08
DYOBY,"BIST KİMYA, PETROL, PLASTİK",2026-08-08
DYOBY,BIST SINAİ,2026-08-08
DYOBY,BIST TÜM-100,2026-08-08
DYOBY,BIST TÜM,2026-08-08
DYOBY,BIST 500,2026-08-08
DYOBY,BIST KATILIM TUM,2026-08-08
DZGYO,BIST TÜM,2026-08-08
DZGYO,BIST GAYRİMENKUL YAT. ORT.,2026-08-08
DZGYO,BIST TÜM-100,2026-08-08
DZGYO,BIST ANA,2026-08-08
DZGYO,BIST 500,2026-08-08
DZGYO,BIST MALİ,2026-08-08
EBEBK,BIST HİZMETLER,2026-08-08
EBEBK,BIST TÜM-100,2026-08-08
EBEBK,BIST TİCARET,2026-08-08
EBEBK,BIST TÜM,2026-08-08
EBEBK,BIST YILDIZ,2026-08-08
EBEBK,BIST KATILIM TUM,2026-08-08
EBEBK,BIST PERAKENDE TICARET,2026-08-08
EBEBK,BIST TEMETTÜ,2026-08-08
EBEBK,BIST KATILIM TEMETTU,2026-08-08
EBEBK,BIST 500,2026-08-08
ECILC,BIST 100-30,2026-08-08
ECILC,BIST TEMETTÜ 25,2026-08-08
ECILC,BIST SÜRDÜRÜLEBİLİRLİK,2026-08-08
ECILC,BIST HOLDİNG VE YATIRIM,2026-08-08
ECILC,BIST YILDIZ,2026-08-08
ECILC,BIST 50,2026-08-08
ECILC,BIST 100,2026-08-08
ECILC,BIST MALİ,2026-08-08
ECILC,BIST TEMETTÜ,2026-08-08
ECILC,BIST 500,2026-08-08
ECILC,BIST İSTANBUL,2026-08-08
ECILC,BIST TEMETTU 10 YIL,2026-08-08
ECILC,BIST TEMETTU 5 YIL,2026-08-08
ECILC,BIST TÜM,2026-08-08
ECOGR,BIST TÜM,2026-08-08
ECOGR,BIST YILDIZ,2026-08-08
ECOGR,BIST 500,2026-08-08
ECOGR,BIST HALKA ARZ,2026-08-08
ECOGR,BIST ELEKTRİK,2026-08-08
ECOGR,BIST HİZMETLER,2026-08-08
ECOGR,BIST TÜM-100,2026-08-08
ECOGR,BIST DENİZLİ,2026-08-08
ECZYT,BIST MALİ,2026-08-08
ECZYT,BIST HOLDİNG VE YATIRIM,2026-08-08
ECZYT,BIST TÜM-100,2026-08-08
ECZYT,BIST YILDIZ,2026-08-08
ECZYT,BIST TEMETTU 10 YIL,2026-08-08
ECZYT,BIST TEMETTÜ,2026-08-08
ECZYT,BIST İSTANBUL,2026-08-08
ECZYT,BIST TEMETTU 5 YIL,2026-08-08
ECZYT,BIST TÜM,2026-08-08
ECZYT,BIST 500,2026-08-08
EDATA,BIST ANKARA,2026-08-08
EDATA,BIST KATILIM TUM,2026-08-08
EDATA,BIST 500,2026-08-08
EDATA,BIST TÜM-100,2026-08-08
EDATA,BIST BİLİŞİM,2026-08-08
EDATA,BIST TÜM,2026-08-08
EDATA,BIST TEKNOLOJİ,2026-08-08
EDATA,BIST ANA,2026-08-08
EDIP,BIST TÜM-100,2026-08-08
EDIP,BIST KATILIM TUM,2026-08-08
EDIP,BIST ANA,2026-08-08
EDIP,BIST TÜM,2026-08-08
EDIP,BIST 500,2026-08-08
EDIP,BIST HİZMETLER,2026-08-08
EDIP,BIST İNŞAAT,2026-08-08
EDIP,BIST İSTANBUL,2026-08-08
EFOR,"BIST GIDA, İÇECEK",2026-08-08
EFOR,BIST KATILIM 50,2026-08-08
EFOR,BIST 500,2026-08-08
EFOR,BIST KATILIM TUM,2026-08-08
EFOR,BIST SINAİ,2026-08-08
EFOR,BIST KATILIM 30,2026-08-08
EFOR,BIST YILDIZ,2026-08-08
EFOR,BIST 50,2026-08-08
EFOR,BIST 100,2026-08-08
EFOR,BIST 100-30,2026-08-08
EFOR,BIST TÜM,2026-08-08
EFOR,BIST KATILIM 100,2026-08-08
EGEEN,BIST SINAİ,2026-08-08
EGEEN,BIST TEMETTU 10 YIL,2026-08-08
EGEEN,"BIST METAL EŞYA, MAKİNA",2026-08-08
EGEEN,BIST TEMETTU 5 YIL,2026-08-08
EGEEN,BIST 500,2026-08-08
EGEEN,BIST İZMİR,2026-08-08
EGEEN,BIST TÜM-100,2026-08-08
EGEEN,BIST TÜM,2026-08-08
EGEEN,BIST YILDIZ,2026-08-08
EGEGY,BIST TÜM,2026-08-08
EGEGY,BIST TÜM-100,2026-08-08
EGEGY,BIST ANA,2026-08-08
EGEGY,BIST HALKA ARZ,2026-08-08
EGEGY,BIST 500,2026-08-08
EGEGY,BIST MALİ,2026-08-08
EGEGY,BIST GAYRİMENKUL YAT. ORT.,2026-08-08
EGEPO,BIST TÜM,2026-08-08
EGEPO,BIST TÜM-100,2026-08-08
EGEPO,BIST 500,2026-08-08
EGEPO,BIST KATILIM TUM,2026-08-08
EGEPO,BIST İZMİR,2026-08-08
EGEPO,BIST HİZMETLER,2026-08-08
EGEPO,BIST ANA,2026-08-08
EGGUB,"BIST KİMYA, PETROL, PLASTİK",2026-08-08
EGGUB,BIST KATILIM TEMETTU,2026-08-08
EGGUB,BIST İZMİR,2026-08-08
EGGUB,BIST TEMETTÜ,2026-08-08
EGGUB,BIST TEMETTU 5 YIL,2026-08-08
EGGUB,BIST TEMETTU 10 YIL,2026-08-08
EGGUB,BIST KATILIM TUM,2026-08-08
EGGUB,BIST TÜM-100,2026-08-08
EGGUB,BIST KATILIM 100,2026-08-08
EGGUB,BIST 500,2026-08-08
EGGUB,BIST TÜM,2026-08-08
EGGUB,BIST SINAİ,2026-08-08
EGGUB,BIST YILDIZ,2026-08-08
EGPRO,"BIST KİMYA, PETROL, PLASTİK",2026-08-08
EGPRO,BIST KATILIM TEMETTU,2026-08-08
EGPRO,BIST İZMİR,2026-08-08
EGPRO,BIST TEMETTU 5 YIL,2026-08-08
EGPRO,BIST TÜM,2026-08-08
EGPRO,BIST 500,2026-08-08
EGPRO,BIST KATILIM TUM,2026-08-08
EGPRO,BIST TÜM-100,2026-08-08
EGPRO,BIST YILDIZ,2026-08-08
EGPRO,BIST TEMETTÜ,2026-08-08
EGPRO,BIST SINAİ,2026-08-08
EGSER,BIST İZMİR,2026-08-08
EGSER,"BIST TAŞ, TOPRAK",2026-08-08
EGSER,BIST ANA,2026-08-08
EGSER,BIST TÜM,2026-08-08
EGSER,BIST TÜM-100,2026-08-08
EGSER,BIST SINAİ,2026-08-08
EKDMR,BIST SINAİ,2026-08-08
EKDMR,BIST TÜM,2026-08-08
EKDMR,BIST 500,2026-08-08
EKDMR,BIST TÜM-100,2026-08-08
EKDMR,BIST HALKA ARZ,2026-08-08
EKDMR,BIST YILDIZ,2026-08-08
EKDMR,BIST METAL ANA,2026-08-08
EKGYO,BIST KATILIM 30,2026-08-08
EKGYO,BIST GAYRİMENKUL YAT. ORT.,2026-08-08
EKGYO,BIST BANKA DIŞI LİKİT 10,2026-08-08
EKGYO,BIST KATILIM 50,2026-08-08
EKGYO,BIST 30,2026-08-08
EKGYO,BIST 100,2026-08-08
EKGYO,BIST YILDIZ,2026-08-08
EKGYO,BIST 500,2026-08-08
EKGYO,BIST KATILIM 100,2026-08-08
EKGYO,BIST MALİ,2026-08-08
EKGYO,BIST 50,2026-08-08
EKGYO,BIST KATILIM TUM,2026-08-08
EKGYO,BIST TÜM,2026-08-08
EKIM,BIST GERİ ALIM,2026-08-08
EKIM,BIST İSTANBUL,2026-08-08
EKIM,BIST HİZMETLER,2026-08-08
EKIM,BIST HALKA ARZ,2026-08-08
EKIM,BIST TÜM,2026-08-08
EKIM,BIST YILDIZ,2026-08-08
EKIM,BIST TÜM-100,2026-08-08
EKOS,BIST 500,2026-08-08
EKOS,BIST SINAİ,2026-08-08
EKOS,BIST BALIKESİR,2026-08-08
EKOS,"BIST METAL EŞYA, MAKİNA",2026-08-08
EKOS,BIST ANA,2026-08-08
EKOS,BIST TÜM-100,2026-08-08
EKOS,BIST TÜM,2026-08-08
EKSUN,BIST TEKİRDAĞ,2026-08-08
EKSUN,BIST TÜM-100,2026-08-08
EKSUN,BIST 500,2026-08-08
EKSUN,BIST ANA,2026-08-08
EKSUN,BIST TÜM,2026-08-08
EKSUN,BIST KATILIM TUM,2026-08-08
EKSUN,"BIST GIDA, İÇECEK",2026-08-08
EKSUN,BIST SINAİ,2026-08-08
ELITE,BIST KATILIM TEMETTU,2026-08-08
ELITE,BIST ANA,2026-08-08
ELITE,BIST TEMETTÜ,2026-08-08
ELITE,BIST ANKARA,2026-08-08
ELITE,BIST TÜM-100,2026-08-08
ELITE,BIST 500,2026-08-08
ELITE,BIST SINAİ,2026-08-08
ELITE,BIST KATILIM TUM,2026-08-08
ELITE,"BIST GIDA, İÇECEK",2026-08-08
ELITE,BIST TÜM,2026-08-08
EMKEL,BIST 500,2026-08-08
EMKEL,BIST KOBI SANAYİ,2026-08-08
EMKEL,BIST SINAİ,2026-08-08
EMKEL,BIST ANKARA,2026-08-08
EMKEL,BIST TÜM,2026-08-08
EMKEL,"BIST METAL EŞYA, MAKİNA",2026-08-08
EMKEL,BIST TÜM-100,2026-08-08
EMKEL,BIST ANA,2026-08-08
EMPAE,BIST KATILIM TEMETTU,2026-08-08
EMPAE,BIST ANA,2026-08-08
EMPAE,BIST TÜM-100,2026-08-08
EMPAE,BIST TÜM,2026-08-08
EMPAE,BIST BİLİŞİM,2026-08-08
EMPAE,BIST TEKNOLOJİ,2026-08-08
EMPAE,BIST TEMETTÜ,2026-08-08
EMPAE,BIST 500,2026-08-08
EMPAE,BIST İSTANBUL,2026-08-08
EMPAE,BIST HALKA ARZ,2026-08-08
EMPAE,BIST KATILIM TUM,2026-08-08
ENDAE,BIST YILDIZ,2026-08-08
ENDAE,BIST HALKA ARZ,2026-08-08
ENDAE,BIST ELEKTRİK,2026-08-08
ENDAE,BIST HİZMETLER,2026-08-08
ENDAE,BIST TÜM-100,2026-08-08
ENDAE,BIST TÜM,2026-08-08
ENDAE,BIST GERİ ALIM,2026-08-08
ENDAE,BIST İZMİR,2026-08-08
ENDAE,BIST 500,2026-08-08
ENERY,BIST ELEKTRİK,2026-08-08
ENERY,BIST YILDIZ,2026-08-08
ENERY,BIST GERİ ALIM,2026-08-08
ENERY,BIST 100,2026-08-08
ENERY,BIST HİZMETLER,2026-08-08
ENERY,BIST 100-30,2026-08-08
ENERY,BIST TEMETTÜ,2026-08-08
ENERY,BIST TÜM,2026-08-08
ENERY,BIST 500,2026-08-08
ENERY,BIST İSTANBUL,2026-08-08
ENJSA,BIST YILDIZ,2026-08-08
ENJSA,BIST SÜRDÜRÜLEBİLİRLİK,2026-08-08
ENJSA,BIST HİZMETLER,2026-08-08
ENJSA,BIST İSTANBUL,2026-08-08
ENJSA,BIST 100,2026-08-08
ENJSA,BIST KATILIM 50,2026-08-08
ENJSA,BIST KATILIM TUM,2026-08-08
ENJSA,BIST KATILIM 100,2026-08-08
ENJSA,BIST SÜRDÜRÜLEBİLİRLİK KATILIM,2026-08-08
ENJSA,BIST KURUMSAL YÖNETİM,2026-08-08
ENJSA,BIST TEMETTU 5 YIL,2026-08-08
ENJSA,BIST 100-30,2026-08-08
ENJSA,BIST ELEKTRİK,2026-08-08
ENJSA,BIST 500,2026-08-08
ENJSA,BIST TÜM,2026-08-08
ENKAI,BIST TEMETTÜ,2026-08-08
ENKAI,BIST 100,2026-08-08
ENKAI,BIST 50,2026-08-08
ENKAI,BIST YILDIZ,2026-08-08
ENKAI,BIST TEMETTU 5 YIL,2026-08-08
ENKAI,BIST SÜRDÜRÜLEBİLİRLİK 25,2026-08-08
ENKAI,BIST TEMETTU 10 YIL,2026-08-08
ENKAI,BIST İSTANBUL,2026-08-08
ENKAI,BIST 30,2026-08-08
ENKAI,BIST 500,2026-08-08
ENKAI,BIST TEMETTÜ 25,2026-08-08
ENKAI,BIST SÜRDÜRÜLEBİLİRLİK,2026-08-08
ENKAI,BIST TÜM,2026-08-08
ENKAI,BIST İNŞAAT,2026-08-08
ENKAI,BIST HİZMETLER,2026-08-08
ENKAI,BIST KURUMSAL YÖNETİM,2026-08-08
ENSRI,BIST KOBI SANAYİ,2026-08-08
ENSRI,BIST TÜM,2026-08-08
ENSRI,BIST TÜM-100,2026-08-08
ENSRI,BIST 500,2026-08-08
ENSRI,BIST ANA,2026-08-08
ENSRI,"BIST TEKSTİL, DERİ",2026-08-08
ENSRI,BIST TEKİRDAĞ,2026-08-08
ENSRI,BIST SINAİ,2026-08-08
ENTRA,BIST YILDIZ,2026-08-08
ENTRA,BIST TÜM,2026-08-08
ENTRA,BIST ELEKTRİK,2026-08-08
ENTRA,BIST ANKARA,2026-08-08
ENTRA,BIST 500,2026-08-08
ENTRA,BIST TÜM-100,2026-08-08
ENTRA,BIST HİZMETLER,2026-08-08
EPLAS,BIST TÜM,2026-08-08
EPLAS,BIST SINAİ,2026-08-08
EPLAS,BIST TÜM-100,2026-08-08
EPLAS,BIST ANA,2026-08-08
EPLAS,BIST 500,2026-08-08
EPLAS,"BIST KİMYA, PETROL, PLASTİK",2026-08-08
EPLAS,BIST İZMİR,2026-08-08
ERBOS,BIST TÜM-100,2026-08-08
ERBOS,BIST KAYSERİ,2026-08-08
ERBOS,BIST ANA,2026-08-08
ERBOS,BIST METAL ANA,2026-08-08
ERBOS,BIST SINAİ,2026-08-08
ERBOS,BIST TÜM,2026-08-08
ERCB,BIST TÜM-100,2026-08-08
ERCB,BIST TÜM,2026-08-08
ERCB,BIST ANA,2026-08-08
ERCB,BIST METAL ANA,2026-08-08
ERCB,BIST SINAİ,2026-08-08
ERCB,BIST 500,2026-08-08
EREGL,BIST 500,2026-08-08
EREGL,BIST SINAİ,2026-08-08
EREGL,BIST METAL ANA,2026-08-08
EREGL,BIST 100,2026-08-08
EREGL,BIST KATILIM TUM,2026-08-08
EREGL,BIST KATILIM 100,2026-08-08
EREGL,BIST BANKA DIŞI LİKİT 10,2026-08-08
EREGL,BIST 50,2026-08-08
EREGL,BIST 30,2026-08-08
EREGL,BIST KURUMSAL YÖNETİM,2026-08-08
EREGL,BIST SÜRDÜRÜLEBİLİRLİK,2026-08-08
EREGL,BIST YILDIZ,2026-08-08
EREGL,BIST TEMETTÜ,2026-08-08
EREGL,BIST TEMETTÜ 25,2026-08-08
EREGL,BIST KATILIM 30,2026-08-08
EREGL,BIST KATILIM 50,2026-08-08
EREGL,BIST SÜRDÜRÜLEBİLİRLİK KATILIM,2026-08-08
EREGL,BIST TÜM,2026-08-08
EREGL,BIST KATILIM TEMETTU,2026-08-08
ERSU,BIST TÜM,2026-08-08
ERSU,"BIST GIDA, İÇECEK",2026-08-08
ERSU,BIST KONYA,2026-08-08
ERSU,BIST SINAİ,2026-08-08
ERSU,BIST KOBI SANAYİ,2026-08-08
ERSU,BIST TÜM-100,2026-08-08
ESCAR,BIST TÜM-100,2026-08-08
ESCAR,BIST HİZMETLER,2026-08-08
ESCAR,BIST TÜM,2026-08-08
ESCAR,BIST 500,2026-08-08
ESCAR,BIST YILDIZ,2026-08-08
ESCAR,BIST İSTANBUL,2026-08-08
ESCOM,BIST TEKNOLOJİ,2026-08-08
ESCOM,BIST BİLİŞİM,2026-08-08
ESCOM,BIST TÜM,2026-08-08
ESCOM,BIST KATILIM TUM,2026-08-08
ESCOM,BIST İSTANBUL,2026-08-08
ESCOM,BIST TÜM-100,2026-08-08
ESCOM,BIST ANA,2026-08-08
ESCOM,BIST 500,2026-08-08
ESEN,BIST ELEKTRİK,2026-08-08
ESEN,BIST HİZMETLER,2026-08-08
ESEN,BIST ANKARA,2026-08-08
ESEN,BIST 100-30,2026-08-08
ESEN,BIST YILDIZ,2026-08-08
ESEN,BIST SÜRDÜRÜLEBİLİRLİK,2026-08-08
ESEN,BIST 500,2026-08-08
ESEN,BIST 100,2026-08-08
ESEN,BIST TÜM,2026-08-08
ETILR,BIST ANA,2026-08-08
ETILR,BIST TURİZM,2026-08-08
ETILR,BIST HİZMETLER,2026-08-08
ETILR,BIST YIYECEK VE ICECEK  HIZMETLERI,2026-08-08
ETILR,BIST 500,2026-08-08
ETILR,BIST İSTANBUL,2026-08-08
ETILR,BIST TÜM,2026-08-08
ETILR,BIST TÜM-100,2026-08-08
ETYAT,BIST MENKUL KIYM Y.O.,2026-08-08
EUKYO,BIST MENKUL KIYM Y.O.,2026-08-08
EUPWR,BIST KATILIM 50,2026-08-08
EUPWR,BIST 500,2026-08-08
EUPWR,BIST SINAİ,2026-08-08
EUPWR,BIST 100-30,2026-08-08
EUPWR,BIST KATILIM 30,2026-08-08
EUPWR,BIST ANKARA,2026-08-08
EUPWR,BIST 100,2026-08-08
EUPWR,"BIST METAL EŞYA, MAKİNA",2026-08-08
EUPWR,BIST KATILIM 100,2026-08-08
EUPWR,BIST YILDIZ,2026-08-08
EUPWR,BIST TÜM,2026-08-08
EUPWR,BIST KATILIM TUM,2026-08-08
EUREN,BIST 500,2026-08-08
EUREN,BIST 100-30,2026-08-08
EUREN,BIST YILDIZ,2026-08-08
EUREN,BIST SINAİ,2026-08-08
EUREN,BIST TÜM,2026-08-08
EUREN,BIST 100,2026-08-08
EUREN,"BIST KİMYA, PETROL, PLASTİK",2026-08-08
EUYO,BIST MENKUL KIYM Y.O.,2026-08-08
EYGYO,BIST 500,2026-08-08
EYGYO,BIST ANA,2026-08-08
EYGYO,BIST TÜM,2026-08-08
EYGYO,BIST GAYRİMENKUL YAT. ORT.,2026-08-08
EYGYO,BIST MALİ,2026-08-08
EYGYO,BIST KATILIM TUM,2026-08-08
EYGYO,BIST TÜM-100,2026-08-08
FADE,BIST 500,2026-08-08
FADE,BIST KATILIM TUM,2026-08-08
FADE,BIST ANA,2026-08-08
FADE,BIST TÜM,2026-08-08
FADE,BIST İZMİR,2026-08-08
FADE,"BIST GIDA, İÇECEK",2026-08-08
FADE,BIST SINAİ,2026-08-08
FADE,BIST TÜM-100,2026-08-08
FENER,BIST 100-30,2026-08-08
FENER,BIST HİZMETLER,2026-08-08
FENER,BIST SPOR,2026-08-08
FENER,BIST 500,2026-08-08
FENER,BIST TÜM,2026-08-08
FENER,BIST 100,2026-08-08
FENER,BIST İSTANBUL,2026-08-08
FENER,BIST YILDIZ,2026-08-08
FLAP,BIST TÜM-100,2026-08-08
FLAP,BIST İSTANBUL,2026-08-08
FLAP,BIST TÜM,2026-08-08
FLAP,BIST HİZMETLER,2026-08-08
FMIZP,BIST TÜM,2026-08-08
FMIZP,BIST ANA,2026-08-08
FMIZP,BIST KOCAELİ,2026-08-08
FMIZP,BIST KOBI SANAYİ,2026-08-08
FMIZP,BIST 500,2026-08-08
FMIZP,"BIST METAL EŞYA, MAKİNA",2026-08-08
FMIZP,BIST SINAİ,2026-08-08
FMIZP,BIST TÜM-100,2026-08-08
FONET,BIST KATILIM 100,2026-08-08
FONET,BIST ANKARA,2026-08-08
FONET,BIST KATILIM TUM,2026-08-08
FONET,BIST TÜM,2026-08-08
FONET,BIST ANA,2026-08-08
FONET,BIST 500,2026-08-08
FONET,BIST BİLİŞİM,2026-08-08
FONET,BIST TÜM-100,2026-08-08
FONET,BIST TEKNOLOJİ,2026-08-08
FORMT,BIST TÜM,2026-08-08
FORMT,BIST KATILIM 50,2026-08-08
FORMT,BIST 500,2026-08-08
FORMT,BIST KATILIM 100,2026-08-08
FORMT,BIST SINAİ,2026-08-08
FORMT,BIST TÜM-100,2026-08-08
FORMT,BIST KATILIM TUM,2026-08-08
FORMT,BIST ANA,2026-08-08
FORMT,"BIST METAL EŞYA, MAKİNA",2026-08-08
FORMT,BIST KOBI SANAYİ,2026-08-08
FORMT,BIST KAYSERİ,2026-08-08
FORTE,BIST ANA,2026-08-08
FORTE,BIST ANKARA,2026-08-08
FORTE,BIST TEKNOLOJİ,2026-08-08
FORTE,BIST 500,2026-08-08
FORTE,BIST BİLİŞİM,2026-08-08
FORTE,BIST TÜM,2026-08-08
FORTE,BIST TÜM-100,2026-08-08
FORTE,BIST KATILIM TUM,2026-08-08
FRIGO,BIST SINAİ,2026-08-08
FRIGO,BIST TÜM,2026-08-08
FRIGO,BIST ANA,2026-08-08
FRIGO,"BIST GIDA, İÇECEK",2026-08-08
FRIGO,BIST BURSA,2026-08-08
FRIGO,BIST 500,2026-08-08
FRIGO,BIST TÜM-100,2026-08-08
FRMPL,BIST ANA,2026-08-08
FRMPL,BIST KATILIM TUM,2026-08-08
FRMPL,"BIST KİMYA, PETROL, PLASTİK",2026-08-08
FRMPL,BIST HALKA ARZ,2026-08-08
FRMPL,BIST 500,2026-08-08
FRMPL,BIST TÜM,2026-08-08
FRMPL,BIST SINAİ,2026-08-08
FRMPL,BIST TÜM-100,2026-08-08
FRMPL,BIST TEKİRDAĞ,2026-08-08
FROTO,"BIST METAL EŞYA, MAKİNA",2026-08-08
FROTO,BIST YILDIZ,2026-08-08
FROTO,BIST TÜM,2026-08-08
FROTO,BIST TEMETTÜ 25,2026-08-08
FROTO,BIST 100,2026-08-08
FROTO,BIST 500,2026-08-08
FROTO,BIST SINAİ,2026-08-08
FROTO,BIST TEMETTÜ,2026-08-08
FROTO,BIST KURUMSAL YÖNETİM,2026-08-08
FROTO,BIST TEMETTU 5 YIL,2026-08-08
FROTO,BIST 50,2026-08-08
FROTO,BIST TEMETTU 10 YIL,2026-08-08
FROTO,BIST KOCAELİ,2026-08-08
FROTO,BIST SÜRDÜRÜLEBİLİRLİK,2026-08-08
FROTO,BIST 30,2026-08-08
FZLGY,BIST MALİ,2026-08-08
FZLGY,BIST KATILIM 100,2026-08-08
FZLGY,BIST GAYRİMENKUL YAT. ORT.,2026-08-08
FZLGY,BIST KATILIM TUM,2026-08-08
FZLGY,BIST YILDIZ,2026-08-08
FZLGY,BIST 500,2026-08-08
FZLGY,BIST TÜM,2026-08-08
FZLGY,BIST TÜM-100,2026-08-08
GARAN,BIST 500,2026-08-08
GARAN,BIST TEMETTÜ 25,2026-08-08
GARAN,BIST TEMETTU 5 YIL,2026-08-08
GARAN,BIST SÜRDÜRÜLEBİLİRLİK,2026-08-08
GARAN,BIST KURUMSAL YÖNETİM,2026-08-08
GARAN,BIST LİKİT BANKA,2026-08-08
GARAN,BIST YILDIZ,2026-08-08
GARAN,BIST MALİ,2026-08-08
GARAN,BIST 30,2026-08-08
GARAN,BIST TEMETTÜ,2026-08-08
GARAN,BIST 100,2026-08-08
GARAN,BIST 50,2026-08-08
GARAN,BIST BANKA,2026-08-08
GARAN,BIST SÜRDÜRÜLEBİLİRLİK 25,2026-08-08
GARAN,BIST TÜM,2026-08-08
GARFA,BIST TÜM-100,2026-08-08
GARFA,BIST MALİ,2026-08-08
GARFA,BIST 500,2026-08-08
GARFA,BIST TÜM,2026-08-08
GARFA,BIST KURUMSAL YÖNETİM,2026-08-08
GARFA,BIST ANA,2026-08-08
GARFA,BIST FİN. KİR. FAKTORİNG,2026-08-08
GEDIK,BIST TÜM-100,2026-08-08
GEDIK,BIST TEMETTÜ,2026-08-08
GEDIK,BIST MALİ,2026-08-08
GEDIK,BIST 500,2026-08-08
GEDIK,BIST TÜM,2026-08-08
GEDIK,BIST YILDIZ,2026-08-08
GEDIK,BIST ARACI KURUM,2026-08-08
GEDZA,BIST TÜM-100,2026-08-08
GEDZA,"BIST KİMYA, PETROL, PLASTİK",2026-08-08
GEDZA,BIST 500,2026-08-08
GEDZA,BIST ANA,2026-08-08
GEDZA,BIST SINAİ,2026-08-08
GEDZA,BIST TÜM,2026-08-08
GEDZA,BIST KATILIM TUM,2026-08-08
GENIL,BIST 500,2026-08-08
GENIL,BIST KATILIM 100,2026-08-08
GENIL,BIST TEMETTÜ,2026-08-08
GENIL,BIST TÜM,2026-08-08
GENIL,BIST ANKARA,2026-08-08
GENIL,BIST YILDIZ,2026-08-08
GENIL,BIST KATILIM 30,2026-08-08
GENIL,BIST TOPTAN TICARET,2026-08-08
GENIL,BIST KATILIM TUM,2026-08-08
GENIL,BIST 100-30,2026-08-08
GENIL,BIST TİCARET,2026-08-08
GENIL,BIST HİZMETLER,2026-08-08
GENIL,BIST KATILIM TEMETTU,2026-08-08
GENIL,BIST 100,2026-08-08
GENIL,BIST KATILIM 50,2026-08-08
GENKM,BIST 500,2026-08-08
GENKM,BIST SINAİ,2026-08-08
GENKM,"BIST KİMYA, PETROL, PLASTİK",2026-08-08
GENKM,BIST TÜM,2026-08-08
GENKM,BIST ANA,2026-08-08
GENKM,BIST HALKA ARZ,2026-08-08
GENKM,BIST TÜM-100,2026-08-08
GENKM,BIST KOCAELİ,2026-08-08
GENKM,BIST KATILIM TUM,2026-08-08
GENTS,BIST TÜM,2026-08-08
GENTS,BIST KATILIM TEMETTU,2026-08-08
GENTS,BIST SINAİ,2026-08-08
GENTS,BIST KATILIM TUM,2026-08-08
GENTS,BIST TEMETTÜ,2026-08-08
GENTS,BIST YILDIZ,2026-08-08
GENTS,BIST TEMETTU 5 YIL,2026-08-08
GENTS,BIST TÜM-100,2026-08-08
GENTS,BIST 500,2026-08-08
GENTS,BIST KATILIM 100,2026-08-08
GENTS,"BIST ORMAN, KAĞIT, BASIM",2026-08-08
GEREL,BIST ANA,2026-08-08
GEREL,BIST 500,2026-08-08
GEREL,BIST TÜM,2026-08-08
GEREL,BIST GERİ ALIM,2026-08-08
GEREL,BIST KATILIM 100,2026-08-08
GEREL,BIST SINAİ,2026-08-08
GEREL,BIST KATILIM TUM,2026-08-08
GEREL,"BIST METAL EŞYA, MAKİNA",2026-08-08
GEREL,BIST TÜM-100,2026-08-08
GESAN,BIST İNŞAAT,2026-08-08
GESAN,BIST KATILIM 50,2026-08-08
GESAN,BIST YILDIZ,2026-08-08
GESAN,BIST 500,2026-08-08
GESAN,BIST 100-30,2026-08-08
GESAN,BIST TÜM,2026-08-08
GESAN,BIST KATILIM TUM,2026-08-08
GESAN,BIST KATILIM 100,2026-08-08
GESAN,BIST ANKARA,2026-08-08
GESAN,BIST HİZMETLER,2026-08-08
GESAN,BIST 100,2026-08-08
GIPTA,"BIST ORMAN, KAĞIT, BASIM",2026-08-08
GIPTA,BIST SINAİ,2026-08-08
GIPTA,BIST TÜM-100,2026-08-08
GIPTA,BIST 500,2026-08-08
GIPTA,BIST TÜM,2026-08-08
GIPTA,BIST YILDIZ,2026-08-08
GIPTA,BIST ANKARA,2026-08-08
GIPTA,BIST TEMETTÜ,2026-08-08
GLB,BIST ARACI KURUM,2026-08-08
GLB,BIST TÜM,2026-08-08
GLB,BIST TÜM-100,2026-08-08
GLB,BIST MALİ,2026-08-08
GLBMD,BIST ARACI KURUM,2026-08-08
GLBMD,BIST TÜM,2026-08-08
GLBMD,BIST TÜM-100,2026-08-08
GLBMD,BIST MALİ,2026-08-08
GLCVY,BIST TÜM,2026-08-08
GLCVY,BIST TEMETTÜ,2026-08-08
GLCVY,BIST YILDIZ,2026-08-08
GLCVY,BIST MALİ,2026-08-08
GLCVY,BIST 500,2026-08-08
GLCVY,BIST TÜM-100,2026-08-08
GLRMK,BIST 100-30,2026-08-08
GLRMK,BIST KATILIM 50,2026-08-08
GLRMK,BIST HİZMETLER,2026-08-08
GLRMK,BIST İNŞAAT,2026-08-08
GLRMK,BIST TÜM,2026-08-08
GLRMK,BIST HALKA ARZ,2026-08-08
GLRMK,BIST ANKARA,2026-08-08
GLRMK,BIST YILDIZ,2026-08-08
GLRMK,BIST 100,2026-08-08
GLRMK,BIST KATILIM 30,2026-08-08
GLRMK,BIST 50,2026-08-08
GLRMK,BIST KATILIM TUM,2026-08-08
GLRMK,BIST 500,2026-08-08
GLRMK,BIST KATILIM 100,2026-08-08
GLRYH,BIST ANA,2026-08-08
GLRYH,BIST TÜM-100,2026-08-08
GLRYH,BIST MALİ,2026-08-08
GLRYH,BIST HOLDİNG VE YATIRIM,2026-08-08
GLRYH,BIST TÜM,2026-08-08
GLRYH,BIST 500,2026-08-08
GLRYH,BIST İSTANBUL,2026-08-08
GLYHO,BIST YILDIZ,2026-08-08
GLYHO,BIST TÜM-100,2026-08-08
GLYHO,BIST KURUMSAL YÖNETİM,2026-08-08
GLYHO,BIST GERİ ALIM,2026-08-08
GLYHO,BIST SÜRDÜRÜLEBİLİRLİK,2026-08-08
GLYHO,BIST İSTANBUL,2026-08-08
GLYHO,BIST TÜM,2026-08-08
GLYHO,BIST 500,2026-08-08
GLYHO,BIST MALİ,2026-08-08
GLYHO,BIST HOLDİNG VE YATIRIM,2026-08-08
GLYHO,BIST TEMETTÜ,2026-08-08
GMTAS,BIST 500,2026-08-08
GMTAS,BIST HİZMETLER,2026-08-08
GMTAS,BIST YILDIZ,2026-08-08
GMTAS,BIST KATILIM TUM,2026-08-08
GMTAS,BIST PERAKENDE TICARET,2026-08-08
GMTAS,BIST TİCARET,2026-08-08
GMTAS,BIST TÜM,2026-08-08
GMTAS,BIST TÜM-100,2026-08-08
GOKNR,"BIST GIDA, İÇECEK",2026-08-08
GOKNR,BIST 500,2026-08-08
GOKNR,BIST KATILIM TUM,2026-08-08
GOKNR,BIST YILDIZ,2026-08-08
GOKNR,BIST TÜM,2026-08-08
GOKNR,BIST KATILIM 100,2026-08-08
GOKNR,BIST SINAİ,2026-08-08
GOKNR,BIST TÜM-100,2026-08-08
GOLDA,BIST TÜM-100,2026-08-08
GOLDA,BIST ANA,2026-08-08
GOLDA,BIST TÜM,2026-08-08
GOLDA,BIST KATILIM TUM,2026-08-08
GOLDA,BIST HALKA ARZ,2026-08-08
GOLDA,"BIST GIDA, İÇECEK",2026-08-08
GOLDA,BIST SINAİ,2026-08-08
GOLTS,BIST YILDIZ,2026-08-08
GOLTS,"BIST TAŞ, TOPRAK",2026-08-08
GOLTS,BIST KATILIM TUM,2026-08-08
GOLTS,BIST SINAİ,2026-08-08
GOLTS,BIST TEMETTU 5 YIL,2026-08-08
GOLTS,BIST TEMETTÜ,2026-08-08
GOLTS,BIST 500,2026-08-08
GOLTS,BIST TÜM-100,2026-08-08
GOLTS,BIST KATILIM TEMETTU,2026-08-08
GOLTS,BIST TÜM,2026-08-08
GOODY,BIST KATILIM TUM,2026-08-08
GOODY,BIST 500,2026-08-08
GOODY,"BIST KİMYA, PETROL, PLASTİK",2026-08-08
GOODY,BIST ANA,2026-08-08
GOODY,BIST İSTANBUL,2026-08-08
GOODY,BIST TÜM-100,2026-08-08
GOODY,BIST TÜM,2026-08-08
GOODY,BIST SINAİ,2026-08-08
GOZDE,BIST YILDIZ,2026-08-08
GOZDE,BIST MALİ,2026-08-08
GOZDE,BIST 500,2026-08-08
GOZDE,BIST GIRISIM SERMAYESI Y.O.,2026-08-08
GOZDE,BIST TÜM,2026-08-08
GOZDE,BIST TÜM-100,2026-08-08
GRNYO,BIST MENKUL KIYM Y.O.,2026-08-08
GRSEL,BIST YILDIZ,2026-08-08
GRSEL,BIST İSTANBUL,2026-08-08
GRSEL,BIST KATILIM 100,2026-08-08
GRSEL,BIST KATILIM 50,2026-08-08
GRSEL,BIST 500,2026-08-08
GRSEL,BIST KATILIM TEMETTU,2026-08-08
GRSEL,BIST KATILIM TUM,2026-08-08
GRSEL,BIST ULAŞTIRMA,2026-08-08
GRSEL,BIST 100,2026-08-08
GRSEL,BIST 100-30,2026-08-08
GRSEL,BIST TEMETTÜ,2026-08-08
GRSEL,BIST SÜRDÜRÜLEBİLİRLİK KATILIM,2026-08-08
GRSEL,BIST HİZMETLER,2026-08-08
GRSEL,BIST TÜM,2026-08-08
GRTHO,BIST KATILIM 50,2026-08-08
GRTHO,BIST YILDIZ,2026-08-08
GRTHO,BIST HOLDİNG VE YATIRIM,2026-08-08
GRTHO,BIST 100-30,2026-08-08
GRTHO,BIST 100,2026-08-08
GRTHO,BIST TÜM,2026-08-08
GRTHO,BIST KATILIM TUM,2026-08-08
GRTHO,BIST 500,2026-08-08
GRTHO,BIST MALİ,2026-08-08
GRTHO,BIST İSTANBUL,2026-08-08
GRTHO,BIST KATILIM 100,2026-08-08
GSDDE,BIST ULAŞTIRMA,2026-08-08
GSDDE,BIST TÜM-100,2026-08-08
GSDDE,BIST TÜM,2026-08-08
GSDDE,BIST ANA,2026-08-08
GSDDE,BIST HİZMETLER,2026-08-08
GSDDE,BIST İSTANBUL,2026-08-08
GSDHO,BIST 500,2026-08-08
GSDHO,BIST ANA,2026-08-08
GSDHO,BIST GERİ ALIM,2026-08-08
GSDHO,BIST MALİ,2026-08-08
GSDHO,BIST TÜM,2026-08-08
GSDHO,BIST HOLDİNG VE YATIRIM,2026-08-08
GSDHO,BIST TÜM-100,2026-08-08
GSDHO,BIST İSTANBUL,2026-08-08
GSRAY,BIST YILDIZ,2026-08-08
GSRAY,BIST TÜM,2026-08-08
GSRAY,BIST İSTANBUL,2026-08-08
GSRAY,BIST 500,2026-08-08
GSRAY,BIST 100-30,2026-08-08
GSRAY,BIST SPOR,2026-08-08
GSRAY,BIST HİZMETLER,2026-08-08
GSRAY,BIST 100,2026-08-08
GUBRF,BIST 50,2026-08-08
GUBRF,"BIST KİMYA, PETROL, PLASTİK",2026-08-08
GUBRF,BIST KATILIM 30,2026-08-08
GUBRF,BIST 30,2026-08-08
GUBRF,BIST KATILIM 50,2026-08-08
GUBRF,BIST TÜM,2026-08-08
GUBRF,BIST KATILIM 100,2026-08-08
GUBRF,BIST KATILIM TUM,2026-08-08
GUBRF,BIST 500,2026-08-08
GUBRF,BIST SINAİ,2026-08-08
GUBRF,BIST 100,2026-08-08
GUBRF,BIST İSTANBUL,2026-08-08
GUBRF,BIST YILDIZ,2026-08-08
GUNDG,BIST MANİSA,2026-08-08
GUNDG,"BIST GIDA, İÇECEK",2026-08-08
GUNDG,BIST HALKA ARZ,2026-08-08
GUNDG,BIST TÜM-100,2026-08-08
GUNDG,BIST KATILIM 100,2026-08-08
GUNDG,BIST TÜM,2026-08-08
GUNDG,BIST 500,2026-08-08
GUNDG,BIST SINAİ,2026-08-08
GUNDG,BIST KATILIM TUM,2026-08-08
GUNDG,BIST ANA,2026-08-08
GWIND,BIST ELEKTRİK,2026-08-08
GWIND,BIST YILDIZ,2026-08-08
GWIND,BIST TÜM,2026-08-08
GWIND,BIST BALIKESİR,2026-08-08
GWIND,BIST HİZMETLER,2026-08-08
GWIND,BIST TEMETTÜ,2026-08-08
GWIND,BIST TÜM-100,2026-08-08
GWIND,BIST GERİ ALIM,2026-08-08
GWIND,BIST SÜRDÜRÜLEBİLİRLİK,2026-08-08
GWIND,BIST 500,2026-08-08
GWIND,BIST KURUMSAL YÖNETİM,2026-08-08
GZNMI,BIST HİZMETLER,2026-08-08
GZNMI,BIST 500,2026-08-08
GZNMI,BIST ANTALYA,2026-08-08
GZNMI,BIST ANA,2026-08-08
GZNMI,BIST TÜM-100,2026-08-08
GZNMI,BIST TÜM,2026-08-08
HALKB,BIST 50,2026-08-08
HALKB,BIST BANKA,2026-08-08
HALKB,BIST 500,2026-08-08
HALKB,BIST TÜM,2026-08-08
HALKB,BIST YILDIZ,2026-08-08
HALKB,BIST MALİ,2026-08-08
HALKB,BIST SÜRDÜRÜLEBİLİRLİK,2026-08-08
HALKB,BIST 100-30,2026-08-08
HALKB,BIST KURUMSAL YÖNETİM,2026-08-08
HALKB,BIST LİKİT BANKA,2026-08-08
HALKB,BIST 100,2026-08-08
HATEK,BIST KOBI SANAYİ,2026-08-08
HATEK,BIST TÜM-100,2026-08-08
HATEK,BIST TÜM,2026-08-08
HATEK,BIST SINAİ,2026-08-08
HATEK,"BIST TEKSTİL, DERİ",2026-08-08
HATEK,BIST ANA,2026-08-08
HATEK,BIST 500,2026-08-08
HATSN,BIST TÜM-100,2026-08-08
HATSN,BIST KATILIM TUM,2026-08-08
HATSN,BIST TÜM,2026-08-08
HATSN,"BIST METAL EŞYA, MAKİNA",2026-08-08
HATSN,BIST SINAİ,2026-08-08
HATSN,BIST YILDIZ,2026-08-08
HATSN,BIST 500,2026-08-08
HDFGS,BIST 500,2026-08-08
HDFGS,BIST ANA,2026-08-08
HDFGS,BIST MALİ,2026-08-08
HDFGS,BIST GIRISIM SERMAYESI Y.O.,2026-08-08
HDFGS,BIST TÜM,2026-08-08
HDFGS,BIST TÜM-100,2026-08-08
HEDEF,BIST HOLDİNG VE YATIRIM,2026-08-08
HEDEF,BIST TÜM,2026-08-08
HEDEF,BIST TÜM-100,2026-08-08
HEDEF,BIST ANA,2026-08-08
HEDEF,BIST 500,2026-08-08
HEDEF,BIST MALİ,2026-08-08
HEDEF,BIST İSTANBUL,2026-08-08
HEKTS,BIST KOCAELİ,2026-08-08
HEKTS,BIST YILDIZ,2026-08-08
HEKTS,BIST SINAİ,2026-08-08
HEKTS,BIST 100,2026-08-08
HEKTS,BIST 50,2026-08-08
HEKTS,BIST 100-30,2026-08-08
HEKTS,BIST TÜM,2026-08-08
HEKTS,BIST 500,2026-08-08
HEKTS,BIST SÜRDÜRÜLEBİLİRLİK,2026-08-08
HEKTS,"BIST KİMYA, PETROL, PLASTİK",2026-08-08
HKTM,BIST SINAİ,2026-08-08
HKTM,BIST KOCAELİ,2026-08-08
HKTM,BIST 500,2026-08-08
HKTM,BIST KOBI SANAYİ,2026-08-08
HKTM,"BIST METAL EŞYA, MAKİNA",2026-08-08
HKTM,BIST KATILIM TUM,2026-08-08
HKTM,BIST TÜM,2026-08-08
HKTM,BIST TÜM-100,2026-08-08
HKTM,BIST ANA,2026-08-08
HLGYO,BIST GAYRİMENKUL YAT. ORT.,2026-08-08
HLGYO,BIST TÜM,2026-08-08
HLGYO,BIST MALİ,2026-08-08
HLGYO,BIST KURUMSAL YÖNETİM,2026-08-08
HLGYO,BIST TÜM-100,2026-08-08
HLGYO,BIST YILDIZ,2026-08-08
HLGYO,BIST 500,2026-08-08
HOROZ,BIST İSTANBUL,2026-08-08
HOROZ,BIST KATILIM TUM,2026-08-08
HOROZ,BIST TÜM-100,2026-08-08
HOROZ,BIST HİZMETLER,2026-08-08
HOROZ,BIST TÜM,2026-08-08
HOROZ,BIST ANA,2026-08-08
HOROZ,BIST ULAŞTIRMA,2026-08-08
HOROZ,BIST 500,2026-08-08
HRKET,BIST 500,2026-08-08
HRKET,BIST KATILIM TUM,2026-08-08
HRKET,BIST HİZMETLER,2026-08-08
HRKET,BIST İSTANBUL,2026-08-08
HRKET,BIST ULAŞTIRMA,2026-08-08
HRKET,BIST YILDIZ,2026-08-08
HRKET,BIST TÜM,2026-08-08
HRKET,BIST TÜM-100,2026-08-08
HRKET,BIST KATILIM 100,2026-08-08
HTTBT,BIST TEKNOLOJİ,2026-08-08
HTTBT,BIST KURUMSAL YÖNETİM,2026-08-08
HTTBT,BIST BİLİŞİM,2026-08-08
HTTBT,BIST TÜM-100,2026-08-08
HTTBT,BIST TÜM,2026-08-08
HTTBT,BIST YILDIZ,2026-08-08
HTTBT,BIST İSTANBUL,2026-08-08
HTTBT,BIST SÜRDÜRÜLEBİLİRLİK,2026-08-08
HTTBT,BIST 500,2026-08-08
HUBVC,BIST TÜM,2026-08-08
HUBVC,BIST MALİ,2026-08-08
HUBVC,BIST GIRISIM SERMAYESI Y.O.,2026-08-08
HUBVC,BIST TÜM-100,2026-08-08
HUNER,BIST ANA,2026-08-08
HUNER,BIST TÜM,2026-08-08
HUNER,BIST İSTANBUL,2026-08-08
HUNER,BIST 500,2026-08-08
HUNER,BIST HİZMETLER,2026-08-08
HUNER,BIST TÜM-100,2026-08-08
HUNER,BIST ELEKTRİK,2026-08-08
HURGZ,BIST KURUMSAL YÖNETİM,2026-08-08
HURGZ,BIST ANA,2026-08-08
HURGZ,BIST TÜM,2026-08-08
HURGZ,BIST TÜM-100,2026-08-08
HURGZ,BIST 500,2026-08-08
HURGZ,BIST İSTANBUL,2026-08-08
HURGZ,BIST HİZMETLER,2026-08-08
ICB,BIST TÜM,2026-08-08
ICB,BIST BANKA,2026-08-08
ICB,BIST 500,2026-08-08
ICB,BIST TÜM-100,2026-08-08
ICB,BIST MALİ,2026-08-08
ICB,BIST ANA,2026-08-08
ICBCT,BIST TÜM,2026-08-08
ICBCT,BIST BANKA,2026-08-08
ICBCT,BIST 500,2026-08-08
ICBCT,BIST TÜM-100,2026-08-08
ICBCT,BIST MALİ,2026-08-08
ICBCT,BIST ANA,2026-08-08
ICUGS,BIST GIRISIM SERMAYESI Y.O.,2026-08-08
ICUGS,BIST MALİ,2026-08-08
ICUGS,BIST ANA,2026-08-08
ICUGS,BIST TÜM,2026-08-08
ICUGS,BIST 500,2026-08-08
ICUGS,BIST TÜM-100,2026-08-08
IDGYO,BIST TÜM-100,2026-08-08
IDGYO,BIST TÜM,2026-08-08
IDGYO,BIST MALİ,2026-08-08
IDGYO,BIST GAYRİMENKUL YAT. ORT.,2026-08-08
IDGYO,BIST KATILIM TUM,2026-08-08
IEYHO,BIST YILDIZ,2026-08-08
IEYHO,BIST 100-30,2026-08-08
IEYHO,BIST MALİ,2026-08-08
IEYHO,BIST 500,2026-08-08
IEYHO,BIST İSTANBUL,2026-08-08
IEYHO,BIST TÜM,2026-08-08
IEYHO,BIST HOLDİNG VE YATIRIM,2026-08-08
IEYHO,BIST 100,2026-08-08
IHAAS,BIST İSTANBUL,2026-08-08
IHAAS,BIST 500,2026-08-08
IHAAS,BIST ANA,2026-08-08
IHAAS,BIST HİZMETLER,2026-08-08
IHAAS,BIST TÜM-100,2026-08-08
IHAAS,BIST TÜM,2026-08-08
IHEVA,"BIST METAL EŞYA, MAKİNA",2026-08-08
IHEVA,BIST İSTANBUL,2026-08-08
IHEVA,BIST KURUMSAL YÖNETİM,2026-08-08
IHEVA,BIST SINAİ,2026-08-08
IHEVA,BIST TÜM-100,2026-08-08
IHEVA,BIST TÜM,2026-08-08
IHEVA,BIST KATILIM TUM,2026-08-08
IHGZT,BIST 500,2026-08-08
IHGZT,BIST TÜM,2026-08-08
IHGZT,BIST TÜM-100,2026-08-08
IHGZT,BIST ANA,2026-08-08
IHGZT,BIST İSTANBUL,2026-08-08
IHGZT,BIST HİZMETLER,2026-08-08
IHLAS,BIST KATILIM 50,2026-08-08
IHLAS,BIST TÜM,2026-08-08
IHLAS,BIST İSTANBUL,2026-08-08
IHLAS,BIST TÜM-100,2026-08-08
IHLAS,BIST 500,2026-08-08
IHLAS,BIST KATILIM 100,2026-08-08
IHLAS,BIST KATILIM TUM,2026-08-08
IHLAS,BIST KURUMSAL YÖNETİM,2026-08-08
IHLAS,BIST HOLDİNG VE YATIRIM,2026-08-08
IHLAS,BIST MALİ,2026-08-08
IHLAS,BIST YILDIZ,2026-08-08
IHLGM,BIST TÜM,2026-08-08
IHLGM,BIST TÜM-100,2026-08-08
IHLGM,BIST İZMİR,2026-08-08
IHLGM,BIST 500,2026-08-08
IHLGM,BIST HİZMETLER,2026-08-08
IHLGM,BIST KATILIM TUM,2026-08-08
IHLGM,BIST KATILIM 100,2026-08-08
IHLGM,BIST ANA,2026-08-08
IHYAY,BIST MALİ,2026-08-08
IHYAY,BIST KATILIM TUM,2026-08-08
IHYAY,BIST TÜM,2026-08-08
IHYAY,BIST İSTANBUL,2026-08-08
IHYAY,BIST TÜM-100,2026-08-08
IHYAY,BIST HOLDİNG VE YATIRIM,2026-08-08
IMASM,BIST SINAİ,2026-08-08
IMASM,BIST TÜM,2026-08-08
IMASM,BIST KATILIM TUM,2026-08-08
IMASM,BIST KATILIM 100,2026-08-08
IMASM,BIST TÜM-100,2026-08-08
IMASM,BIST ANA,2026-08-08
IMASM,BIST KONYA,2026-08-08
IMASM,BIST 500,2026-08-08
IMASM,"BIST METAL EŞYA, MAKİNA",2026-08-08
INDES,BIST 500,2026-08-08
INDES,BIST TÜM-100,2026-08-08
INDES,BIST YILDIZ,2026-08-08
INDES,BIST TEKNOLOJİ,2026-08-08
INDES,BIST TÜM,2026-08-08
INDES,BIST İSTANBUL,2026-08-08
INDES,BIST BİLİŞİM,2026-08-08
INFO,BIST TÜM-100,2026-08-08
INFO,BIST MALİ,2026-08-08
INFO,BIST TÜM,2026-08-08
INFO,BIST ARACI KURUM,2026-08-08
INFO,BIST 500,2026-08-08
INFO,BIST ANA,2026-08-08
INGRM,BIST TEKNOLOJİ,2026-08-08
INGRM,BIST 500,2026-08-08
INGRM,BIST TÜM-100,2026-08-08
INGRM,BIST İSTANBUL,2026-08-08
INGRM,BIST TÜM,2026-08-08
INGRM,BIST ANA,2026-08-08
INGRM,BIST BİLİŞİM,2026-08-08
INGRM,BIST KATILIM TUM,2026-08-08
INTEM,BIST KATILIM TUM,2026-08-08
INTEM,BIST İSTANBUL,2026-08-08
INTEM,BIST 500,2026-08-08
INTEM,BIST HİZMETLER,2026-08-08
INTEM,BIST TOPTAN TICARET,2026-08-08
INTEM,BIST TÜM-100,2026-08-08
INTEM,BIST ANA,2026-08-08
INTEM,BIST TÜM,2026-08-08
INTEM,BIST TİCARET,2026-08-08
INVEO,BIST 500,2026-08-08
INVEO,BIST İSTANBUL,2026-08-08
INVEO,BIST YILDIZ,2026-08-08
INVEO,BIST HOLDİNG VE YATIRIM,2026-08-08
INVEO,BIST MALİ,2026-08-08
INVEO,BIST TÜM-100,2026-08-08
INVEO,BIST TÜM,2026-08-08
INVES,BIST GERİ ALIM,2026-08-08
INVES,BIST TÜM,2026-08-08
INVES,BIST HOLDİNG VE YATIRIM,2026-08-08
INVES,BIST YILDIZ,2026-08-08
INVES,BIST 500,2026-08-08
INVES,BIST MALİ,2026-08-08
INVES,BIST İSTANBUL,2026-08-08
INVES,BIST TÜM-100,2026-08-08
ISATR,BIST 50,2026-08-08
ISATR,BIST 100,2026-08-08
ISATR,BIST SÜRDÜRÜLEBİLİRLİK,2026-08-08
ISATR,BIST LİKİT BANKA,2026-08-08
ISATR,BIST 30,2026-08-08
ISATR,BIST TÜM,2026-08-08
ISATR,BIST TEMETTÜ 25,2026-08-08
ISATR,BIST TÜM-100,2026-08-08
ISATR,BIST 500,2026-08-08
ISATR,BIST MALİ,2026-08-08
ISATR,BIST TEMETTU 5 YIL,2026-08-08
ISATR,BIST TEMETTÜ,2026-08-08
ISATR,BIST YILDIZ,2026-08-08
ISATR,BIST BANKA,2026-08-08
ISATR,BIST SÜRDÜRÜLEBİLİRLİK 25,2026-08-08
ISBTR,BIST 50,2026-08-08
ISBTR,BIST 100,2026-08-08
ISBTR,BIST SÜRDÜRÜLEBİLİRLİK,2026-08-08
ISBTR,BIST LİKİT BANKA,2026-08-08
ISBTR,BIST 30,2026-08-08
ISBTR,BIST TÜM,2026-08-08
ISBTR,BIST TEMETTÜ 25,2026-08-08
ISBTR,BIST TÜM-100,2026-08-08
ISBTR,BIST 500,2026-08-08
ISBTR,BIST MALİ,2026-08-08
ISBTR,BIST TEMETTU 5 YIL,2026-08-08
ISBTR,BIST TEMETTÜ,2026-08-08
ISBTR,BIST YILDIZ,2026-08-08
ISBTR,BIST BANKA,2026-08-08
ISBTR,BIST SÜRDÜRÜLEBİLİRLİK 25,2026-08-08
ISCTR,BIST 50,2026-08-08
ISCTR,BIST 100,2026-08-08
ISCTR,BIST SÜRDÜRÜLEBİLİRLİK,2026-08-08
ISCTR,BIST LİKİT BANKA,2026-08-08
ISCTR,BIST 30,2026-08-08
ISCTR,BIST TÜM,2026-08-08
ISCTR,BIST TEMETTÜ 25,2026-08-08
ISCTR,BIST TÜM-100,2026-08-08
ISCTR,BIST 500,2026-08-08
ISCTR,BIST MALİ,2026-08-08
ISCTR,BIST TEMETTU 5 YIL,2026-08-08
ISCTR,BIST TEMETTÜ,2026-08-08
ISCTR,BIST YILDIZ,2026-08-08
ISCTR,BIST BANKA,2026-08-08
ISCTR,BIST SÜRDÜRÜLEBİLİRLİK 25,2026-08-08
ISDMR,BIST TÜM,2026-08-08
ISDMR,BIST METAL ANA,2026-08-08
ISDMR,BIST SÜRDÜRÜLEBİLİRLİK KATILIM,2026-08-08
ISDMR,BIST 500,2026-08-08
ISDMR,BIST YILDIZ,2026-08-08
ISDMR,BIST SINAİ,2026-08-08
ISDMR,BIST KATILIM TEMETTU,2026-08-08
ISDMR,BIST KATILIM TUM,2026-08-08
ISDMR,BIST KURUMSAL YÖNETİM,2026-08-08
ISDMR,BIST SÜRDÜRÜLEBİLİRLİK,2026-08-08
ISDMR,BIST TEMETTÜ,2026-08-08
ISDMR,BIST KATILIM 100,2026-08-08
ISDMR,BIST TÜM-100,2026-08-08
ISFIN,BIST TÜM,2026-08-08
ISFIN,BIST MALİ,2026-08-08
ISFIN,BIST TÜM-100,2026-08-08
ISFIN,BIST YILDIZ,2026-08-08
ISFIN,BIST SÜRDÜRÜLEBİLİRLİK,2026-08-08
ISFIN,BIST 500,2026-08-08
ISFIN,BIST FİN. KİR. FAKTORİNG,2026-08-08
ISFIN,BIST KURUMSAL YÖNETİM,2026-08-08
ISGSY,BIST 500,2026-08-08
ISGSY,BIST MALİ,2026-08-08
ISGSY,BIST TÜM-100,2026-08-08
ISGSY,BIST TÜM,2026-08-08
ISGSY,BIST ANA,2026-08-08
ISGSY,BIST GIRISIM SERMAYESI Y.O.,2026-08-08
ISGYO,BIST SÜRDÜRÜLEBİLİRLİK,2026-08-08
ISGYO,BIST 500,2026-08-08
ISGYO,BIST TÜM,2026-08-08
ISGYO,BIST MALİ,2026-08-08
ISGYO,BIST TÜM-100,2026-08-08
ISGYO,BIST YILDIZ,2026-08-08
ISGYO,BIST GAYRİMENKUL YAT. ORT.,2026-08-08
ISKPL,BIST TÜM,2026-08-08
ISKPL,BIST YILDIZ,2026-08-08
ISKPL,"BIST KİMYA, PETROL, PLASTİK",2026-08-08
ISKPL,BIST KOCAELİ,2026-08-08
ISKPL,BIST TÜM-100,2026-08-08
ISKPL,BIST SINAİ,2026-08-08
ISKPL,BIST 500,2026-08-08
ISKUR,BIST 50,2026-08-08
ISKUR,BIST 100,2026-08-08
ISKUR,BIST SÜRDÜRÜLEBİLİRLİK,2026-08-08
ISKUR,BIST LİKİT BANKA,2026-08-08
ISKUR,BIST 30,2026-08-08
ISKUR,BIST TÜM,2026-08-08
ISKUR,BIST TEMETTÜ 25,2026-08-08
ISKUR,BIST TÜM-100,2026-08-08
ISKUR,BIST 500,2026-08-08
ISKUR,BIST MALİ,2026-08-08
ISKUR,BIST TEMETTU 5 YIL,2026-08-08
ISKUR,BIST TEMETTÜ,2026-08-08
ISKUR,BIST YILDIZ,2026-08-08
ISKUR,BIST BANKA,2026-08-08
ISKUR,BIST SÜRDÜRÜLEBİLİRLİK 25,2026-08-08
ISMEN,BIST TEMETTU 5 YIL,2026-08-08
ISMEN,BIST MALİ,2026-08-08
ISMEN,BIST YILDIZ,2026-08-08
ISMEN,BIST TEMETTÜ,2026-08-08
ISMEN,BIST 500,2026-08-08
ISMEN,BIST SÜRDÜRÜLEBİLİRLİK,2026-08-08
ISMEN,BIST TEMETTÜ 25,2026-08-08
ISMEN,BIST 100,2026-08-08
ISMEN,BIST TEMETTU 10 YIL,2026-08-08
ISMEN,BIST 100-30,2026-08-08
ISMEN,BIST TÜM,2026-08-08
ISMEN,BIST ARACI KURUM,2026-08-08
ISSEN,BIST TÜM,2026-08-08
ISSEN,BIST ANA,2026-08-08
ISSEN,BIST BALIKESİR,2026-08-08
ISSEN,"BIST TEKSTİL, DERİ",2026-08-08
ISSEN,BIST TÜM-100,2026-08-08
ISSEN,BIST SINAİ,2026-08-08
ISVEA,BIST ANA,2026-08-08
ISVEA,BIST SINAİ,2026-08-08
ISVEA,"BIST TAŞ, TOPRAK",2026-08-08
ISVEA,BIST TÜM-100,2026-08-08
ISVEA,BIST HALKA ARZ,2026-08-08
ISVEA,BIST TÜM,2026-08-08
ISYAT,BIST MENKUL KIYM Y.O.,2026-08-08
IYF,BIST TÜM-100,2026-08-08
IYF,BIST MALİ,2026-08-08
IYF,BIST TÜM,2026-08-08
IYF,BIST ARACI KURUM,2026-08-08
IYF,BIST 500,2026-08-08
IYF,BIST ANA,2026-08-08
IYM,BIST TEMETTU 5 YIL,2026-08-08
IYM,BIST MALİ,2026-08-08
IYM,BIST YILDIZ,2026-08-08
IYM,BIST TEMETTÜ,2026-08-08
IYM,BIST 500,2026-08-08
IYM,BIST SÜRDÜRÜLEBİLİRLİK,2026-08-08
IYM,BIST TEMETTÜ 25,2026-08-08
IYM,BIST 100,2026-08-08
IYM,BIST TEMETTU 10 YIL,2026-08-08
IYM,BIST 100-30,2026-08-08
IYM,BIST TÜM,2026-08-08
IYM,BIST ARACI KURUM,2026-08-08
IZENR,BIST 100,2026-08-08
IZENR,BIST TÜM,2026-08-08
IZENR,BIST 500,2026-08-08
IZENR,BIST HİZMETLER,2026-08-08
IZENR,BIST YILDIZ,2026-08-08
IZENR,BIST 100-30,2026-08-08
IZENR,BIST İZMİR,2026-08-08
IZENR,BIST ELEKTRİK,2026-08-08
IZFAS,BIST KOBI SANAYİ,2026-08-08
IZFAS,BIST KATILIM 50,2026-08-08
IZFAS,BIST 500,2026-08-08
IZFAS,BIST KATILIM TUM,2026-08-08
IZFAS,"BIST KİMYA, PETROL, PLASTİK",2026-08-08
IZFAS,BIST KATILIM 100,2026-08-08
IZFAS,BIST TÜM,2026-08-08
IZFAS,BIST ANA,2026-08-08
IZFAS,BIST SINAİ,2026-08-08
IZFAS,BIST TÜM-100,2026-08-08
IZFAS,BIST İZMİR,2026-08-08
IZINV,BIST TÜM-100,2026-08-08
IZINV,BIST KOBI SANAYİ,2026-08-08
IZINV,BIST KATILIM TUM,2026-08-08
IZINV,BIST ANA,2026-08-08
IZINV,BIST SINAİ,2026-08-08
IZINV,BIST TÜM,2026-08-08
IZINV,BIST İSTANBUL,2026-08-08
IZMDC,BIST SINAİ,2026-08-08
IZMDC,BIST İZMİR,2026-08-08
IZMDC,BIST TÜM,2026-08-08
IZMDC,BIST METAL ANA,2026-08-08
IZMDC,BIST ANA,2026-08-08
IZMDC,BIST 500,2026-08-08
IZMDC,BIST TÜM-100,2026-08-08
JANTS,"BIST METAL EŞYA, MAKİNA",2026-08-08
JANTS,BIST TÜM,2026-08-08
JANTS,BIST ANA,2026-08-08
JANTS,BIST KATILIM TEMETTU,2026-08-08
JANTS,BIST SINAİ,2026-08-08
JANTS,BIST KATILIM 100,2026-08-08
JANTS,BIST 500,2026-08-08
JANTS,BIST TEMETTU 5 YIL,2026-08-08
JANTS,BIST AYDIN,2026-08-08
JANTS,BIST TEMETTU 10 YIL,2026-08-08
JANTS,BIST TÜM-100,2026-08-08
JANTS,BIST KATILIM TUM,2026-08-08
JANTS,BIST GERİ ALIM,2026-08-08
KAPLM,BIST SINAİ,2026-08-08
KAPLM,BIST İZMİR,2026-08-08
KAPLM,"BIST ORMAN, KAĞIT, BASIM",2026-08-08
KAPLM,BIST TÜM-100,2026-08-08
KAPLM,BIST 500,2026-08-08
KAPLM,BIST TÜM,2026-08-08
KAPLM,BIST ANA,2026-08-08
KARCL,BIST HALKA ARZ,2026-08-08
KARCL,BIST YILDIZ,2026-08-08
KARCL,BIST TÜM-100,2026-08-08
KARCL,BIST SINAİ,2026-08-08
KARCL,BIST İZMİR,2026-08-08
KARCL,BIST METAL ANA,2026-08-08
KARCL,BIST TÜM,2026-08-08
KAREL,BIST 500,2026-08-08
KAREL,BIST ANKARA,2026-08-08
KAREL,BIST TÜM,2026-08-08
KAREL,BIST TÜM-100,2026-08-08
KAREL,BIST BİLİŞİM,2026-08-08
KAREL,BIST YILDIZ,2026-08-08
KAREL,BIST TEKNOLOJİ,2026-08-08
KARSN,BIST YILDIZ,2026-08-08
KARSN,BIST 500,2026-08-08
KARSN,BIST KATILIM 100,2026-08-08
KARSN,BIST SÜRDÜRÜLEBİLİRLİK,2026-08-08
KARSN,"BIST METAL EŞYA, MAKİNA",2026-08-08
KARSN,BIST TÜM,2026-08-08
KARSN,BIST TÜM-100,2026-08-08
KARSN,BIST SINAİ,2026-08-08
KARSN,BIST BURSA,2026-08-08
KARSN,BIST KATILIM 50,2026-08-08
KARSN,BIST KATILIM TUM,2026-08-08
KARTN,BIST SINAİ,2026-08-08
KARTN,BIST ANA,2026-08-08
KARTN,BIST TÜM,2026-08-08
KARTN,BIST 500,2026-08-08
KARTN,BIST KOCAELİ,2026-08-08
KARTN,"BIST ORMAN, KAĞIT, BASIM",2026-08-08
KARTN,BIST TÜM-100,2026-08-08
KATMR,BIST KATILIM 100,2026-08-08
KATMR,BIST TÜM-100,2026-08-08
KATMR,BIST İZMİR,2026-08-08
KATMR,BIST KATILIM TUM,2026-08-08
KATMR,BIST 500,2026-08-08
KATMR,BIST TÜM,2026-08-08
KATMR,"BIST METAL EŞYA, MAKİNA",2026-08-08
KATMR,BIST KATILIM 50,2026-08-08
KATMR,BIST SINAİ,2026-08-08
KATMR,BIST YILDIZ,2026-08-08
KAYSE,BIST SINAİ,2026-08-08
KAYSE,BIST TÜM,2026-08-08
KAYSE,BIST TÜM-100,2026-08-08
KAYSE,BIST YILDIZ,2026-08-08
KAYSE,BIST KURUMSAL YÖNETİM,2026-08-08
KAYSE,"BIST GIDA, İÇECEK",2026-08-08
KAYSE,BIST 500,2026-08-08
KAYSE,BIST KAYSERİ,2026-08-08
KBORU,BIST TÜM,2026-08-08
KBORU,BIST TÜM-100,2026-08-08
KBORU,BIST 500,2026-08-08
KBORU,BIST TEMETTÜ,2026-08-08
KBORU,"BIST KİMYA, PETROL, PLASTİK",2026-08-08
KBORU,BIST SINAİ,2026-08-08
KBORU,BIST YILDIZ,2026-08-08
KBORU,BIST KATILIM TUM,2026-08-08
KBORU,BIST KATILIM 100,2026-08-08
KCAER,BIST KATILIM 50,2026-08-08
KCAER,BIST SINAİ,2026-08-08
KCAER,BIST METAL ANA,2026-08-08
KCAER,BIST 500,2026-08-08
KCAER,BIST TÜM-100,2026-08-08
KCAER,BIST TEMETTÜ,2026-08-08
KCAER,BIST KATILIM 100,2026-08-08
KCAER,BIST İZMİR,2026-08-08
KCAER,BIST KATILIM TUM,2026-08-08
KCAER,BIST KATILIM TEMETTU,2026-08-08
KCAER,BIST TÜM,2026-08-08
KCAER,BIST YILDIZ,2026-08-08
KCHOL,BIST HOLDİNG VE YATIRIM,2026-08-08
KCHOL,BIST SÜRDÜRÜLEBİLİRLİK 25,2026-08-08
KCHOL,BIST TEMETTU 5 YIL,2026-08-08
KCHOL,BIST SÜRDÜRÜLEBİLİRLİK,2026-08-08
KCHOL,BIST MALİ,2026-08-08
KCHOL,BIST TEMETTU 10 YIL,2026-08-08
KCHOL,BIST BANKA DIŞI LİKİT 10,2026-08-08
KCHOL,BIST İSTANBUL,2026-08-08
KCHOL,BIST YILDIZ,2026-08-08
KCHOL,BIST 50,2026-08-08
KCHOL,BIST TEMETTÜ,2026-08-08
KCHOL,BIST 500,2026-08-08
KCHOL,BIST TEMETTÜ 25,2026-08-08
KCHOL,BIST 30,2026-08-08
KCHOL,BIST 100,2026-08-08
KCHOL,BIST TÜM,2026-08-08
KFEIN,BIST TEMETTÜ,2026-08-08
KFEIN,BIST 500,2026-08-08
KFEIN,BIST BİLİŞİM,2026-08-08
KFEIN,BIST KURUMSAL YÖNETİM,2026-08-08
KFEIN,BIST TEKNOLOJİ,2026-08-08
KFEIN,BIST TEMETTU 5 YIL,2026-08-08
KFEIN,BIST ANA,2026-08-08
KFEIN,BIST TÜM-100,2026-08-08
KFEIN,BIST TÜM,2026-08-08
KFEIN,BIST İSTANBUL,2026-08-08
KGYO,BIST GAYRİMENKUL YAT. ORT.,2026-08-08
KGYO,BIST ANA,2026-08-08
KGYO,BIST MALİ,2026-08-08
KGYO,BIST TÜM,2026-08-08
KGYO,BIST TÜM-100,2026-08-08
KGYO,BIST 500,2026-08-08
KIMMR,BIST TÜM,2026-08-08
KIMMR,BIST 500,2026-08-08
KIMMR,BIST TİCARET,2026-08-08
KIMMR,BIST PERAKENDE TICARET,2026-08-08
KIMMR,BIST TÜM-100,2026-08-08
KIMMR,BIST ANA,2026-08-08
KIMMR,BIST KATILIM TUM,2026-08-08
KIMMR,BIST HİZMETLER,2026-08-08
KLGYO,BIST 500,2026-08-08
KLGYO,BIST GAYRİMENKUL YAT. ORT.,2026-08-08
KLGYO,BIST YILDIZ,2026-08-08
KLGYO,BIST TÜM,2026-08-08
KLGYO,BIST TÜM-100,2026-08-08
KLGYO,BIST MALİ,2026-08-08
KLKIM,"BIST TAŞ, TOPRAK",2026-08-08
KLKIM,BIST SINAİ,2026-08-08
KLKIM,BIST TÜM-100,2026-08-08
KLKIM,BIST TEMETTÜ,2026-08-08
KLKIM,BIST 500,2026-08-08
KLKIM,BIST KURUMSAL YÖNETİM,2026-08-08
KLKIM,BIST TÜM,2026-08-08
KLKIM,BIST SÜRDÜRÜLEBİLİRLİK,2026-08-08
KLKIM,BIST İSTANBUL,2026-08-08
KLKIM,BIST YILDIZ,2026-08-08
KLMSN,"BIST METAL EŞYA, MAKİNA",2026-08-08
KLMSN,BIST ANA,2026-08-08
KLMSN,BIST 500,2026-08-08
KLMSN,BIST TÜM-100,2026-08-08
KLMSN,BIST MANİSA,2026-08-08
KLMSN,BIST SINAİ,2026-08-08
KLMSN,BIST TÜM,2026-08-08
KLRHO,BIST MALİ,2026-08-08
KLRHO,BIST 100,2026-08-08
KLRHO,BIST HOLDİNG VE YATIRIM,2026-08-08
KLRHO,BIST YILDIZ,2026-08-08
KLRHO,BIST 500,2026-08-08
KLRHO,BIST 100-30,2026-08-08
KLRHO,BIST TÜM,2026-08-08
KLRHO,BIST İSTANBUL,2026-08-08
KLSER,BIST SINAİ,2026-08-08
KLSER,BIST KATILIM TUM,2026-08-08
KLSER,BIST TÜM,2026-08-08
KLSER,BIST TÜM-100,2026-08-08
KLSER,BIST SÜRDÜRÜLEBİLİRLİK,2026-08-08
KLSER,BIST KURUMSAL YÖNETİM,2026-08-08
KLSER,BIST 500,2026-08-08
KLSER,BIST YILDIZ,2026-08-08
KLSER,"BIST TAŞ, TOPRAK",2026-08-08
KLSER,BIST SÜRDÜRÜLEBİLİRLİK KATILIM,2026-08-08
KLSYN,BIST TÜM-100,2026-08-08
KLSYN,"BIST ORMAN, KAĞIT, BASIM",2026-08-08
KLSYN,BIST GERİ ALIM,2026-08-08
KLSYN,BIST 500,2026-08-08
KLSYN,BIST SINAİ,2026-08-08
KLSYN,BIST KATILIM TUM,2026-08-08
KLSYN,BIST TEKİRDAĞ,2026-08-08
KLSYN,BIST TÜM,2026-08-08
KLSYN,BIST ANA,2026-08-08
KLYPV,BIST 500,2026-08-08
KLYPV,BIST YILDIZ,2026-08-08
KLYPV,BIST ELEKTRİK,2026-08-08
KLYPV,BIST ANKARA,2026-08-08
KLYPV,BIST TÜM-100,2026-08-08
KLYPV,BIST HİZMETLER,2026-08-08
KLYPV,BIST TÜM,2026-08-08
KLYPV,BIST HALKA ARZ,2026-08-08
KMPUR,BIST KOCAELİ,2026-08-08
KMPUR,BIST TÜM-100,2026-08-08
KMPUR,BIST YILDIZ,2026-08-08
KMPUR,BIST KATILIM TUM,2026-08-08
KMPUR,BIST KURUMSAL YÖNETİM,2026-08-08
KMPUR,"BIST KİMYA, PETROL, PLASTİK",2026-08-08
KMPUR,BIST TÜM,2026-08-08
KMPUR,BIST SÜRDÜRÜLEBİLİRLİK,2026-08-08
KMPUR,BIST SINAİ,2026-08-08
KMPUR,BIST 500,2026-08-08
KMPUR,BIST SÜRDÜRÜLEBİLİRLİK KATILIM,2026-08-08
KNFRT,BIST SINAİ,2026-08-08
KNFRT,BIST TÜM-100,2026-08-08
KNFRT,BIST 500,2026-08-08
KNFRT,BIST KATILIM TUM,2026-08-08
KNFRT,BIST ANA,2026-08-08
KNFRT,BIST İSTANBUL,2026-08-08
KNFRT,BIST TÜM,2026-08-08
KOCMT,BIST KATILIM TUM,2026-08-08
KOCMT,BIST SINAİ,2026-08-08
KOCMT,BIST TÜM,2026-08-08
KOCMT,BIST TÜM-100,2026-08-08
KOCMT,BIST YILDIZ,2026-08-08
KOCMT,BIST GERİ ALIM,2026-08-08
KOCMT,BIST 500,2026-08-08
KOCMT,BIST METAL ANA,2026-08-08
KONKA,BIST KATILIM TUM,2026-08-08
KONKA,BIST SINAİ,2026-08-08
KONKA,BIST GERİ ALIM,2026-08-08
KONKA,"BIST ORMAN, KAĞIT, BASIM",2026-08-08
KONKA,BIST KONYA,2026-08-08
KONKA,BIST 500,2026-08-08
KONKA,BIST ANA,2026-08-08
KONKA,BIST TÜM-100,2026-08-08
KONKA,BIST TÜM,2026-08-08
KONYA,"BIST TAŞ, TOPRAK",2026-08-08
KONYA,BIST 500,2026-08-08
KONYA,BIST TÜM,2026-08-08
KONYA,BIST KONYA,2026-08-08
KONYA,BIST YILDIZ,2026-08-08
KONYA,BIST KATILIM TUM,2026-08-08
KONYA,BIST SINAİ,2026-08-08
KONYA,BIST TÜM-100,2026-08-08
KOPOL,BIST 500,2026-08-08
KOPOL,BIST YILDIZ,2026-08-08
KOPOL,BIST KATILIM TUM,2026-08-08
KOPOL,BIST KATILIM 100,2026-08-08
KOPOL,BIST SINAİ,2026-08-08
KOPOL,BIST TÜM-100,2026-08-08
KOPOL,"BIST KİMYA, PETROL, PLASTİK",2026-08-08
KOPOL,BIST TÜM,2026-08-08
KORDS,"BIST TEKSTİL, DERİ",2026-08-08
KORDS,BIST KOCAELİ,2026-08-08
KORDS,BIST SINAİ,2026-08-08
KORDS,BIST SÜRDÜRÜLEBİLİRLİK,2026-08-08
KORDS,BIST YILDIZ,2026-08-08
KORDS,BIST TÜM,2026-08-08
KORDS,BIST 500,2026-08-08
KORDS,BIST TÜM-100,2026-08-08
KOTON,BIST TİCARET,2026-08-08
KOTON,BIST TÜM,2026-08-08
KOTON,BIST TÜM-100,2026-08-08
KOTON,BIST KATILIM TUM,2026-08-08
KOTON,BIST 500,2026-08-08
KOTON,BIST HİZMETLER,2026-08-08
KOTON,BIST PERAKENDE TICARET,2026-08-08
KOTON,BIST YILDIZ,2026-08-08
KRDMA,BIST TÜM,2026-08-08
KRDMA,BIST KATILIM 100,2026-08-08
KRDMA,BIST 30,2026-08-08
KRDMA,BIST 500,2026-08-08
KRDMA,BIST YILDIZ,2026-08-08
KRDMA,BIST METAL ANA,2026-08-08
KRDMA,BIST 50,2026-08-08
KRDMA,BIST KATILIM TUM,2026-08-08
KRDMA,BIST KATILIM 50,2026-08-08
KRDMA,BIST 100,2026-08-08
KRDMA,BIST SINAİ,2026-08-08
KRDMA,BIST KATILIM 30,2026-08-08
KRDMA,BIST TÜM-100,2026-08-08
KRDMB,BIST TÜM,2026-08-08
KRDMB,BIST KATILIM 100,2026-08-08
KRDMB,BIST 30,2026-08-08
KRDMB,BIST 500,2026-08-08
KRDMB,BIST YILDIZ,2026-08-08
KRDMB,BIST METAL ANA,2026-08-08
KRDMB,BIST 50,2026-08-08
KRDMB,BIST KATILIM TUM,2026-08-08
KRDMB,BIST KATILIM 50,2026-08-08
KRDMB,BIST 100,2026-08-08
KRDMB,BIST SINAİ,2026-08-08
KRDMB,BIST KATILIM 30,2026-08-08
KRDMB,BIST TÜM-100,2026-08-08
KRDMD,BIST TÜM,2026-08-08
KRDMD,BIST KATILIM 100,2026-08-08
KRDMD,BIST 30,2026-08-08
KRDMD,BIST 500,2026-08-08
KRDMD,BIST YILDIZ,2026-08-08
KRDMD,BIST METAL ANA,2026-08-08
KRDMD,BIST 50,2026-08-08
KRDMD,BIST KATILIM TUM,2026-08-08
KRDMD,BIST KATILIM 50,2026-08-08
KRDMD,BIST 100,2026-08-08
KRDMD,BIST SINAİ,2026-08-08
KRDMD,BIST KATILIM 30,2026-08-08
KRDMD,BIST TÜM-100,2026-08-08
KRGYO,BIST TÜM-100,2026-08-08
KRGYO,BIST KATILIM TUM,2026-08-08
KRGYO,BIST MALİ,2026-08-08
KRGYO,BIST ANA,2026-08-08
KRGYO,BIST GAYRİMENKUL YAT. ORT.,2026-08-08
KRGYO,BIST 500,2026-08-08
KRGYO,BIST TÜM,2026-08-08
KRONT,BIST ANA,2026-08-08
KRONT,BIST BİLİŞİM,2026-08-08
KRONT,BIST TÜM,2026-08-08
KRONT,BIST TEKNOLOJİ,2026-08-08
KRONT,BIST KATILIM TUM,2026-08-08
KRONT,BIST TÜM-100,2026-08-08
KRONT,BIST 500,2026-08-08
KRONT,BIST İSTANBUL,2026-08-08
KRPLS,"BIST KİMYA, PETROL, PLASTİK",2026-08-08
KRPLS,BIST ANA,2026-08-08
KRPLS,BIST SINAİ,2026-08-08
KRPLS,BIST KATILIM TUM,2026-08-08
KRPLS,BIST İSTANBUL,2026-08-08
KRPLS,BIST TÜM,2026-08-08
KRPLS,BIST TÜM-100,2026-08-08
KRPLS,BIST 500,2026-08-08
KRSTL,BIST TÜM,2026-08-08
KRSTL,BIST BALIKESİR,2026-08-08
KRSTL,"BIST GIDA, İÇECEK",2026-08-08
KRSTL,BIST TÜM-100,2026-08-08
KRSTL,BIST ANA,2026-08-08
KRSTL,BIST 500,2026-08-08
KRSTL,BIST KATILIM TUM,2026-08-08
KRSTL,BIST SINAİ,2026-08-08
KRTEK,BIST TÜM-100,2026-08-08
KRTEK,BIST SINAİ,2026-08-08
KRTEK,BIST KAYSERİ,2026-08-08
KRTEK,"BIST TEKSTİL, DERİ",2026-08-08
KRTEK,BIST TÜM,2026-08-08
KRVGD,BIST 500,2026-08-08
KRVGD,BIST ANA,2026-08-08
KRVGD,BIST TÜM-100,2026-08-08
KRVGD,BIST KATILIM TUM,2026-08-08
KRVGD,"BIST GIDA, İÇECEK",2026-08-08
KRVGD,BIST SINAİ,2026-08-08
KRVGD,BIST TÜM,2026-08-08
KRVGD,BIST İSTANBUL,2026-08-08
KTLEV,BIST 500,2026-08-08
KTLEV,BIST TEMETTÜ,2026-08-08
KTLEV,BIST KATILIM 100,2026-08-08
KTLEV,BIST YILDIZ,2026-08-08
KTLEV,BIST KATILIM TUM,2026-08-08
KTLEV,BIST 50,2026-08-08
KTLEV,BIST TÜM,2026-08-08
KTLEV,BIST KATILIM 50,2026-08-08
KTLEV,BIST 100-30,2026-08-08
KTLEV,BIST MALİ,2026-08-08
KTLEV,BIST KATILIM TEMETTU,2026-08-08
KTLEV,BIST KATILIM 30,2026-08-08
KTLEV,BIST 100,2026-08-08
KTSKR,BIST ANA,2026-08-08
KTSKR,BIST SINAİ,2026-08-08
KTSKR,"BIST GIDA, İÇECEK",2026-08-08
KTSKR,BIST TÜM-100,2026-08-08
KTSKR,BIST 500,2026-08-08
KTSKR,BIST TÜM,2026-08-08
KUTPO,"BIST TAŞ, TOPRAK",2026-08-08
KUTPO,BIST ANA,2026-08-08
KUTPO,BIST TÜM-100,2026-08-08
KUTPO,BIST KATILIM TUM,2026-08-08
KUTPO,BIST 500,2026-08-08
KUTPO,BIST TÜM,2026-08-08
KUTPO,BIST SINAİ,2026-08-08
KUVVA,BIST TİCARET,2026-08-08
KUVVA,BIST TÜM-100,2026-08-08
KUVVA,BIST TÜM,2026-08-08
KUVVA,BIST TOPTAN TICARET,2026-08-08
KUVVA,BIST HİZMETLER,2026-08-08
KUVVA,BIST İSTANBUL,2026-08-08
KUYAS,BIST YILDIZ,2026-08-08
KUYAS,BIST HİZMETLER,2026-08-08
KUYAS,BIST 100-30,2026-08-08
KUYAS,BIST TÜM,2026-08-08
KUYAS,BIST 50,2026-08-08
KUYAS,BIST İSTANBUL,2026-08-08
KUYAS,BIST 500,2026-08-08
KUYAS,BIST İNŞAAT,2026-08-08
KUYAS,BIST 100,2026-08-08
KZBGY,BIST YILDIZ,2026-08-08
KZBGY,BIST KATILIM 50,2026-08-08
KZBGY,BIST KATILIM 100,2026-08-08
KZBGY,BIST TÜM-100,2026-08-08
KZBGY,BIST 500,2026-08-08
KZBGY,BIST MALİ,2026-08-08
KZBGY,BIST TÜM,2026-08-08
KZBGY,BIST KATILIM TUM,2026-08-08
KZBGY,BIST GAYRİMENKUL YAT. ORT.,2026-08-08
KZGYO,BIST 500,2026-08-08
KZGYO,BIST TÜM-100,2026-08-08
KZGYO,BIST MALİ,2026-08-08
KZGYO,BIST TÜM,2026-08-08
KZGYO,BIST ANA,2026-08-08
KZGYO,BIST GAYRİMENKUL YAT. ORT.,2026-08-08
LIDER,BIST YILDIZ,2026-08-08
LIDER,BIST İSTANBUL,2026-08-08
LIDER,BIST TÜM,2026-08-08
LIDER,BIST HİZMETLER,2026-08-08
LIDER,BIST GERİ ALIM,2026-08-08
LIDER,BIST TÜM-100,2026-08-08
LIDER,BIST TEMETTÜ,2026-08-08
LIDER,BIST 500,2026-08-08
LIDFA,BIST FİN. KİR. FAKTORİNG,2026-08-08
LIDFA,BIST MALİ,2026-08-08
LIDFA,BIST 500,2026-08-08
LIDFA,BIST ANA,2026-08-08
LIDFA,BIST KURUMSAL YÖNETİM,2026-08-08
LIDFA,BIST TÜM-100,2026-08-08
LIDFA,BIST TÜM,2026-08-08
LILAK,BIST 500,2026-08-08
LILAK,BIST YILDIZ,2026-08-08
LILAK,BIST TÜM,2026-08-08
LILAK,"BIST ORMAN, KAĞIT, BASIM",2026-08-08
LILAK,BIST KURUMSAL YÖNETİM,2026-08-08
LILAK,BIST TEKİRDAĞ,2026-08-08
LILAK,BIST SINAİ,2026-08-08
LILAK,BIST TEMETTÜ,2026-08-08
LILAK,BIST TÜM-100,2026-08-08
LINK,BIST TEKNOLOJİ,2026-08-08
LINK,BIST TÜM,2026-08-08
LINK,BIST TÜM-100,2026-08-08
LINK,BIST İSTANBUL,2026-08-08
LINK,BIST BİLİŞİM,2026-08-08
LINK,BIST 500,2026-08-08
LINK,BIST YILDIZ,2026-08-08
LKMNH,BIST KATILIM TUM,2026-08-08
LKMNH,BIST 500,2026-08-08
LKMNH,BIST TEMETTU 5 YIL,2026-08-08
LKMNH,BIST ANKARA,2026-08-08
LKMNH,BIST ANA,2026-08-08
LKMNH,BIST TEMETTÜ,2026-08-08
LKMNH,BIST TÜM,2026-08-08
LKMNH,BIST HİZMETLER,2026-08-08
LKMNH,BIST KATILIM TEMETTU,2026-08-08
LKMNH,BIST GERİ ALIM,2026-08-08
LKMNH,BIST TEMETTU 10 YIL,2026-08-08
LKMNH,BIST TÜM-100,2026-08-08
LMKDC,BIST KATILIM TUM,2026-08-08
LMKDC,BIST KATILIM 100,2026-08-08
LMKDC,"BIST TAŞ, TOPRAK",2026-08-08
LMKDC,BIST TÜM,2026-08-08
LMKDC,BIST SINAİ,2026-08-08
LMKDC,BIST 500,2026-08-08
LMKDC,BIST YILDIZ,2026-08-08
LMKDC,BIST TÜM-100,2026-08-08
LOGO,BIST TÜM,2026-08-08
LOGO,BIST TEMETTU 5 YIL,2026-08-08
LOGO,BIST KATILIM 100,2026-08-08
LOGO,BIST YILDIZ,2026-08-08
LOGO,BIST KOCAELİ,2026-08-08
LOGO,BIST KATILIM TUM,2026-08-08
LOGO,BIST TÜM-100,2026-08-08
LOGO,BIST TEKNOLOJİ,2026-08-08
LOGO,BIST 500,2026-08-08
LOGO,BIST KURUMSAL YÖNETİM,2026-08-08
LOGO,BIST KATILIM TEMETTU,2026-08-08
LOGO,BIST SÜRDÜRÜLEBİLİRLİK KATILIM,2026-08-08
LOGO,BIST TEMETTÜ,2026-08-08
LOGO,BIST BİLİŞİM,2026-08-08
LOGO,BIST SÜRDÜRÜLEBİLİRLİK,2026-08-08
LOGO,BIST GERİ ALIM,2026-08-08
LRSHO,BIST 500,2026-08-08
LRSHO,BIST HOLDİNG VE YATIRIM,2026-08-08
LRSHO,BIST YILDIZ,2026-08-08
LRSHO,BIST TÜM,2026-08-08
LRSHO,BIST TÜM-100,2026-08-08
LRSHO,BIST MALİ,2026-08-08
LRSHO,BIST KONYA,2026-08-08
LUKSK,"BIST TEKSTİL, DERİ",2026-08-08
LUKSK,BIST KAYSERİ,2026-08-08
LUKSK,BIST TÜM-100,2026-08-08
LUKSK,BIST TÜM,2026-08-08
LUKSK,BIST SINAİ,2026-08-08
LUKSK,BIST KOBI SANAYİ,2026-08-08
LUKSK,BIST ANA,2026-08-08
LXGYO,BIST ANA,2026-08-08
LXGYO,BIST TÜM-100,2026-08-08
LXGYO,BIST HALKA ARZ,2026-08-08
LXGYO,BIST KATILIM TUM,2026-08-08
LXGYO,BIST GAYRİMENKUL YAT. ORT.,2026-08-08
LXGYO,BIST MALİ,2026-08-08
LXGYO,BIST TÜM,2026-08-08
LXGYO,BIST 500,2026-08-08
LYDHO,BIST İSTANBUL,2026-08-08
LYDHO,BIST TÜM,2026-08-08
LYDHO,BIST YILDIZ,2026-08-08
LYDHO,BIST 500,2026-08-08
LYDHO,BIST TÜM-100,2026-08-08
LYDHO,BIST MALİ,2026-08-08
LYDHO,BIST HOLDİNG VE YATIRIM,2026-08-08
LYDYE,BIST 500,2026-08-08
LYDYE,BIST ANA,2026-08-08
LYDYE,BIST ELEKTRİK,2026-08-08
LYDYE,BIST TÜM-100,2026-08-08
LYDYE,BIST HİZMETLER,2026-08-08
LYDYE,BIST TÜM,2026-08-08
MAALT,BIST ANTALYA,2026-08-08
MAALT,BIST TURİZM,2026-08-08
MAALT,BIST KONAKLAMA,2026-08-08
MAALT,BIST TÜM,2026-08-08
MAALT,BIST HİZMETLER,2026-08-08
MAALT,BIST TÜM-100,2026-08-08
MAALT,BIST ANA,2026-08-08
MAALT,BIST 500,2026-08-08
MACKO,BIST HİZMETLER,2026-08-08
MACKO,BIST TÜM-100,2026-08-08
MACKO,BIST TEMETTÜ,2026-08-08
MACKO,BIST İSTANBUL,2026-08-08
MACKO,BIST TÜM,2026-08-08
MACKO,BIST 500,2026-08-08
MACKO,BIST ANA,2026-08-08
MAGEN,BIST KATILIM 100,2026-08-08
MAGEN,BIST 500,2026-08-08
MAGEN,BIST GERİ ALIM,2026-08-08
MAGEN,BIST SÜRDÜRÜLEBİLİRLİK,2026-08-08
MAGEN,BIST 100-30,2026-08-08
MAGEN,BIST HİZMETLER,2026-08-08
MAGEN,BIST KATILIM 50,2026-08-08
MAGEN,BIST ANKARA,2026-08-08
MAGEN,BIST SÜRDÜRÜLEBİLİRLİK KATILIM,2026-08-08
MAGEN,BIST KATILIM TUM,2026-08-08
MAGEN,BIST 100,2026-08-08
MAGEN,BIST TÜM,2026-08-08
MAGEN,BIST ELEKTRİK,2026-08-08
MAGEN,BIST YILDIZ,2026-08-08
MAKIM,BIST ANA,2026-08-08
MAKIM,BIST TÜM-100,2026-08-08
MAKIM,"BIST METAL EŞYA, MAKİNA",2026-08-08
MAKIM,BIST 500,2026-08-08
MAKIM,BIST ANKARA,2026-08-08
MAKIM,BIST KATILIM TUM,2026-08-08
MAKIM,BIST TÜM,2026-08-08
MAKIM,BIST SINAİ,2026-08-08
MAKTK,BIST ANA,2026-08-08
MAKTK,BIST TÜM,2026-08-08
MAKTK,BIST KOCAELİ,2026-08-08
MAKTK,"BIST METAL EŞYA, MAKİNA",2026-08-08
MAKTK,BIST SINAİ,2026-08-08
MAKTK,BIST TÜM-100,2026-08-08
MAKTK,BIST 500,2026-08-08
MANAS,BIST ANA,2026-08-08
MANAS,BIST ANKARA,2026-08-08
MANAS,BIST TÜM-100,2026-08-08
MANAS,BIST TÜM,2026-08-08
MANAS,BIST BİLİŞİM,2026-08-08
MANAS,BIST 500,2026-08-08
MANAS,BIST TEKNOLOJİ,2026-08-08
MARBL,"BIST TAŞ, TOPRAK",2026-08-08
MARBL,BIST TÜM,2026-08-08
MARBL,BIST 500,2026-08-08
MARBL,BIST KATILIM TUM,2026-08-08
MARBL,BIST TÜM-100,2026-08-08
MARBL,BIST ANA,2026-08-08
MARBL,BIST SINAİ,2026-08-08
MARKA,BIST HOLDİNG VE YATIRIM,2026-08-08
MARKA,BIST TÜM-100,2026-08-08
MARKA,BIST MALİ,2026-08-08
MARKA,BIST İSTANBUL,2026-08-08
MARKA,BIST ANA,2026-08-08
MARKA,BIST TÜM,2026-08-08
MARKA,BIST 500,2026-08-08
MARMR,BIST TÜM-100,2026-08-08
MARMR,BIST TÜM,2026-08-08
MARMR,BIST KOCAELİ,2026-08-08
MARMR,BIST SINAİ,2026-08-08
MARMR,BIST ANA,2026-08-08
MARMR,"BIST KİMYA, PETROL, PLASTİK",2026-08-08
MARMR,BIST 500,2026-08-08
MARTI,BIST ANTALYA,2026-08-08
MARTI,BIST HİZMETLER,2026-08-08
MARTI,BIST TÜM,2026-08-08
MARTI,BIST 500,2026-08-08
MARTI,BIST TURİZM,2026-08-08
MARTI,BIST ANA,2026-08-08
MARTI,BIST KONAKLAMA,2026-08-08
MARTI,BIST TÜM-100,2026-08-08
MASFN,BIST ELEKTRİK,2026-08-08
MASFN,BIST HİZMETLER,2026-08-08
MASFN,BIST YILDIZ,2026-08-08
MASFN,BIST TÜM,2026-08-08
MASFN,BIST HALKA ARZ,2026-08-08
MASFN,BIST TÜM-100,2026-08-08
MAVI,BIST PERAKENDE TICARET,2026-08-08
MAVI,BIST KATILIM TEMETTU,2026-08-08
MAVI,BIST KATILIM TUM,2026-08-08
MAVI,BIST SÜRDÜRÜLEBİLİRLİK 25,2026-08-08
MAVI,BIST TEMETTÜ,2026-08-08
MAVI,BIST HİZMETLER,2026-08-08
MAVI,BIST SÜRDÜRÜLEBİLİRLİK KATILIM,2026-08-08
MAVI,BIST TEMETTÜ 25,2026-08-08
MAVI,BIST TİCARET,2026-08-08
MAVI,BIST 100,2026-08-08
MAVI,BIST KATILIM 50,2026-08-08
MAVI,BIST 500,2026-08-08
MAVI,BIST TEMETTU 5 YIL,2026-08-08
MAVI,BIST TÜM,2026-08-08
MAVI,BIST SÜRDÜRÜLEBİLİRLİK,2026-08-08
MAVI,BIST KATILIM 100,2026-08-08
MAVI,BIST YILDIZ,2026-08-08
MAVI,BIST KATILIM 30,2026-08-08
MAVI,BIST 100-30,2026-08-08
MCARD,BIST İSTANBUL,2026-08-08
MCARD,BIST KATILIM TEMETTU,2026-08-08
MCARD,BIST ANA,2026-08-08
MCARD,BIST KATILIM TUM,2026-08-08
MCARD,BIST BİLİŞİM,2026-08-08
MCARD,BIST HALKA ARZ,2026-08-08
MCARD,BIST TÜM,2026-08-08
MCARD,BIST TÜM-100,2026-08-08
MCARD,BIST TEMETTÜ,2026-08-08
MCARD,BIST 500,2026-08-08
MCARD,BIST TEKNOLOJİ,2026-08-08
MEDTR,BIST TÜM-100,2026-08-08
MEDTR,BIST SINAİ,2026-08-08
MEDTR,"BIST KİMYA, PETROL, PLASTİK",2026-08-08
MEDTR,BIST KATILIM TEMETTU,2026-08-08
MEDTR,BIST KATILIM TUM,2026-08-08
MEDTR,BIST 500,2026-08-08
MEDTR,BIST TÜM,2026-08-08
MEDTR,BIST İZMİR,2026-08-08
MEDTR,BIST ANA,2026-08-08
MEGMT,BIST KATILIM TUM,2026-08-08
MEGMT,BIST KAYSERİ,2026-08-08
MEGMT,BIST METAL ANA,2026-08-08
MEGMT,BIST 500,2026-08-08
MEGMT,BIST TÜM,2026-08-08
MEGMT,BIST TÜM-100,2026-08-08
MEGMT,BIST SINAİ,2026-08-08
MEGMT,BIST YILDIZ,2026-08-08
MEGMT,BIST KATILIM 100,2026-08-08
MEKAG,BIST SINAİ,2026-08-08
MEKAG,BIST ANA,2026-08-08
MEKAG,"BIST METAL EŞYA, MAKİNA",2026-08-08
MEKAG,BIST ANKARA,2026-08-08
MEKAG,BIST KATILIM TUM,2026-08-08
MEKAG,BIST TÜM,2026-08-08
MEKAG,BIST 500,2026-08-08
MEKAG,BIST TÜM-100,2026-08-08
MEPET,BIST PERAKENDE TICARET,2026-08-08
MEPET,BIST TÜM,2026-08-08
MEPET,BIST TÜM-100,2026-08-08
MEPET,BIST TİCARET,2026-08-08
MEPET,BIST HİZMETLER,2026-08-08
MEPET,BIST GERİ ALIM,2026-08-08
MERCN,BIST KATILIM 100,2026-08-08
MERCN,BIST TÜM,2026-08-08
MERCN,BIST DENİZLİ,2026-08-08
MERCN,BIST TEMETTU 5 YIL,2026-08-08
MERCN,BIST ANA,2026-08-08
MERCN,BIST TÜM-100,2026-08-08
MERCN,BIST KATILIM TUM,2026-08-08
MERCN,BIST 500,2026-08-08
MERCN,BIST SINAİ,2026-08-08
MERCN,"BIST KİMYA, PETROL, PLASTİK",2026-08-08
MERCN,BIST GERİ ALIM,2026-08-08
MERIT,BIST İSTANBUL,2026-08-08
MERIT,BIST TÜM,2026-08-08
MERIT,BIST HİZMETLER,2026-08-08
MERIT,BIST YILDIZ,2026-08-08
MERIT,BIST TURİZM,2026-08-08
MERIT,BIST 500,2026-08-08
MERIT,BIST KONAKLAMA,2026-08-08
MERIT,BIST TEMETTÜ,2026-08-08
MERIT,BIST TÜM-100,2026-08-08
MERKO,BIST SINAİ,2026-08-08
MERKO,BIST ANA,2026-08-08
MERKO,BIST 500,2026-08-08
MERKO,BIST TÜM-100,2026-08-08
MERKO,BIST KATILIM TUM,2026-08-08
MERKO,BIST BURSA,2026-08-08
MERKO,"BIST GIDA, İÇECEK",2026-08-08
MERKO,BIST GERİ ALIM,2026-08-08
MERKO,BIST TÜM,2026-08-08
METEN,BIST ELEKTRİK,2026-08-08
METEN,BIST TÜM-100,2026-08-08
METEN,BIST İZMİR,2026-08-08
METEN,BIST HİZMETLER,2026-08-08
METEN,BIST YILDIZ,2026-08-08
METEN,BIST TÜM,2026-08-08
METEN,BIST HALKA ARZ,2026-08-08
METRO,BIST HOLDİNG VE YATIRIM,2026-08-08
METRO,BIST İSTANBUL,2026-08-08
METRO,BIST TÜM,2026-08-08
METRO,BIST 500,2026-08-08
METRO,BIST MALİ,2026-08-08
METRO,BIST TÜM-100,2026-08-08
METRO,BIST ANA,2026-08-08
METRO,BIST GERİ ALIM,2026-08-08
MEYSU,BIST HALKA ARZ,2026-08-08
MEYSU,BIST 500,2026-08-08
MEYSU,BIST SINAİ,2026-08-08
MEYSU,BIST ANA,2026-08-08
MEYSU,"BIST GIDA, İÇECEK",2026-08-08
MEYSU,BIST TÜM-100,2026-08-08
MEYSU,BIST KATILIM 100,2026-08-08
MEYSU,BIST KAYSERİ,2026-08-08
MEYSU,BIST TÜM,2026-08-08
MEYSU,BIST KATILIM TUM,2026-08-08
MGROS,BIST 100,2026-08-08
MGROS,BIST PERAKENDE TICARET,2026-08-08
MGROS,BIST SÜRDÜRÜLEBİLİRLİK,2026-08-08
MGROS,BIST TİCARET,2026-08-08
MGROS,BIST TÜM,2026-08-08
MGROS,BIST YILDIZ,2026-08-08
MGROS,BIST KURUMSAL YÖNETİM,2026-08-08
MGROS,BIST HİZMETLER,2026-08-08
MGROS,BIST TEMETTÜ,2026-08-08
MGROS,BIST 50,2026-08-08
MGROS,BIST 500,2026-08-08
MGROS,BIST 30,2026-08-08
MGROS,BIST SÜRDÜRÜLEBİLİRLİK 25,2026-08-08
MHRGY,BIST TÜM,2026-08-08
MHRGY,BIST ANA,2026-08-08
MHRGY,BIST MALİ,2026-08-08
MHRGY,BIST KURUMSAL YÖNETİM,2026-08-08
MHRGY,BIST TÜM-100,2026-08-08
MHRGY,BIST 500,2026-08-08
MHRGY,BIST GAYRİMENKUL YAT. ORT.,2026-08-08
MIATK,BIST YILDIZ,2026-08-08
MIATK,BIST ANKARA,2026-08-08
MIATK,BIST 100-30,2026-08-08
MIATK,BIST 50,2026-08-08
MIATK,BIST TÜM,2026-08-08
MIATK,BIST TEKNOLOJİ,2026-08-08
MIATK,BIST 500,2026-08-08
MIATK,BIST BİLİŞİM,2026-08-08
MIATK,BIST 100,2026-08-08
MNDRS,BIST TÜM-100,2026-08-08
MNDRS,BIST 500,2026-08-08
MNDRS,BIST TÜM,2026-08-08
MNDRS,BIST ANA,2026-08-08
MNDRS,BIST DENİZLİ,2026-08-08
MNDRS,"BIST TEKSTİL, DERİ",2026-08-08
MNDRS,BIST SINAİ,2026-08-08
MNDTR,BIST İZMİR,2026-08-08
MNDTR,"BIST ORMAN, KAĞIT, BASIM",2026-08-08
MNDTR,BIST SINAİ,2026-08-08
MNDTR,BIST TÜM-100,2026-08-08
MNDTR,BIST TÜM,2026-08-08
MNDTR,BIST KATILIM TUM,2026-08-08
MNDTR,BIST 500,2026-08-08
MNDTR,BIST ANA,2026-08-08
MOBTL,BIST İSTANBUL,2026-08-08
MOBTL,BIST TÜM,2026-08-08
MOBTL,BIST KATILIM TUM,2026-08-08
MOBTL,BIST TEKNOLOJİ,2026-08-08
MOBTL,BIST 500,2026-08-08
MOBTL,BIST YILDIZ,2026-08-08
MOBTL,BIST BİLİŞİM,2026-08-08
MOBTL,BIST TÜM-100,2026-08-08
MOGAN,BIST HİZMETLER,2026-08-08
MOGAN,BIST YILDIZ,2026-08-08
MOGAN,BIST ANKARA,2026-08-08
MOGAN,BIST TÜM-100,2026-08-08
MOGAN,BIST 500,2026-08-08
MOGAN,BIST ELEKTRİK,2026-08-08
MOGAN,BIST TÜM,2026-08-08
MOPAS,BIST HALKA ARZ,2026-08-08
MOPAS,BIST HİZMETLER,2026-08-08
MOPAS,BIST PERAKENDE TICARET,2026-08-08
MOPAS,BIST TİCARET,2026-08-08
MOPAS,BIST 500,2026-08-08
MOPAS,BIST TÜM-100,2026-08-08
MOPAS,BIST YILDIZ,2026-08-08
MOPAS,BIST TÜM,2026-08-08
MOPAS,BIST KATILIM 100,2026-08-08
MOPAS,BIST KATILIM TUM,2026-08-08
MPARK,BIST SÜRDÜRÜLEBİLİRLİK,2026-08-08
MPARK,BIST KATILIM 100,2026-08-08
MPARK,BIST 100-30,2026-08-08
MPARK,BIST 100,2026-08-08
MPARK,BIST 500,2026-08-08
MPARK,BIST KATILIM 50,2026-08-08
MPARK,BIST TÜM,2026-08-08
MPARK,BIST HİZMETLER,2026-08-08
MPARK,BIST İSTANBUL,2026-08-08
MPARK,BIST SÜRDÜRÜLEBİLİRLİK KATILIM,2026-08-08
MPARK,BIST YILDIZ,2026-08-08
MPARK,BIST KATILIM TUM,2026-08-08
MRGYO,BIST GAYRİMENKUL YAT. ORT.,2026-08-08
MRGYO,BIST MALİ,2026-08-08
MRGYO,BIST ANA,2026-08-08
MRGYO,BIST 500,2026-08-08
MRGYO,BIST TÜM-100,2026-08-08
MRGYO,BIST TÜM,2026-08-08
MRSHL,BIST KOCAELİ,2026-08-08
MRSHL,BIST TÜM-100,2026-08-08
MRSHL,BIST ANA,2026-08-08
MRSHL,"BIST KİMYA, PETROL, PLASTİK",2026-08-08
MRSHL,BIST SINAİ,2026-08-08
MRSHL,BIST 500,2026-08-08
MRSHL,BIST TÜM,2026-08-08
MSGYO,BIST TEMETTU 5 YIL,2026-08-08
MSGYO,BIST 500,2026-08-08
MSGYO,BIST TÜM-100,2026-08-08
MSGYO,BIST MALİ,2026-08-08
MSGYO,BIST TEMETTÜ,2026-08-08
MSGYO,BIST GAYRİMENKUL YAT. ORT.,2026-08-08
MSGYO,BIST TÜM,2026-08-08
MSGYO,BIST ANA,2026-08-08
MTRKS,BIST TEMETTÜ,2026-08-08
MTRKS,BIST ANA,2026-08-08
MTRKS,BIST TÜM-100,2026-08-08
MTRKS,BIST 500,2026-08-08
MTRKS,BIST TEMETTU 5 YIL,2026-08-08
MTRKS,BIST TEKNOLOJİ,2026-08-08
MTRKS,BIST BİLİŞİM,2026-08-08
MTRKS,BIST TÜM,2026-08-08
MTRKS,BIST İSTANBUL,2026-08-08
MTRYO,BIST MENKUL KIYM Y.O.,2026-08-08
MZHLD,BIST HOLDİNG VE YATIRIM,2026-08-08
MZHLD,BIST TÜM,2026-08-08
MZHLD,BIST İZMİR,2026-08-08
MZHLD,BIST TÜM-100,2026-08-08
MZHLD,BIST MALİ,2026-08-08
NATEN,BIST ELEKTRİK,2026-08-08
NATEN,BIST SÜRDÜRÜLEBİLİRLİK,2026-08-08
NATEN,BIST TÜM,2026-08-08
NATEN,BIST HİZMETLER,2026-08-08
NATEN,BIST TÜM-100,2026-08-08
NATEN,BIST ANKARA,2026-08-08
NATEN,BIST YILDIZ,2026-08-08
NATEN,BIST 500,2026-08-08
NETAS,BIST BİLİŞİM,2026-08-08
NETAS,BIST İSTANBUL,2026-08-08
NETAS,BIST KATILIM TUM,2026-08-08
NETAS,BIST TÜM,2026-08-08
NETAS,BIST ANA,2026-08-08
NETAS,BIST TÜM-100,2026-08-08
NETAS,BIST TEKNOLOJİ,2026-08-08
NETAS,BIST KURUMSAL YÖNETİM,2026-08-08
NETAS,BIST 500,2026-08-08
NETCD,BIST BİLİŞİM,2026-08-08
NETCD,BIST KATILIM TUM,2026-08-08
NETCD,BIST YILDIZ,2026-08-08
NETCD,BIST ANKARA,2026-08-08
NETCD,BIST TEKNOLOJİ,2026-08-08
NETCD,BIST KATILIM 100,2026-08-08
NETCD,BIST 500,2026-08-08
NETCD,BIST KATILIM 50,2026-08-08
NETCD,BIST TÜM-100,2026-08-08
NETCD,BIST TÜM,2026-08-08
NETCD,BIST TEMETTÜ,2026-08-08
NETCD,BIST HALKA ARZ,2026-08-08
NIBAS,BIST SINAİ,2026-08-08
NIBAS,BIST TÜM-100,2026-08-08
NIBAS,BIST KOBI SANAYİ,2026-08-08
NIBAS,BIST TÜM,2026-08-08
NIBAS,BIST ANA,2026-08-08
NIBAS,"BIST TAŞ, TOPRAK",2026-08-08
NIBAS,BIST 500,2026-08-08
NTGAZ,BIST HİZMETLER,2026-08-08
NTGAZ,BIST KURUMSAL YÖNETİM,2026-08-08
NTGAZ,BIST TEMETTU 5 YIL,2026-08-08
NTGAZ,BIST TÜM-100,2026-08-08
NTGAZ,BIST TEMETTÜ,2026-08-08
NTGAZ,BIST 500,2026-08-08
NTGAZ,BIST ELEKTRİK,2026-08-08
NTGAZ,BIST YILDIZ,2026-08-08
NTGAZ,BIST İSTANBUL,2026-08-08
NTGAZ,BIST KATILIM TUM,2026-08-08
NTGAZ,BIST KATILIM 100,2026-08-08
NTGAZ,BIST KATILIM TEMETTU,2026-08-08
NTGAZ,BIST TÜM,2026-08-08
NTHOL,BIST GERİ ALIM,2026-08-08
NTHOL,BIST MALİ,2026-08-08
NTHOL,BIST YILDIZ,2026-08-08
NTHOL,BIST HOLDİNG VE YATIRIM,2026-08-08
NTHOL,BIST İSTANBUL,2026-08-08
NTHOL,BIST TÜM-100,2026-08-08
NTHOL,BIST TÜM,2026-08-08
NTHOL,BIST 500,2026-08-08
NUGYO,BIST TÜM,2026-08-08
NUGYO,BIST TÜM-100,2026-08-08
NUGYO,BIST GAYRİMENKUL YAT. ORT.,2026-08-08
NUGYO,BIST MALİ,2026-08-08
NUGYO,BIST 500,2026-08-08
NUGYO,BIST ANA,2026-08-08
NUHCM,BIST TÜM-100,2026-08-08
NUHCM,BIST 500,2026-08-08
NUHCM,BIST YILDIZ,2026-08-08
NUHCM,BIST SINAİ,2026-08-08
NUHCM,BIST TEMETTU 5 YIL,2026-08-08
NUHCM,BIST SÜRDÜRÜLEBİLİRLİK,2026-08-08
NUHCM,BIST KOCAELİ,2026-08-08
NUHCM,"BIST TAŞ, TOPRAK",2026-08-08
NUHCM,BIST TÜM,2026-08-08
NUHCM,BIST TEMETTU 10 YIL,2026-08-08
NUHCM,BIST TEMETTÜ,2026-08-08
OBAMS,BIST 100-30,2026-08-08
OBAMS,"BIST GIDA, İÇECEK",2026-08-08
OBAMS,BIST KATILIM 50,2026-08-08
OBAMS,BIST KATILIM 100,2026-08-08
OBAMS,BIST 100,2026-08-08
OBAMS,BIST KATILIM TUM,2026-08-08
OBAMS,BIST SINAİ,2026-08-08
OBAMS,BIST KATILIM 30,2026-08-08
OBAMS,BIST 500,2026-08-08
OBAMS,BIST YILDIZ,2026-08-08
OBAMS,BIST TÜM,2026-08-08
OBASE,BIST TEKNOLOJİ,2026-08-08
OBASE,BIST TÜM-100,2026-08-08
OBASE,BIST TÜM,2026-08-08
OBASE,BIST İSTANBUL,2026-08-08
OBASE,BIST ANA,2026-08-08
OBASE,BIST KATILIM TUM,2026-08-08
OBASE,BIST BİLİŞİM,2026-08-08
ODAS,BIST HİZMETLER,2026-08-08
ODAS,BIST 100,2026-08-08
ODAS,BIST KURUMSAL YÖNETİM,2026-08-08
ODAS,BIST ELEKTRİK,2026-08-08
ODAS,BIST YILDIZ,2026-08-08
ODAS,BIST TÜM,2026-08-08
ODAS,BIST 500,2026-08-08
ODAS,BIST 100-30,2026-08-08
ODINE,BIST KURUMSAL YÖNETİM,2026-08-08
ODINE,BIST İSTANBUL,2026-08-08
ODINE,BIST YILDIZ,2026-08-08
ODINE,BIST TÜM,2026-08-08
ODINE,BIST BİLİŞİM,2026-08-08
ODINE,BIST 100,2026-08-08
ODINE,BIST 100-30,2026-08-08
ODINE,BIST 500,2026-08-08
ODINE,BIST TEKNOLOJİ,2026-08-08
OFSYM,BIST 500,2026-08-08
OFSYM,BIST TÜM,2026-08-08
OFSYM,BIST SINAİ,2026-08-08
OFSYM,BIST ANA,2026-08-08
OFSYM,BIST TÜM-100,2026-08-08
OFSYM,"BIST GIDA, İÇECEK",2026-08-08
OFSYM,BIST ANKARA,2026-08-08
OMD,BIST ANA,2026-08-08
OMD,BIST TÜM,2026-08-08
OMD,BIST TÜM-100,2026-08-08
OMD,BIST 500,2026-08-08
OMD,BIST TEMETTU 5 YIL,2026-08-08
OMD,BIST ARACI KURUM,2026-08-08
OMD,BIST MALİ,2026-08-08
OMD,BIST TEMETTÜ,2026-08-08
ONCSM,"BIST KİMYA, PETROL, PLASTİK",2026-08-08
ONCSM,BIST SINAİ,2026-08-08
ONCSM,BIST TÜM-100,2026-08-08
ONCSM,BIST KATILIM TUM,2026-08-08
ONCSM,BIST KOBI SANAYİ,2026-08-08
ONCSM,BIST 500,2026-08-08
ONCSM,BIST TÜM,2026-08-08
ONCSM,BIST ANA,2026-08-08
ONCSM,BIST ANKARA,2026-08-08
ONRYT,BIST 500,2026-08-08
ONRYT,BIST TÜM,2026-08-08
ONRYT,BIST KURUMSAL YÖNETİM,2026-08-08
ONRYT,BIST ANKARA,2026-08-08
ONRYT,BIST TÜM-100,2026-08-08
ONRYT,BIST TEKNOLOJİ,2026-08-08
ONRYT,BIST ANA,2026-08-08
ORCAY,"BIST GIDA, İÇECEK",2026-08-08
ORCAY,BIST KOBI SANAYİ,2026-08-08
ORCAY,BIST SINAİ,2026-08-08
ORCAY,BIST TÜM-100,2026-08-08
ORCAY,BIST TÜM,2026-08-08
ORGE,BIST İNŞAAT,2026-08-08
ORGE,BIST YILDIZ,2026-08-08
ORGE,BIST KATILIM 100,2026-08-08
ORGE,BIST 500,2026-08-08
ORGE,BIST İSTANBUL,2026-08-08
ORGE,BIST KATILIM TUM,2026-08-08
ORGE,BIST TÜM,2026-08-08
ORGE,BIST HİZMETLER,2026-08-08
ORGE,BIST GERİ ALIM,2026-08-08
ORGE,BIST TÜM-100,2026-08-08
ORZAX,BIST TÜM,2026-08-08
ORZAX,BIST TÜM-100,2026-08-08
ORZAX,BIST İSTANBUL,2026-08-08
ORZAX,"BIST KİMYA, PETROL, PLASTİK",2026-08-08
ORZAX,BIST YILDIZ,2026-08-08
ORZAX,BIST HALKA ARZ,2026-08-08
ORZAX,BIST SINAİ,2026-08-08
OSMEN,BIST ANA,2026-08-08
OSMEN,BIST TÜM,2026-08-08
OSMEN,BIST TÜM-100,2026-08-08
OSMEN,BIST 500,2026-08-08
OSMEN,BIST TEMETTU 5 YIL,2026-08-08
OSMEN,BIST ARACI KURUM,2026-08-08
OSMEN,BIST MALİ,2026-08-08
OSMEN,BIST TEMETTÜ,2026-08-08
OSTIM,BIST 500,2026-08-08
OSTIM,BIST TÜM-100,2026-08-08
OSTIM,BIST HOLDİNG VE YATIRIM,2026-08-08
OSTIM,BIST ANA,2026-08-08
OSTIM,BIST ANKARA,2026-08-08
OSTIM,BIST KATILIM TUM,2026-08-08
OSTIM,BIST MALİ,2026-08-08
OSTIM,BIST TÜM,2026-08-08
OTKAR,BIST YILDIZ,2026-08-08
OTKAR,BIST 500,2026-08-08
OTKAR,"BIST METAL EŞYA, MAKİNA",2026-08-08
OTKAR,BIST SÜRDÜRÜLEBİLİRLİK,2026-08-08
OTKAR,BIST TÜM,2026-08-08
OTKAR,BIST 100,2026-08-08
OTKAR,BIST KURUMSAL YÖNETİM,2026-08-08
OTKAR,BIST SINAİ,2026-08-08
OTKAR,BIST 100-30,2026-08-08
OTTO,BIST 500,2026-08-08
OTTO,BIST MALİ,2026-08-08
OTTO,BIST ANA,2026-08-08
OTTO,BIST İSTANBUL,2026-08-08
OTTO,BIST HOLDİNG VE YATIRIM,2026-08-08
OTTO,BIST TÜM,2026-08-08
OTTO,BIST TÜM-100,2026-08-08
OYA,BIST YILDIZ,2026-08-08
OYA,BIST TÜM-100,2026-08-08
OYA,BIST 500,2026-08-08
OYA,BIST TÜM,2026-08-08
OYA,BIST ARACI KURUM,2026-08-08
OYA,BIST MALİ,2026-08-08
OYAKC,BIST 500,2026-08-08
OYAKC,BIST 50,2026-08-08
OYAKC,BIST ANKARA,2026-08-08
OYAKC,BIST SÜRDÜRÜLEBİLİRLİK 25,2026-08-08
OYAKC,BIST KURUMSAL YÖNETİM,2026-08-08
OYAKC,BIST TÜM,2026-08-08
OYAKC,BIST SÜRDÜRÜLEBİLİRLİK,2026-08-08
OYAKC,BIST SINAİ,2026-08-08
OYAKC,BIST 100-30,2026-08-08
OYAKC,"BIST TAŞ, TOPRAK",2026-08-08
OYAKC,BIST 100,2026-08-08
OYAKC,BIST YILDIZ,2026-08-08
OYAYO,BIST MENKUL KIYM Y.O.,2026-08-08
OYLUM,"BIST GIDA, İÇECEK",2026-08-08
OYLUM,BIST TÜM-100,2026-08-08
OYLUM,BIST KOBI SANAYİ,2026-08-08
OYLUM,BIST SINAİ,2026-08-08
OYLUM,BIST KAYSERİ,2026-08-08
OYLUM,BIST TÜM,2026-08-08
OYYAT,BIST YILDIZ,2026-08-08
OYYAT,BIST TÜM-100,2026-08-08
OYYAT,BIST 500,2026-08-08
OYYAT,BIST TÜM,2026-08-08
OYYAT,BIST ARACI KURUM,2026-08-08
OYYAT,BIST MALİ,2026-08-08
OZATD,BIST YILDIZ,2026-08-08
OZATD,BIST TÜM,2026-08-08
OZATD,BIST SINAİ,2026-08-08
OZATD,"BIST METAL EŞYA, MAKİNA",2026-08-08
OZATD,BIST KATILIM TUM,2026-08-08
OZATD,BIST HALKA ARZ,2026-08-08
OZATD,BIST TÜM-100,2026-08-08
OZATD,BIST 500,2026-08-08
OZATD,BIST KATILIM 100,2026-08-08
OZGYO,BIST TÜM,2026-08-08
OZGYO,BIST KATILIM TUM,2026-08-08
OZGYO,BIST ANA,2026-08-08
OZGYO,BIST TÜM-100,2026-08-08
OZGYO,BIST 500,2026-08-08
OZGYO,BIST GAYRİMENKUL YAT. ORT.,2026-08-08
OZGYO,BIST MALİ,2026-08-08
OZKGY,BIST GAYRİMENKUL YAT. ORT.,2026-08-08
OZKGY,BIST TÜM,2026-08-08
OZKGY,BIST YILDIZ,2026-08-08
OZKGY,BIST TÜM-100,2026-08-08
OZKGY,BIST 500,2026-08-08
OZKGY,BIST MALİ,2026-08-08
OZRDN,BIST SINAİ,2026-08-08
OZRDN,BIST TÜM-100,2026-08-08
OZRDN,BIST KOCAELİ,2026-08-08
OZRDN,BIST KOBI SANAYİ,2026-08-08
OZRDN,BIST KATILIM TUM,2026-08-08
OZRDN,"BIST KİMYA, PETROL, PLASTİK",2026-08-08
OZRDN,BIST TÜM,2026-08-08
OZSUB,BIST SINAİ,2026-08-08
OZSUB,BIST TÜM-100,2026-08-08
OZSUB,BIST İZMİR,2026-08-08
OZSUB,BIST TÜM,2026-08-08
OZSUB,BIST ANA,2026-08-08
OZSUB,BIST 500,2026-08-08
OZYSR,BIST İSTANBUL,2026-08-08
OZYSR,BIST TÜM,2026-08-08
OZYSR,BIST KATILIM TUM,2026-08-08
OZYSR,BIST METAL ANA,2026-08-08
OZYSR,BIST SINAİ,2026-08-08
OZYSR,BIST TÜM-100,2026-08-08
OZYSR,BIST ANA,2026-08-08
OZYSR,BIST 500,2026-08-08
PAGYO,BIST YILDIZ,2026-08-08
PAGYO,BIST KATILIM TEMETTU,2026-08-08
PAGYO,BIST KATILIM TUM,2026-08-08
PAGYO,BIST TEMETTU 10 YIL,2026-08-08
PAGYO,BIST MALİ,2026-08-08
PAGYO,BIST TÜM-100,2026-08-08
PAGYO,BIST TÜM,2026-08-08
PAGYO,BIST TEMETTÜ,2026-08-08
PAGYO,BIST TEMETTU 5 YIL,2026-08-08
PAGYO,BIST GAYRİMENKUL YAT. ORT.,2026-08-08
PAGYO,BIST 500,2026-08-08
PAHOL,BIST HOLDİNG VE YATIRIM,2026-08-08
PAHOL,BIST 100,2026-08-08
PAHOL,BIST 500,2026-08-08
PAHOL,BIST HALKA ARZ,2026-08-08
PAHOL,BIST 100-30,2026-08-08
PAHOL,BIST MALİ,2026-08-08
PAHOL,BIST TÜM,2026-08-08
PAHOL,BIST YILDIZ,2026-08-08
PAHOL,BIST ANKARA,2026-08-08
PAMEL,BIST TÜM,2026-08-08
PAMEL,BIST HİZMETLER,2026-08-08
PAMEL,BIST TÜM-100,2026-08-08
PAMEL,BIST ELEKTRİK,2026-08-08
PAMEL,BIST ANA,2026-08-08
PAPIL,BIST BİLİŞİM,2026-08-08
PAPIL,BIST TEKNOLOJİ,2026-08-08
PAPIL,BIST TÜM-100,2026-08-08
PAPIL,BIST YILDIZ,2026-08-08
PAPIL,BIST 500,2026-08-08
PAPIL,BIST TÜM,2026-08-08
PAPIL,BIST ANKARA,2026-08-08
PARSN,BIST KATILIM TUM,2026-08-08
PARSN,BIST YILDIZ,2026-08-08
PARSN,BIST TÜM,2026-08-08
PARSN,"BIST METAL EŞYA, MAKİNA",2026-08-08
PARSN,BIST SINAİ,2026-08-08
PARSN,BIST İSTANBUL,2026-08-08
PARSN,BIST 500,2026-08-08
PARSN,BIST TÜM-100,2026-08-08
PASEU,BIST 500,2026-08-08
PASEU,BIST KATILIM 100,2026-08-08
PASEU,BIST KATILIM TUM,2026-08-08
PASEU,BIST TÜM,2026-08-08
PASEU,BIST ANKARA,2026-08-08
PASEU,BIST HİZMETLER,2026-08-08
PASEU,BIST ULAŞTIRMA,2026-08-08
PASEU,BIST 100-30,2026-08-08
PASEU,BIST 100,2026-08-08
PASEU,BIST KATILIM 50,2026-08-08
PASEU,BIST KATILIM 30,2026-08-08
PASEU,BIST YILDIZ,2026-08-08
PASEU,BIST 50,2026-08-08
PATEK,BIST TEKNOLOJİ,2026-08-08
PATEK,BIST İSTANBUL,2026-08-08
PATEK,BIST YILDIZ,2026-08-08
PATEK,BIST TÜM,2026-08-08
PATEK,BIST 100-30,2026-08-08
PATEK,BIST 100,2026-08-08
PATEK,BIST BİLİŞİM,2026-08-08
PATEK,BIST 500,2026-08-08
PCILT,BIST TÜM,2026-08-08
PCILT,BIST ANA,2026-08-08
PCILT,BIST HİZMETLER,2026-08-08
PCILT,BIST 500,2026-08-08
PCILT,BIST TÜM-100,2026-08-08
PCILT,BIST İSTANBUL,2026-08-08
PCILT,BIST TEMETTÜ,2026-08-08
PEKGY,BIST 500,2026-08-08
PEKGY,BIST TÜM-100,2026-08-08
PEKGY,BIST TÜM,2026-08-08
PEKGY,BIST GAYRİMENKUL YAT. ORT.,2026-08-08
PEKGY,BIST ANA,2026-08-08
PEKGY,BIST MALİ,2026-08-08
PENGD,BIST TÜM,2026-08-08
PENGD,BIST KATILIM TUM,2026-08-08
PENGD,BIST ANA,2026-08-08
PENGD,BIST SINAİ,2026-08-08
PENGD,BIST BURSA,2026-08-08
PENGD,BIST TÜM-100,2026-08-08
PENGD,"BIST GIDA, İÇECEK",2026-08-08
PENGD,BIST 500,2026-08-08
PENTA,BIST KATILIM TUM,2026-08-08
PENTA,BIST 500,2026-08-08
PENTA,BIST TÜM,2026-08-08
PENTA,BIST ANA,2026-08-08
PENTA,BIST BİLİŞİM,2026-08-08
PENTA,BIST TÜM-100,2026-08-08
PENTA,BIST TEKNOLOJİ,2026-08-08
PENTA,BIST İSTANBUL,2026-08-08
PETKM,BIST SÜRDÜRÜLEBİLİRLİK 25,2026-08-08
PETKM,BIST SINAİ,2026-08-08
PETKM,BIST 50,2026-08-08
PETKM,BIST 30,2026-08-08
PETKM,BIST SÜRDÜRÜLEBİLİRLİK KATILIM,2026-08-08
PETKM,BIST KATILIM 30,2026-08-08
PETKM,BIST SÜRDÜRÜLEBİLİRLİK,2026-08-08
PETKM,BIST YILDIZ,2026-08-08
PETKM,BIST KATILIM 50,2026-08-08
PETKM,BIST 100,2026-08-08
PETKM,BIST TÜM,2026-08-08
PETKM,BIST 500,2026-08-08
PETKM,BIST KATILIM 100,2026-08-08
PETKM,"BIST KİMYA, PETROL, PLASTİK",2026-08-08
PETKM,BIST KATILIM TUM,2026-08-08
PETKM,BIST İZMİR,2026-08-08
PETUN,BIST İZMİR,2026-08-08
PETUN,BIST KURUMSAL YÖNETİM,2026-08-08
PETUN,BIST SINAİ,2026-08-08
PETUN,BIST ANA,2026-08-08
PETUN,"BIST GIDA, İÇECEK",2026-08-08
PETUN,BIST 500,2026-08-08
PETUN,BIST TÜM-100,2026-08-08
PETUN,BIST TÜM,2026-08-08
PGSUS,BIST TÜM,2026-08-08
PGSUS,BIST İSTANBUL,2026-08-08
PGSUS,BIST 100,2026-08-08
PGSUS,BIST YILDIZ,2026-08-08
PGSUS,BIST 50,2026-08-08
PGSUS,BIST BANKA DIŞI LİKİT 10,2026-08-08
PGSUS,BIST SÜRDÜRÜLEBİLİRLİK 25,2026-08-08
PGSUS,BIST KURUMSAL YÖNETİM,2026-08-08
PGSUS,BIST HİZMETLER,2026-08-08
PGSUS,BIST SÜRDÜRÜLEBİLİRLİK,2026-08-08
PGSUS,BIST ULAŞTIRMA,2026-08-08
PGSUS,BIST 500,2026-08-08
PGSUS,BIST 30,2026-08-08
PINSU,BIST 500,2026-08-08
PINSU,BIST SINAİ,2026-08-08
PINSU,"BIST GIDA, İÇECEK",2026-08-08
PINSU,BIST İZMİR,2026-08-08
PINSU,BIST ANA,2026-08-08
PINSU,BIST TÜM,2026-08-08
PINSU,BIST KURUMSAL YÖNETİM,2026-08-08
PINSU,BIST TÜM-100,2026-08-08
PKART,BIST İSTANBUL,2026-08-08
PKART,BIST TÜM,2026-08-08
PKART,BIST TEKNOLOJİ,2026-08-08
PKART,BIST ANA,2026-08-08
PKART,BIST TÜM-100,2026-08-08
PKART,BIST KATILIM TUM,2026-08-08
PKART,BIST 500,2026-08-08
PKART,BIST BİLİŞİM,2026-08-08
PKENT,BIST ANA,2026-08-08
PKENT,BIST TURİZM,2026-08-08
PKENT,BIST TÜM-100,2026-08-08
PKENT,BIST HİZMETLER,2026-08-08
PKENT,BIST KONAKLAMA,2026-08-08
PKENT,BIST ANTALYA,2026-08-08
PKENT,BIST TÜM,2026-08-08
PKENT,BIST 500,2026-08-08
PLTUR,BIST TEMETTÜ,2026-08-08
PLTUR,BIST KATILIM TEMETTU,2026-08-08
PLTUR,BIST HİZMETLER,2026-08-08
PLTUR,BIST ANA,2026-08-08
PLTUR,BIST 500,2026-08-08
PLTUR,BIST TÜM-100,2026-08-08
PLTUR,BIST TÜM,2026-08-08
PLTUR,BIST İSTANBUL,2026-08-08
PLTUR,BIST KATILIM TUM,2026-08-08
PNLSN,BIST TEMETTÜ,2026-08-08
PNLSN,BIST ANA,2026-08-08
PNLSN,BIST TÜM,2026-08-08
PNLSN,BIST METAL ANA,2026-08-08
PNLSN,BIST SINAİ,2026-08-08
PNLSN,BIST TÜM-100,2026-08-08
PNLSN,BIST ANKARA,2026-08-08
PNLSN,BIST 500,2026-08-08
PNSUT,BIST KATILIM TUM,2026-08-08
PNSUT,BIST ANA,2026-08-08
PNSUT,BIST TÜM,2026-08-08
PNSUT,BIST SINAİ,2026-08-08
PNSUT,BIST İZMİR,2026-08-08
PNSUT,"BIST GIDA, İÇECEK",2026-08-08
PNSUT,BIST TÜM-100,2026-08-08
PNSUT,BIST 500,2026-08-08
POLHO,BIST SÜRDÜRÜLEBİLİRLİK,2026-08-08
POLHO,BIST SÜRDÜRÜLEBİLİRLİK KATILIM,2026-08-08
POLHO,BIST TÜM,2026-08-08
POLHO,BIST KATILIM 100,2026-08-08
POLHO,BIST YILDIZ,2026-08-08
POLHO,BIST HOLDİNG VE YATIRIM,2026-08-08
POLHO,BIST TÜM-100,2026-08-08
POLHO,BIST KOCAELİ,2026-08-08
POLHO,BIST KATILIM TUM,2026-08-08
POLHO,BIST 500,2026-08-08
POLHO,BIST KURUMSAL YÖNETİM,2026-08-08
POLHO,BIST MALİ,2026-08-08
POLTK,"BIST KİMYA, PETROL, PLASTİK",2026-08-08
POLTK,BIST YILDIZ,2026-08-08
POLTK,BIST İSTANBUL,2026-08-08
POLTK,BIST 500,2026-08-08
POLTK,BIST TÜM,2026-08-08
POLTK,BIST SINAİ,2026-08-08
POLTK,BIST TÜM-100,2026-08-08
POLTK,BIST KOBI SANAYİ,2026-08-08
PRDGS,BIST TÜM-100,2026-08-08
PRDGS,BIST MALİ,2026-08-08
PRDGS,BIST ANA,2026-08-08
PRDGS,BIST GIRISIM SERMAYESI Y.O.,2026-08-08
PRDGS,BIST TÜM,2026-08-08
PRDGS,BIST 500,2026-08-08
PRKAB,BIST TÜM-100,2026-08-08
PRKAB,BIST BURSA,2026-08-08
PRKAB,BIST TÜM,2026-08-08
PRKAB,BIST 500,2026-08-08
PRKAB,"BIST METAL EŞYA, MAKİNA",2026-08-08
PRKAB,BIST SINAİ,2026-08-08
PRKAB,BIST KURUMSAL YÖNETİM,2026-08-08
PRKAB,BIST ANA,2026-08-08
PRKME,BIST GERİ ALIM,2026-08-08
PRKME,BIST TÜM,2026-08-08
PRKME,BIST SINAİ,2026-08-08
PRKME,BIST ANA,2026-08-08
PRKME,BIST KURUMSAL YÖNETİM,2026-08-08
PRKME,BIST KOBI SANAYİ,2026-08-08
PRKME,BIST KATILIM TUM,2026-08-08
PRKME,BIST MADENCİLİK,2026-08-08
PRKME,BIST 500,2026-08-08
PRKME,BIST TÜM-100,2026-08-08
PRZMA,BIST TÜM,2026-08-08
PRZMA,BIST İSTANBUL,2026-08-08
PRZMA,"BIST ORMAN, KAĞIT, BASIM",2026-08-08
PRZMA,BIST KOBI SANAYİ,2026-08-08
PRZMA,BIST ANA,2026-08-08
PRZMA,BIST TÜM-100,2026-08-08
PRZMA,BIST SINAİ,2026-08-08
PSDTC,BIST ANA,2026-08-08
PSDTC,BIST TÜM-100,2026-08-08
PSDTC,BIST TOPTAN TICARET,2026-08-08
PSDTC,BIST TİCARET,2026-08-08
PSDTC,BIST HİZMETLER,2026-08-08
PSDTC,BIST TÜM,2026-08-08
PSDTC,BIST İZMİR,2026-08-08
PSGYO,BIST 100-30,2026-08-08
PSGYO,BIST 100,2026-08-08
PSGYO,BIST GAYRİMENKUL YAT. ORT.,2026-08-08
PSGYO,BIST TÜM,2026-08-08
PSGYO,BIST YILDIZ,2026-08-08
PSGYO,BIST TEMETTÜ,2026-08-08
PSGYO,BIST 500,2026-08-08
PSGYO,BIST MALİ,2026-08-08
QUAGR,"BIST TAŞ, TOPRAK",2026-08-08
QUAGR,BIST KATILIM TUM,2026-08-08
QUAGR,BIST YILDIZ,2026-08-08
QUAGR,BIST SINAİ,2026-08-08
QUAGR,BIST KATILIM 100,2026-08-08
QUAGR,BIST 100,2026-08-08
QUAGR,BIST 500,2026-08-08
QUAGR,BIST 100-30,2026-08-08
QUAGR,BIST AYDIN,2026-08-08
QUAGR,BIST KURUMSAL YÖNETİM,2026-08-08
QUAGR,BIST KATILIM 50,2026-08-08
QUAGR,BIST TÜM,2026-08-08
QUAGR,BIST SÜRDÜRÜLEBİLİRLİK KATILIM,2026-08-08
QUAGR,BIST KATILIM 30,2026-08-08
QUAGR,BIST SÜRDÜRÜLEBİLİRLİK,2026-08-08
QUICK,BIST YILDIZ,2026-08-08
QUICK,BIST SİGORTA,2026-08-08
QUICK,BIST TÜM,2026-08-08
QUICK,BIST TÜM-100,2026-08-08
QUICK,BIST MALİ,2026-08-08
QUICK,BIST HALKA ARZ,2026-08-08
RALYH,BIST KATILIM 30,2026-08-08
RALYH,BIST HOLDİNG VE YATIRIM,2026-08-08
RALYH,BIST 100-30,2026-08-08
RALYH,BIST TÜM,2026-08-08
RALYH,BIST KATILIM 50,2026-08-08
RALYH,BIST KATILIM TUM,2026-08-08
RALYH,BIST ANKARA,2026-08-08
RALYH,BIST 100,2026-08-08
RALYH,BIST KATILIM 100,2026-08-08
RALYH,BIST YILDIZ,2026-08-08
RALYH,BIST 500,2026-08-08
RALYH,BIST MALİ,2026-08-08
RAYSG,BIST 500,2026-08-08
RAYSG,BIST SİGORTA,2026-08-08
RAYSG,BIST ANA,2026-08-08
RAYSG,BIST MALİ,2026-08-08
RAYSG,BIST TÜM,2026-08-08
RAYSG,BIST TÜM-100,2026-08-08
REEDR,BIST BİLİŞİM,2026-08-08
REEDR,BIST 100,2026-08-08
REEDR,BIST TÜM,2026-08-08
REEDR,BIST 500,2026-08-08
REEDR,BIST 100-30,2026-08-08
REEDR,BIST YILDIZ,2026-08-08
REEDR,BIST TEKNOLOJİ,2026-08-08
RGYAS,BIST ANKARA,2026-08-08
RGYAS,BIST HİZMETLER,2026-08-08
RGYAS,BIST YILDIZ,2026-08-08
RGYAS,BIST KATILIM 100,2026-08-08
RGYAS,BIST 500,2026-08-08
RGYAS,BIST KATILIM TUM,2026-08-08
RGYAS,BIST KURUMSAL YÖNETİM,2026-08-08
RGYAS,BIST TÜM,2026-08-08
RGYAS,BIST TÜM-100,2026-08-08
RNPOL,BIST KAYSERİ,2026-08-08
RNPOL,BIST KATILIM TUM,2026-08-08
RNPOL,BIST SINAİ,2026-08-08
RNPOL,BIST TÜM,2026-08-08
RNPOL,BIST TÜM-100,2026-08-08
RNPOL,"BIST KİMYA, PETROL, PLASTİK",2026-08-08
RODRG,"BIST TEKSTİL, DERİ",2026-08-08
RODRG,BIST KOBI SANAYİ,2026-08-08
RODRG,BIST TÜM,2026-08-08
RODRG,BIST TÜM-100,2026-08-08
RODRG,BIST KATILIM TUM,2026-08-08
RODRG,BIST İSTANBUL,2026-08-08
RODRG,BIST SINAİ,2026-08-08
RTALB,"BIST KİMYA, PETROL, PLASTİK",2026-08-08
RTALB,BIST TÜM-100,2026-08-08
RTALB,BIST KOBI SANAYİ,2026-08-08
RTALB,BIST ANA,2026-08-08
RTALB,BIST SINAİ,2026-08-08
RTALB,BIST TÜM,2026-08-08
RTALB,BIST 500,2026-08-08
RTALB,BIST KOCAELİ,2026-08-08
RUBNS,BIST KATILIM TUM,2026-08-08
RUBNS,BIST 500,2026-08-08
RUBNS,BIST ANA,2026-08-08
RUBNS,BIST TÜM,2026-08-08
RUBNS,BIST SINAİ,2026-08-08
RUBNS,BIST TÜM-100,2026-08-08
RUBNS,"BIST TEKSTİL, DERİ",2026-08-08
RUZYE,BIST TEKİRDAĞ,2026-08-08
RUZYE,BIST KOBI SANAYİ,2026-08-08
RUZYE,BIST TÜM-100,2026-08-08
RUZYE,BIST TÜM,2026-08-08
RUZYE,BIST ANA,2026-08-08
RUZYE,BIST 500,2026-08-08
RUZYE,BIST MADENCİLİK,2026-08-08
RUZYE,BIST SINAİ,2026-08-08
RYGYO,BIST GAYRİMENKUL YAT. ORT.,2026-08-08
RYGYO,BIST YILDIZ,2026-08-08
RYGYO,BIST TÜM-100,2026-08-08
RYGYO,BIST MALİ,2026-08-08
RYGYO,BIST TÜM,2026-08-08
RYGYO,BIST 500,2026-08-08
RYSAS,BIST ULAŞTIRMA,2026-08-08
RYSAS,BIST TÜM-100,2026-08-08
RYSAS,BIST 500,2026-08-08
RYSAS,BIST TÜM,2026-08-08
RYSAS,BIST YILDIZ,2026-08-08
RYSAS,BIST İSTANBUL,2026-08-08
RYSAS,BIST HİZMETLER,2026-08-08
SAFKR,BIST 500,2026-08-08
SAFKR,BIST KATILIM TUM,2026-08-08
SAFKR,BIST KATILIM 100,2026-08-08
SAFKR,BIST TÜM-100,2026-08-08
SAFKR,BIST TÜM,2026-08-08
SAFKR,BIST YILDIZ,2026-08-08
SAFKR,"BIST METAL EŞYA, MAKİNA",2026-08-08
SAFKR,BIST SINAİ,2026-08-08
SAFKR,BIST İZMİR,2026-08-08
SAHOL,BIST TÜM,2026-08-08
SAHOL,BIST 500,2026-08-08
SAHOL,BIST MALİ,2026-08-08
SAHOL,BIST TEMETTU 10 YIL,2026-08-08
SAHOL,BIST SÜRDÜRÜLEBİLİRLİK,2026-08-08
SAHOL,BIST TEMETTU 5 YIL,2026-08-08
SAHOL,BIST 30,2026-08-08
SAHOL,BIST HOLDİNG VE YATIRIM,2026-08-08
SAHOL,BIST 50,2026-08-08
SAHOL,BIST İSTANBUL,2026-08-08
SAHOL,BIST 100,2026-08-08
SAHOL,BIST SÜRDÜRÜLEBİLİRLİK 25,2026-08-08
SAHOL,BIST YILDIZ,2026-08-08
SAMAT,"BIST ORMAN, KAĞIT, BASIM",2026-08-08
SAMAT,BIST SINAİ,2026-08-08
SAMAT,BIST KATILIM TUM,2026-08-08
SAMAT,BIST TÜM-100,2026-08-08
SAMAT,BIST ANKARA,2026-08-08
SAMAT,BIST KOBI SANAYİ,2026-08-08
SAMAT,BIST TÜM,2026-08-08
SANEL,BIST İSTANBUL,2026-08-08
SANEL,BIST TÜM,2026-08-08
SANEL,BIST İNŞAAT,2026-08-08
SANEL,BIST HİZMETLER,2026-08-08
SANEL,BIST TÜM-100,2026-08-08
SANEL,BIST KATILIM TUM,2026-08-08
SANFM,BIST 500,2026-08-08
SANFM,BIST ANA,2026-08-08
SANFM,BIST TÜM,2026-08-08
SANFM,"BIST KİMYA, PETROL, PLASTİK",2026-08-08
SANFM,BIST TEKİRDAĞ,2026-08-08
SANFM,BIST SINAİ,2026-08-08
SANFM,BIST TÜM-100,2026-08-08
SANKO,BIST TÜM,2026-08-08
SANKO,BIST TOPTAN TICARET,2026-08-08
SANKO,BIST TİCARET,2026-08-08
SANKO,BIST KATILIM TUM,2026-08-08
SANKO,BIST ANA,2026-08-08
SANKO,BIST HİZMETLER,2026-08-08
SANKO,BIST TÜM-100,2026-08-08
SARAE,BIST ADANA,2026-08-08
SARAE,BIST HALKA ARZ,2026-08-08
SARAE,"BIST METAL EŞYA, MAKİNA",2026-08-08
SARAE,BIST YILDIZ,2026-08-08
SARAE,BIST TÜM,2026-08-08
SARAE,BIST SINAİ,2026-08-08
SARAE,BIST TÜM-100,2026-08-08
SARKY,BIST METAL ANA,2026-08-08
SARKY,BIST 500,2026-08-08
SARKY,BIST KATILIM TUM,2026-08-08
SARKY,BIST TEMETTU 10 YIL,2026-08-08
SARKY,BIST KOCAELİ,2026-08-08
SARKY,BIST 100,2026-08-08
SARKY,BIST YILDIZ,2026-08-08
SARKY,BIST TEMETTÜ 25,2026-08-08
SARKY,BIST 100-30,2026-08-08
SARKY,BIST KATILIM 100,2026-08-08
SARKY,BIST KATILIM TEMETTU,2026-08-08
SARKY,BIST KATILIM 50,2026-08-08
SARKY,BIST TEMETTU 5 YIL,2026-08-08
SARKY,BIST TEMETTÜ,2026-08-08
SARKY,BIST SINAİ,2026-08-08
SARKY,BIST TÜM,2026-08-08
SASA,BIST SÜRDÜRÜLEBİLİRLİK,2026-08-08
SASA,BIST 500,2026-08-08
SASA,BIST YILDIZ,2026-08-08
SASA,BIST 30,2026-08-08
SASA,BIST TÜM,2026-08-08
SASA,BIST 50,2026-08-08
SASA,BIST 100,2026-08-08
SASA,BIST ADANA,2026-08-08
SASA,BIST SÜRDÜRÜLEBİLİRLİK 25,2026-08-08
SASA,BIST BANKA DIŞI LİKİT 10,2026-08-08
SASA,BIST SINAİ,2026-08-08
SASA,"BIST KİMYA, PETROL, PLASTİK",2026-08-08
SAYAS,"BIST METAL EŞYA, MAKİNA",2026-08-08
SAYAS,BIST TÜM,2026-08-08
SAYAS,BIST TÜM-100,2026-08-08
SAYAS,BIST 500,2026-08-08
SAYAS,BIST ANA,2026-08-08
SAYAS,BIST İZMİR,2026-08-08
SAYAS,BIST KATILIM TUM,2026-08-08
SAYAS,BIST KATILIM 100,2026-08-08
SAYAS,BIST SINAİ,2026-08-08
SDTTR,BIST KATILIM 100,2026-08-08
SDTTR,BIST KATILIM TUM,2026-08-08
SDTTR,BIST YILDIZ,2026-08-08
SDTTR,BIST TÜM,2026-08-08
SDTTR,BIST TÜM-100,2026-08-08
SDTTR,BIST 500,2026-08-08
SDTTR,BIST TEKNOLOJİ,2026-08-08
SDTTR,BIST TEMETTÜ,2026-08-08
SDTTR,BIST ANKARA,2026-08-08
SEGMN,BIST ANKARA,2026-08-08
SEGMN,BIST TÜM-100,2026-08-08
SEGMN,"BIST GIDA, İÇECEK",2026-08-08
SEGMN,BIST 500,2026-08-08
SEGMN,BIST TÜM,2026-08-08
SEGMN,BIST ANA,2026-08-08
SEGMN,BIST SINAİ,2026-08-08
SEGYO,BIST GAYRİMENKUL YAT. ORT.,2026-08-08
SEGYO,BIST 500,2026-08-08
SEGYO,BIST TÜM,2026-08-08
SEGYO,BIST TÜM-100,2026-08-08
SEGYO,BIST ANA,2026-08-08
SEGYO,BIST MALİ,2026-08-08
SEK,BIST 500,2026-08-08
SEK,BIST SÜRDÜRÜLEBİLİRLİK,2026-08-08
SEK,BIST 100,2026-08-08
SEK,BIST BANKA,2026-08-08
SEK,BIST 100-30,2026-08-08
SEK,BIST MALİ,2026-08-08
SEK,BIST YILDIZ,2026-08-08
SEK,BIST TÜM,2026-08-08
SEK,BIST KURUMSAL YÖNETİM,2026-08-08
SEKFK,BIST TÜM,2026-08-08
SEKFK,BIST TÜM-100,2026-08-08
SEKFK,BIST FİN. KİR. FAKTORİNG,2026-08-08
SEKFK,BIST KURUMSAL YÖNETİM,2026-08-08
SEKFK,BIST MALİ,2026-08-08
SEKUR,BIST TÜM,2026-08-08
SEKUR,BIST KATILIM TUM,2026-08-08
SEKUR,BIST TÜM-100,2026-08-08
SEKUR,BIST SINAİ,2026-08-08
SEKUR,"BIST KİMYA, PETROL, PLASTİK",2026-08-08
SELEC,BIST TEMETTU 5 YIL,2026-08-08
SELEC,BIST İSTANBUL,2026-08-08
SELEC,BIST TİCARET,2026-08-08
SELEC,BIST TÜM-100,2026-08-08
SELEC,BIST TEMETTU 10 YIL,2026-08-08
SELEC,BIST 500,2026-08-08
SELEC,BIST HİZMETLER,2026-08-08
SELEC,BIST KATILIM TUM,2026-08-08
SELEC,BIST TÜM,2026-08-08
SELEC,BIST YILDIZ,2026-08-08
SELEC,BIST KATILIM 100,2026-08-08
SELEC,BIST TOPTAN TICARET,2026-08-08
SELVA,BIST KATILIM TUM,2026-08-08
SELVA,BIST ANA,2026-08-08
SELVA,BIST SINAİ,2026-08-08
SELVA,BIST KONYA,2026-08-08
SELVA,BIST TÜM,2026-08-08
SELVA,BIST 500,2026-08-08
SELVA,BIST TÜM-100,2026-08-08
SELVA,"BIST GIDA, İÇECEK",2026-08-08
SELVA,BIST KURUMSAL YÖNETİM,2026-08-08
SERNT,BIST TÜM-100,2026-08-08
SERNT,"BIST TAŞ, TOPRAK",2026-08-08
SERNT,BIST SINAİ,2026-08-08
SERNT,BIST HALKA ARZ,2026-08-08
SERNT,BIST ANA,2026-08-08
SERNT,BIST TÜM,2026-08-08
SERNT,BIST 500,2026-08-08
SEYKM,BIST SINAİ,2026-08-08
SEYKM,BIST KOBI SANAYİ,2026-08-08
SEYKM,"BIST KİMYA, PETROL, PLASTİK",2026-08-08
SEYKM,BIST TÜM-100,2026-08-08
SEYKM,BIST TÜM,2026-08-08
SEYKM,BIST MANİSA,2026-08-08
SILVR,BIST TÜM-100,2026-08-08
SILVR,BIST TÜM,2026-08-08
SILVR,BIST KATILIM TUM,2026-08-08
SILVR,BIST SINAİ,2026-08-08
SILVR,"BIST METAL EŞYA, MAKİNA",2026-08-08
SISE,BIST SÜRDÜRÜLEBİLİRLİK 25,2026-08-08
SISE,BIST İSTANBUL,2026-08-08
SISE,BIST 30,2026-08-08
SISE,BIST TEMETTÜ,2026-08-08
SISE,BIST 50,2026-08-08
SISE,BIST TEMETTU 5 YIL,2026-08-08
SISE,BIST SÜRDÜRÜLEBİLİRLİK,2026-08-08
SISE,BIST KURUMSAL YÖNETİM,2026-08-08
SISE,BIST HOLDİNG VE YATIRIM,2026-08-08
SISE,BIST YILDIZ,2026-08-08
SISE,BIST TÜM,2026-08-08
SISE,BIST MALİ,2026-08-08
SISE,BIST 500,2026-08-08
SISE,BIST TEMETTU 10 YIL,2026-08-08
SISE,BIST 100,2026-08-08
SKBNK,BIST 500,2026-08-08
SKBNK,BIST SÜRDÜRÜLEBİLİRLİK,2026-08-08
SKBNK,BIST 100,2026-08-08
SKBNK,BIST BANKA,2026-08-08
SKBNK,BIST 100-30,2026-08-08
SKBNK,BIST MALİ,2026-08-08
SKBNK,BIST YILDIZ,2026-08-08
SKBNK,BIST TÜM,2026-08-08
SKBNK,BIST KURUMSAL YÖNETİM,2026-08-08
SKTAS,BIST AYDIN,2026-08-08
SKTAS,BIST TÜM,2026-08-08
SKTAS,BIST 500,2026-08-08
SKTAS,BIST ANA,2026-08-08
SKTAS,"BIST TEKSTİL, DERİ",2026-08-08
SKTAS,BIST TÜM-100,2026-08-08
SKTAS,BIST SINAİ,2026-08-08
SKY,BIST ANA,2026-08-08
SKY,BIST ARACI KURUM,2026-08-08
SKY,BIST TÜM-100,2026-08-08
SKY,BIST TÜM,2026-08-08
SKY,BIST MALİ,2026-08-08
SKY,BIST 500,2026-08-08
SKYLP,BIST HİZMETLER,2026-08-08
SKYLP,BIST TÜM,2026-08-08
SKYLP,BIST TÜM-100,2026-08-08
SKYLP,BIST İSTANBUL,2026-08-08
SKYMD,BIST ANA,2026-08-08
SKYMD,BIST ARACI KURUM,2026-08-08
SKYMD,BIST TÜM-100,2026-08-08
SKYMD,BIST TÜM,2026-08-08
SKYMD,BIST MALİ,2026-08-08
SKYMD,BIST 500,2026-08-08
SMART,BIST 500,2026-08-08
SMART,BIST BİLİŞİM,2026-08-08
SMART,BIST KATILIM TUM,2026-08-08
SMART,BIST İSTANBUL,2026-08-08
SMART,BIST TEKNOLOJİ,2026-08-08
SMART,BIST TÜM-100,2026-08-08
SMART,BIST TÜM,2026-08-08
SMART,BIST ANA,2026-08-08
SMRTG,BIST TÜM-100,2026-08-08
SMRTG,BIST HİZMETLER,2026-08-08
SMRTG,BIST 500,2026-08-08
SMRTG,BIST TÜM,2026-08-08
SMRTG,BIST ELEKTRİK,2026-08-08
SMRTG,BIST KOCAELİ,2026-08-08
SMRTG,BIST YILDIZ,2026-08-08
SMRVA,BIST TÜM,2026-08-08
SMRVA,BIST TEMETTÜ,2026-08-08
SMRVA,BIST ANA,2026-08-08
SMRVA,BIST HALKA ARZ,2026-08-08
SMRVA,BIST TÜM-100,2026-08-08
SMRVA,BIST MALİ,2026-08-08
SMRVA,BIST 500,2026-08-08
SNGYO,BIST TÜM-100,2026-08-08
SNGYO,BIST 500,2026-08-08
SNGYO,BIST GAYRİMENKUL YAT. ORT.,2026-08-08
SNGYO,BIST KATILIM 100,2026-08-08
SNGYO,BIST MALİ,2026-08-08
SNGYO,BIST KATILIM TUM,2026-08-08
SNGYO,BIST YILDIZ,2026-08-08
SNGYO,BIST TÜM,2026-08-08
SNICA,BIST TÜM-100,2026-08-08
SNICA,"BIST METAL EŞYA, MAKİNA",2026-08-08
SNICA,BIST ANA,2026-08-08
SNICA,BIST KATILIM TUM,2026-08-08
SNICA,BIST 500,2026-08-08
SNICA,BIST TÜM,2026-08-08
SNICA,BIST MANİSA,2026-08-08
SNICA,BIST SINAİ,2026-08-08
SOHOE,BIST İSTANBUL,2026-08-08
SOHOE,"BIST TEKSTİL, DERİ",2026-08-08
SOHOE,BIST KATILIM TUM,2026-08-08
SOHOE,BIST SINAİ,2026-08-08
SOHOE,BIST TÜM-100,2026-08-08
SOHOE,BIST HALKA ARZ,2026-08-08
SOHOE,BIST ANA,2026-08-08
SOHOE,BIST TÜM,2026-08-08
SOKE,BIST AYDIN,2026-08-08
SOKE,BIST SINAİ,2026-08-08
SOKE,BIST KATILIM TUM,2026-08-08
SOKE,BIST TÜM,2026-08-08
SOKE,BIST ANA,2026-08-08
SOKE,"BIST GIDA, İÇECEK",2026-08-08
SOKE,BIST 500,2026-08-08
SOKE,BIST TÜM-100,2026-08-08
SOKM,BIST HİZMETLER,2026-08-08
SOKM,BIST SÜRDÜRÜLEBİLİRLİK,2026-08-08
SOKM,BIST 100,2026-08-08
SOKM,BIST TÜM,2026-08-08
SOKM,BIST TİCARET,2026-08-08
SOKM,BIST PERAKENDE TICARET,2026-08-08
SOKM,BIST 100-30,2026-08-08
SOKM,BIST YILDIZ,2026-08-08
SOKM,BIST 500,2026-08-08
SONME,BIST TÜM,2026-08-08
SONME,BIST HİZMETLER,2026-08-08
SONME,BIST TÜM-100,2026-08-08
SONME,BIST BURSA,2026-08-08
SRVGY,BIST KATILIM 100,2026-08-08
SRVGY,BIST 500,2026-08-08
SRVGY,BIST KATILIM TUM,2026-08-08
SRVGY,BIST GAYRİMENKUL YAT. ORT.,2026-08-08
SRVGY,BIST TÜM,2026-08-08
SRVGY,BIST YILDIZ,2026-08-08
SRVGY,BIST MALİ,2026-08-08
SRVGY,BIST TÜM-100,2026-08-08
SSAAT,BIST TÜM-100,2026-08-08
SSAAT,BIST HALKA ARZ,2026-08-08
SSAAT,BIST TÜM,2026-08-08
SSAAT,BIST YILDIZ,2026-08-08
SSAAT,BIST TİCARET,2026-08-08
SSAAT,BIST PERAKENDE TICARET,2026-08-08
SSAAT,BIST KATILIM TUM,2026-08-08
SSAAT,BIST HİZMETLER,2026-08-08
SUNTK,BIST TEMETTÜ,2026-08-08
SUNTK,"BIST TEKSTİL, DERİ",2026-08-08
SUNTK,BIST 500,2026-08-08
SUNTK,BIST İZMİR,2026-08-08
SUNTK,BIST SÜRDÜRÜLEBİLİRLİK KATILIM,2026-08-08
SUNTK,BIST TÜM-100,2026-08-08
SUNTK,BIST KATILIM TEMETTU,2026-08-08
SUNTK,BIST KATILIM TUM,2026-08-08
SUNTK,BIST SÜRDÜRÜLEBİLİRLİK,2026-08-08
SUNTK,BIST YILDIZ,2026-08-08
SUNTK,BIST TÜM,2026-08-08
SUNTK,BIST KATILIM 100,2026-08-08
SUNTK,BIST SINAİ,2026-08-08
SUNTK,BIST KURUMSAL YÖNETİM,2026-08-08
SURGY,BIST GAYRİMENKUL YAT. ORT.,2026-08-08
SURGY,BIST MALİ,2026-08-08
SURGY,BIST TÜM-100,2026-08-08
SURGY,BIST KATILIM TUM,2026-08-08
SURGY,BIST KATILIM 100,2026-08-08
SURGY,BIST 500,2026-08-08
SURGY,BIST YILDIZ,2026-08-08
SURGY,BIST TÜM,2026-08-08
SUWEN,BIST KATILIM TEMETTU,2026-08-08
SUWEN,BIST 500,2026-08-08
SUWEN,BIST TİCARET,2026-08-08
SUWEN,BIST TÜM,2026-08-08
SUWEN,BIST PERAKENDE TICARET,2026-08-08
SUWEN,BIST YILDIZ,2026-08-08
SUWEN,BIST KATILIM TUM,2026-08-08
SUWEN,BIST TÜM-100,2026-08-08
SUWEN,BIST TEMETTÜ,2026-08-08
SUWEN,BIST HİZMETLER,2026-08-08
SVGYO,BIST TÜM,2026-08-08
SVGYO,BIST 500,2026-08-08
SVGYO,BIST GAYRİMENKUL YAT. ORT.,2026-08-08
SVGYO,BIST TÜM-100,2026-08-08
SVGYO,BIST MALİ,2026-08-08
SVGYO,BIST ANA,2026-08-08
SVGYO,BIST HALKA ARZ,2026-08-08
TABGD,BIST İSTANBUL,2026-08-08
TABGD,BIST YILDIZ,2026-08-08
TABGD,BIST TEMETTÜ 25,2026-08-08
TABGD,BIST TÜM-100,2026-08-08
TABGD,BIST HİZMETLER,2026-08-08
TABGD,BIST 500,2026-08-08
TABGD,BIST TÜM,2026-08-08
TABGD,BIST YIYECEK VE ICECEK  HIZMETLERI,2026-08-08
TABGD,BIST TURİZM,2026-08-08
TABGD,BIST TEMETTÜ,2026-08-08
TARKM,BIST KATILIM TUM,2026-08-08
TARKM,BIST TÜM,2026-08-08
TARKM,BIST YILDIZ,2026-08-08
TARKM,BIST SINAİ,2026-08-08
TARKM,BIST TÜM-100,2026-08-08
TARKM,"BIST KİMYA, PETROL, PLASTİK",2026-08-08
TARKM,BIST 500,2026-08-08
TARKM,BIST KATILIM 100,2026-08-08
TARKM,BIST MANİSA,2026-08-08
TATEN,BIST TÜM,2026-08-08
TATEN,BIST TÜM-100,2026-08-08
TATEN,BIST ELEKTRİK,2026-08-08
TATEN,BIST 500,2026-08-08
TATEN,BIST HİZMETLER,2026-08-08
TATEN,BIST YILDIZ,2026-08-08
TATEN,BIST BALIKESİR,2026-08-08
TATGD,BIST TÜM,2026-08-08
TATGD,BIST TÜM-100,2026-08-08
TATGD,BIST ANA,2026-08-08
TATGD,BIST 500,2026-08-08
TATGD,"BIST GIDA, İÇECEK",2026-08-08
TATGD,BIST BURSA,2026-08-08
TATGD,BIST SÜRDÜRÜLEBİLİRLİK,2026-08-08
TATGD,BIST SINAİ,2026-08-08
TATGD,BIST KURUMSAL YÖNETİM,2026-08-08
TAVHL,BIST TÜM,2026-08-08
TAVHL,BIST 500,2026-08-08
TAVHL,BIST 100,2026-08-08
TAVHL,BIST YILDIZ,2026-08-08
TAVHL,BIST İSTANBUL,2026-08-08
TAVHL,BIST HOLDİNG VE YATIRIM,2026-08-08
TAVHL,BIST 30,2026-08-08
TAVHL,BIST SÜRDÜRÜLEBİLİRLİK,2026-08-08
TAVHL,BIST MALİ,2026-08-08
TAVHL,BIST KURUMSAL YÖNETİM,2026-08-08
TAVHL,BIST SÜRDÜRÜLEBİLİRLİK 25,2026-08-08
TAVHL,BIST 50,2026-08-08
TBORG,BIST 500,2026-08-08
TBORG,BIST ANA,2026-08-08
TBORG,"BIST GIDA, İÇECEK",2026-08-08
TBORG,BIST İZMİR,2026-08-08
TBORG,BIST TÜM,2026-08-08
TBORG,BIST SINAİ,2026-08-08
TBORG,BIST TÜM-100,2026-08-08
TCELL,BIST TEMETTÜ,2026-08-08
TCELL,BIST 100,2026-08-08
TCELL,BIST İLETİŞİM,2026-08-08
TCELL,BIST TÜM,2026-08-08
TCELL,BIST İSTANBUL,2026-08-08
TCELL,BIST 30,2026-08-08
TCELL,BIST SÜRDÜRÜLEBİLİRLİK,2026-08-08
TCELL,BIST SÜRDÜRÜLEBİLİRLİK 25,2026-08-08
TCELL,BIST GERİ ALIM,2026-08-08
TCELL,BIST YILDIZ,2026-08-08
TCELL,BIST 500,2026-08-08
TCELL,BIST TEMETTÜ 25,2026-08-08
TCELL,BIST TEMETTU 5 YIL,2026-08-08
TCELL,BIST 50,2026-08-08
TCELL,BIST HİZMETLER,2026-08-08
TCKRC,BIST TÜM-100,2026-08-08
TCKRC,BIST METAL ANA,2026-08-08
TCKRC,BIST HALKA ARZ,2026-08-08
TCKRC,BIST TÜM,2026-08-08
TCKRC,BIST SINAİ,2026-08-08
TCKRC,BIST 500,2026-08-08
TCKRC,BIST BURSA,2026-08-08
TCKRC,BIST YILDIZ,2026-08-08
TDGYO,BIST TÜM-100,2026-08-08
TDGYO,BIST TÜM,2026-08-08
TDGYO,BIST GAYRİMENKUL YAT. ORT.,2026-08-08
TDGYO,BIST MALİ,2026-08-08
TEHOL,BIST 500,2026-08-08
TEHOL,BIST MALİ,2026-08-08
TEHOL,BIST HOLDİNG VE YATIRIM,2026-08-08
TEHOL,BIST TÜM,2026-08-08
TEHOL,BIST TÜM-100,2026-08-08
TEHOL,BIST İSTANBUL,2026-08-08
TEHOL,BIST ANA,2026-08-08
TEKTU,BIST TÜM,2026-08-08
TEKTU,BIST KONAKLAMA,2026-08-08
TEKTU,BIST ANA,2026-08-08
TEKTU,BIST TÜM-100,2026-08-08
TEKTU,BIST TURİZM,2026-08-08
TEKTU,BIST ANTALYA,2026-08-08
TEKTU,BIST 500,2026-08-08
TEKTU,BIST HİZMETLER,2026-08-08
TERA,BIST ARACI KURUM,2026-08-08
TERA,BIST TÜM-100,2026-08-08
TERA,BIST 500,2026-08-08
TERA,BIST MALİ,2026-08-08
TERA,BIST ANA,2026-08-08
TERA,BIST TÜM,2026-08-08
TEZOL,BIST TÜM,2026-08-08
TEZOL,"BIST ORMAN, KAĞIT, BASIM",2026-08-08
TEZOL,BIST SINAİ,2026-08-08
TEZOL,BIST YILDIZ,2026-08-08
TEZOL,BIST 500,2026-08-08
TEZOL,BIST TEMETTÜ,2026-08-08
TEZOL,BIST KATILIM TUM,2026-08-08
TEZOL,BIST KATILIM 100,2026-08-08
TEZOL,BIST GERİ ALIM,2026-08-08
TEZOL,BIST TÜM-100,2026-08-08
TEZOL,BIST İZMİR,2026-08-08
TGB,BIST 500,2026-08-08
TGB,BIST TEMETTÜ 25,2026-08-08
TGB,BIST TEMETTU 5 YIL,2026-08-08
TGB,BIST SÜRDÜRÜLEBİLİRLİK,2026-08-08
TGB,BIST KURUMSAL YÖNETİM,2026-08-08
TGB,BIST LİKİT BANKA,2026-08-08
TGB,BIST YILDIZ,2026-08-08
TGB,BIST MALİ,2026-08-08
TGB,BIST 30,2026-08-08
TGB,BIST TEMETTÜ,2026-08-08
TGB,BIST 100,2026-08-08
TGB,BIST 50,2026-08-08
TGB,BIST BANKA,2026-08-08
TGB,BIST SÜRDÜRÜLEBİLİRLİK 25,2026-08-08
TGB,BIST TÜM,2026-08-08
TGSAS,BIST TİCARET,2026-08-08
TGSAS,BIST TÜM,2026-08-08
TGSAS,BIST İSTANBUL,2026-08-08
TGSAS,BIST ANA,2026-08-08
TGSAS,BIST TEMETTÜ,2026-08-08
TGSAS,BIST 500,2026-08-08
TGSAS,BIST TOPTAN TICARET,2026-08-08
TGSAS,BIST TÜM-100,2026-08-08
TGSAS,BIST HİZMETLER,2026-08-08
THL,BIST 50,2026-08-08
THL,BIST BANKA,2026-08-08
THL,BIST 500,2026-08-08
THL,BIST TÜM,2026-08-08
THL,BIST YILDIZ,2026-08-08
THL,BIST MALİ,2026-08-08
THL,BIST SÜRDÜRÜLEBİLİRLİK,2026-08-08
THL,BIST 100-30,2026-08-08
THL,BIST KURUMSAL YÖNETİM,2026-08-08
THL,BIST LİKİT BANKA,2026-08-08
THL,BIST 100,2026-08-08
THYAO,BIST TÜM,2026-08-08
THYAO,BIST SÜRDÜRÜLEBİLİRLİK,2026-08-08
THYAO,BIST BANKA DIŞI LİKİT 10,2026-08-08
THYAO,BIST GERİ ALIM,2026-08-08
THYAO,BIST SÜRDÜRÜLEBİLİRLİK 25,2026-08-08
THYAO,BIST 50,2026-08-08
THYAO,BIST YILDIZ,2026-08-08
THYAO,BIST ULAŞTIRMA,2026-08-08
THYAO,BIST 30,2026-08-08
THYAO,BIST 100,2026-08-08
THYAO,BIST HİZMETLER,2026-08-08
THYAO,BIST 500,2026-08-08
THYAO,BIST İSTANBUL,2026-08-08
TIB,BIST 50,2026-08-08
TIB,BIST 100,2026-08-08
TIB,BIST SÜRDÜRÜLEBİLİRLİK,2026-08-08
TIB,BIST LİKİT BANKA,2026-08-08
TIB,BIST 30,2026-08-08
TIB,BIST TÜM,2026-08-08
TIB,BIST TEMETTÜ 25,2026-08-08
TIB,BIST TÜM-100,2026-08-08
TIB,BIST 500,2026-08-08
TIB,BIST MALİ,2026-08-08
TIB,BIST TEMETTU 5 YIL,2026-08-08
TIB,BIST TEMETTÜ,2026-08-08
TIB,BIST YILDIZ,2026-08-08
TIB,BIST BANKA,2026-08-08
TIB,BIST SÜRDÜRÜLEBİLİRLİK 25,2026-08-08
TKFEN,BIST KATILIM TUM,2026-08-08
TKFEN,BIST MALİ,2026-08-08
TKFEN,BIST 100,2026-08-08
TKFEN,BIST SÜRDÜRÜLEBİLİRLİK KATILIM,2026-08-08
TKFEN,BIST KATILIM 30,2026-08-08
TKFEN,BIST HOLDİNG VE YATIRIM,2026-08-08
TKFEN,BIST KATILIM 50,2026-08-08
TKFEN,BIST 500,2026-08-08
TKFEN,BIST İSTANBUL,2026-08-08
TKFEN,BIST KATILIM 100,2026-08-08
TKFEN,BIST TÜM,2026-08-08
TKFEN,BIST 100-30,2026-08-08
TKFEN,BIST YILDIZ,2026-08-08
TKFEN,BIST SÜRDÜRÜLEBİLİRLİK,2026-08-08
TKNSA,BIST KATILIM TUM,2026-08-08
TKNSA,BIST TİCARET,2026-08-08
TKNSA,BIST HİZMETLER,2026-08-08
TKNSA,BIST SÜRDÜRÜLEBİLİRLİK KATILIM,2026-08-08
TKNSA,BIST 500,2026-08-08
TKNSA,BIST TÜM-100,2026-08-08
TKNSA,BIST PERAKENDE TICARET,2026-08-08
TKNSA,BIST KATILIM 100,2026-08-08
TKNSA,BIST TÜM,2026-08-08
TKNSA,BIST ANA,2026-08-08
TKNSA,BIST SÜRDÜRÜLEBİLİRLİK,2026-08-08
TLMAN,BIST TÜM-100,2026-08-08
TLMAN,BIST ULAŞTIRMA,2026-08-08
TLMAN,BIST ANA,2026-08-08
TLMAN,BIST 500,2026-08-08
TLMAN,BIST HİZMETLER,2026-08-08
TLMAN,BIST TÜM,2026-08-08
TMPOL,"BIST KİMYA, PETROL, PLASTİK",2026-08-08
TMPOL,BIST KAYSERİ,2026-08-08
TMPOL,BIST TÜM,2026-08-08
TMPOL,BIST KATILIM TUM,2026-08-08
TMPOL,BIST 500,2026-08-08
TMPOL,BIST SINAİ,2026-08-08
TMPOL,BIST TÜM-100,2026-08-08
TMPOL,BIST ANA,2026-08-08
TMSN,BIST 500,2026-08-08
TMSN,BIST SINAİ,2026-08-08
TMSN,BIST YILDIZ,2026-08-08
TMSN,BIST KONYA,2026-08-08
TMSN,"BIST METAL EŞYA, MAKİNA",2026-08-08
TMSN,BIST TÜM,2026-08-08
TMSN,BIST TÜM-100,2026-08-08
TNZTP,BIST YILDIZ,2026-08-08
TNZTP,BIST HİZMETLER,2026-08-08
TNZTP,BIST 500,2026-08-08
TNZTP,BIST TÜM,2026-08-08
TNZTP,BIST İZMİR,2026-08-08
TNZTP,BIST TÜM-100,2026-08-08
TOASO,BIST 30,2026-08-08
TOASO,BIST TEMETTU 5 YIL,2026-08-08
TOASO,BIST 500,2026-08-08
TOASO,BIST KURUMSAL YÖNETİM,2026-08-08
TOASO,"BIST METAL EŞYA, MAKİNA",2026-08-08
TOASO,BIST TÜM,2026-08-08
TOASO,BIST 100,2026-08-08
TOASO,BIST 50,2026-08-08
TOASO,BIST TEMETTÜ,2026-08-08
TOASO,BIST TEMETTÜ 25,2026-08-08
TOASO,BIST TEMETTU 10 YIL,2026-08-08
TOASO,BIST SÜRDÜRÜLEBİLİRLİK,2026-08-08
TOASO,BIST SINAİ,2026-08-08
TOASO,BIST BURSA,2026-08-08
TOASO,BIST YILDIZ,2026-08-08
TRA,BIST ARACI KURUM,2026-08-08
TRA,BIST TÜM-100,2026-08-08
TRA,BIST 500,2026-08-08
TRA,BIST MALİ,2026-08-08
TRA,BIST ANA,2026-08-08
TRA,BIST TÜM,2026-08-08
TRALT,BIST BANKA DIŞI LİKİT 10,2026-08-08
TRALT,BIST MADENCİLİK,2026-08-08
TRALT,BIST 500,2026-08-08
TRALT,BIST TÜM,2026-08-08
TRALT,BIST SINAİ,2026-08-08
TRALT,BIST 50,2026-08-08
TRALT,BIST 30,2026-08-08
TRALT,BIST İZMİR,2026-08-08
TRALT,BIST 100,2026-08-08
TRALT,BIST YILDIZ,2026-08-08
TRALT,BIST GERİ ALIM,2026-08-08
TRCAS,BIST HOLDİNG VE YATIRIM,2026-08-08
TRCAS,BIST 500,2026-08-08
TRCAS,BIST YILDIZ,2026-08-08
TRCAS,BIST MALİ,2026-08-08
TRCAS,BIST İSTANBUL,2026-08-08
TRCAS,BIST TEMETTÜ,2026-08-08
TRCAS,BIST KURUMSAL YÖNETİM,2026-08-08
TRCAS,BIST TÜM,2026-08-08
TRCAS,BIST TÜM-100,2026-08-08
TRENJ,BIST MADENCİLİK,2026-08-08
TRENJ,BIST ANKARA,2026-08-08
TRENJ,BIST 100-30,2026-08-08
TRENJ,BIST 500,2026-08-08
TRENJ,BIST YILDIZ,2026-08-08
TRENJ,BIST TÜM,2026-08-08
TRENJ,BIST 100,2026-08-08
TRENJ,BIST SINAİ,2026-08-08
TRGYO,BIST YILDIZ,2026-08-08
TRGYO,BIST MALİ,2026-08-08
TRGYO,BIST 500,2026-08-08
TRGYO,BIST TEMETTÜ,2026-08-08
TRGYO,BIST TÜM,2026-08-08
TRGYO,BIST TÜM-100,2026-08-08
TRGYO,BIST GAYRİMENKUL YAT. ORT.,2026-08-08
TRHOL,BIST TÜM-100,2026-08-08
TRHOL,BIST İSTANBUL,2026-08-08
TRHOL,BIST MALİ,2026-08-08
TRHOL,BIST TÜM,2026-08-08
TRHOL,BIST HOLDİNG VE YATIRIM,2026-08-08
TRMET,BIST 50,2026-08-08
TRMET,BIST ANKARA,2026-08-08
TRMET,BIST MADENCİLİK,2026-08-08
TRMET,BIST SINAİ,2026-08-08
TRMET,BIST 100-30,2026-08-08
TRMET,BIST 500,2026-08-08
TRMET,BIST 100,2026-08-08
TRMET,BIST TÜM,2026-08-08
TRMET,BIST YILDIZ,2026-08-08
TSGYO,BIST MALİ,2026-08-08
TSGYO,BIST TÜM-100,2026-08-08
TSGYO,BIST ANA,2026-08-08
TSGYO,BIST TÜM,2026-08-08
TSGYO,BIST GAYRİMENKUL YAT. ORT.,2026-08-08
TSK,BIST 100,2026-08-08
TSK,BIST KURUMSAL YÖNETİM,2026-08-08
TSK,BIST 100-30,2026-08-08
TSK,BIST YILDIZ,2026-08-08
TSK,BIST BANKA,2026-08-08
TSK,BIST 500,2026-08-08
TSK,BIST SÜRDÜRÜLEBİLİRLİK,2026-08-08
TSK,BIST SÜRDÜRÜLEBİLİRLİK 25,2026-08-08
TSK,BIST TÜM,2026-08-08
TSK,BIST MALİ,2026-08-08
TSKB,BIST 100,2026-08-08
TSKB,BIST KURUMSAL YÖNETİM,2026-08-08
TSKB,BIST 100-30,2026-08-08
TSKB,BIST YILDIZ,2026-08-08
TSKB,BIST BANKA,2026-08-08
TSKB,BIST 500,2026-08-08
TSKB,BIST SÜRDÜRÜLEBİLİRLİK,2026-08-08
TSKB,BIST SÜRDÜRÜLEBİLİRLİK 25,2026-08-08
TSKB,BIST TÜM,2026-08-08
TSKB,BIST MALİ,2026-08-08
TSPOR,BIST TÜM,2026-08-08
TSPOR,BIST 500,2026-08-08
TSPOR,BIST HİZMETLER,2026-08-08
TSPOR,BIST SPOR,2026-08-08
TSPOR,BIST YILDIZ,2026-08-08
TSPOR,BIST TÜM-100,2026-08-08
TTKOM,BIST 30,2026-08-08
TTKOM,BIST SÜRDÜRÜLEBİLİRLİK 25,2026-08-08
TTKOM,BIST İLETİŞİM,2026-08-08
TTKOM,BIST HİZMETLER,2026-08-08
TTKOM,BIST YILDIZ,2026-08-08
TTKOM,BIST ANKARA,2026-08-08
TTKOM,BIST 500,2026-08-08
TTKOM,BIST 100,2026-08-08
TTKOM,BIST TÜM,2026-08-08
TTKOM,BIST SÜRDÜRÜLEBİLİRLİK,2026-08-08
TTKOM,BIST 50,2026-08-08
TTKOM,BIST KURUMSAL YÖNETİM,2026-08-08
TTRAK,BIST SÜRDÜRÜLEBİLİRLİK,2026-08-08
TTRAK,BIST TÜM,2026-08-08
TTRAK,BIST SINAİ,2026-08-08
TTRAK,BIST TEMETTU 5 YIL,2026-08-08
TTRAK,BIST YILDIZ,2026-08-08
TTRAK,BIST KURUMSAL YÖNETİM,2026-08-08
TTRAK,BIST ANKARA,2026-08-08
TTRAK,BIST 500,2026-08-08
TTRAK,"BIST METAL EŞYA, MAKİNA",2026-08-08
TTRAK,BIST TÜM-100,2026-08-08
TUCLK,BIST İSTANBUL,2026-08-08
TUCLK,BIST SINAİ,2026-08-08
TUCLK,BIST KATILIM TUM,2026-08-08
TUCLK,BIST METAL ANA,2026-08-08
TUCLK,BIST 500,2026-08-08
TUCLK,BIST TÜM-100,2026-08-08
TUCLK,BIST TÜM,2026-08-08
TUCLK,BIST ANA,2026-08-08
TUKAS,BIST 100-30,2026-08-08
TUKAS,BIST İZMİR,2026-08-08
TUKAS,BIST TÜM,2026-08-08
TUKAS,BIST 100,2026-08-08
TUKAS,BIST KATILIM 50,2026-08-08
TUKAS,BIST KATILIM 30,2026-08-08
TUKAS,BIST YILDIZ,2026-08-08
TUKAS,BIST KATILIM 100,2026-08-08
TUKAS,BIST KATILIM TUM,2026-08-08
TUKAS,BIST 500,2026-08-08
TUKAS,"BIST GIDA, İÇECEK",2026-08-08
TUKAS,BIST SINAİ,2026-08-08
TUPRS,BIST SÜRDÜRÜLEBİLİRLİK 25,2026-08-08
TUPRS,BIST KATILIM 50,2026-08-08
TUPRS,BIST 100,2026-08-08
TUPRS,BIST BANKA DIŞI LİKİT 10,2026-08-08
TUPRS,BIST TÜM,2026-08-08
TUPRS,BIST 50,2026-08-08
TUPRS,BIST 500,2026-08-08
TUPRS,BIST KATILIM 30,2026-08-08
TUPRS,"BIST KİMYA, PETROL, PLASTİK",2026-08-08
TUPRS,BIST KOCAELİ,2026-08-08
TUPRS,BIST TEMETTÜ,2026-08-08
TUPRS,BIST YILDIZ,2026-08-08
TUPRS,BIST KATILIM TEMETTU,2026-08-08
TUPRS,BIST KATILIM TUM,2026-08-08
TUPRS,BIST SÜRDÜRÜLEBİLİRLİK,2026-08-08
TUPRS,BIST 30,2026-08-08
TUPRS,BIST TEMETTÜ 25,2026-08-08
TUPRS,BIST KURUMSAL YÖNETİM,2026-08-08
TUPRS,BIST SÜRDÜRÜLEBİLİRLİK KATILIM,2026-08-08
TUPRS,BIST SINAİ,2026-08-08
TUPRS,BIST KATILIM 100,2026-08-08
TUREX,BIST ULAŞTIRMA,2026-08-08
TUREX,BIST 500,2026-08-08
TUREX,BIST KATILIM 100,2026-08-08
TUREX,BIST KATILIM TUM,2026-08-08
TUREX,BIST TÜM-100,2026-08-08
TUREX,BIST TÜM,2026-08-08
TUREX,BIST YILDIZ,2026-08-08
TUREX,BIST KATILIM 50,2026-08-08
TUREX,BIST İSTANBUL,2026-08-08
TUREX,BIST KATILIM 30,2026-08-08
TUREX,BIST HİZMETLER,2026-08-08
TURGG,BIST İNŞAAT,2026-08-08
TURGG,BIST 500,2026-08-08
TURGG,BIST TÜM-100,2026-08-08
TURGG,BIST İSTANBUL,2026-08-08
TURGG,BIST KATILIM TUM,2026-08-08
TURGG,BIST TÜM,2026-08-08
TURGG,BIST HİZMETLER,2026-08-08
TURGG,BIST ANA,2026-08-08
TURSG,BIST 500,2026-08-08
TURSG,BIST SÜRDÜRÜLEBİLİRLİK,2026-08-08
TURSG,BIST TEMETTÜ,2026-08-08
TURSG,BIST YILDIZ,2026-08-08
TURSG,BIST 50,2026-08-08
TURSG,BIST 100-30,2026-08-08
TURSG,BIST KURUMSAL YÖNETİM,2026-08-08
TURSG,BIST MALİ,2026-08-08
TURSG,BIST TEMETTU 5 YIL,2026-08-08
TURSG,BIST 100,2026-08-08
TURSG,BIST TEMETTÜ 25,2026-08-08
TURSG,BIST SİGORTA,2026-08-08
TURSG,BIST TÜM,2026-08-08
TVB,BIST 100,2026-08-08
TVB,BIST SÜRDÜRÜLEBİLİRLİK,2026-08-08
TVB,BIST 50,2026-08-08
TVB,BIST TÜM,2026-08-08
TVB,BIST BANKA,2026-08-08
TVB,BIST MALİ,2026-08-08
TVB,BIST 500,2026-08-08
TVB,BIST 30,2026-08-08
TVB,BIST GERİ ALIM,2026-08-08
TVB,BIST YILDIZ,2026-08-08
TVB,BIST LİKİT BANKA,2026-08-08
TVB,BIST KURUMSAL YÖNETİM,2026-08-08
UCAYM,BIST HALKA ARZ,2026-08-08
UCAYM,BIST HİZMETLER,2026-08-08
UCAYM,BIST İSTANBUL,2026-08-08
UCAYM,BIST TÜM-100,2026-08-08
UCAYM,BIST TÜM,2026-08-08
UCAYM,BIST İNŞAAT,2026-08-08
UCAYM,BIST YILDIZ,2026-08-08
UCAYM,BIST 500,2026-08-08
UCAYM,BIST KATILIM TUM,2026-08-08
UFUK,BIST TÜM-100,2026-08-08
UFUK,BIST İSTANBUL,2026-08-08
UFUK,BIST TÜM,2026-08-08
UFUK,BIST MALİ,2026-08-08
UFUK,BIST 500,2026-08-08
UFUK,BIST KATILIM TUM,2026-08-08
UFUK,BIST HOLDİNG VE YATIRIM,2026-08-08
UFUK,BIST ANA,2026-08-08
ULAS,BIST HİZMETLER,2026-08-08
ULAS,BIST TÜM-100,2026-08-08
ULAS,BIST TURİZM,2026-08-08
ULAS,BIST KONAKLAMA,2026-08-08
ULAS,BIST ANKARA,2026-08-08
ULAS,BIST TÜM,2026-08-08
ULKER,BIST 500,2026-08-08
ULKER,BIST 50,2026-08-08
ULKER,"BIST GIDA, İÇECEK",2026-08-08
ULKER,BIST SÜRDÜRÜLEBİLİRLİK 25,2026-08-08
ULKER,BIST TÜM,2026-08-08
ULKER,BIST ANKARA,2026-08-08
ULKER,BIST SINAİ,2026-08-08
ULKER,BIST YILDIZ,2026-08-08
ULKER,BIST 100,2026-08-08
ULKER,BIST SÜRDÜRÜLEBİLİRLİK,2026-08-08
ULKER,BIST 100-30,2026-08-08
ULUFA,BIST FİN. KİR. FAKTORİNG,2026-08-08
ULUFA,BIST 500,2026-08-08
ULUFA,BIST GERİ ALIM,2026-08-08
ULUFA,BIST MALİ,2026-08-08
ULUFA,BIST TÜM,2026-08-08
ULUFA,BIST ANA,2026-08-08
ULUFA,BIST TÜM-100,2026-08-08
ULUFA,BIST TEMETTÜ,2026-08-08
ULUSE,BIST KATILIM TUM,2026-08-08
ULUSE,BIST 500,2026-08-08
ULUSE,BIST TÜM,2026-08-08
ULUSE,BIST ANA,2026-08-08
ULUSE,BIST TÜM-100,2026-08-08
ULUSE,"BIST METAL EŞYA, MAKİNA",2026-08-08
ULUSE,BIST SINAİ,2026-08-08
ULUSE,BIST ANKARA,2026-08-08
ULUUN,BIST SINAİ,2026-08-08
ULUUN,BIST TÜM,2026-08-08
ULUUN,BIST ANA,2026-08-08
ULUUN,BIST TÜM-100,2026-08-08
ULUUN,BIST 500,2026-08-08
ULUUN,"BIST GIDA, İÇECEK",2026-08-08
UNLU,BIST MALİ,2026-08-08
UNLU,BIST 500,2026-08-08
UNLU,BIST HOLDİNG VE YATIRIM,2026-08-08
UNLU,BIST İSTANBUL,2026-08-08
UNLU,BIST TÜM,2026-08-08
UNLU,BIST ANA,2026-08-08
UNLU,BIST TÜM-100,2026-08-08
USAK,BIST SINAİ,2026-08-08
USAK,"BIST TAŞ, TOPRAK",2026-08-08
USAK,BIST 500,2026-08-08
USAK,BIST KATILIM 50,2026-08-08
USAK,BIST TÜM-100,2026-08-08
USAK,BIST TÜM,2026-08-08
USAK,BIST KATILIM TUM,2026-08-08
USAK,BIST KATILIM 100,2026-08-08
USAK,BIST YILDIZ,2026-08-08
VAKBN,BIST 100,2026-08-08
VAKBN,BIST SÜRDÜRÜLEBİLİRLİK,2026-08-08
VAKBN,BIST 50,2026-08-08
VAKBN,BIST TÜM,2026-08-08
VAKBN,BIST BANKA,2026-08-08
VAKBN,BIST MALİ,2026-08-08
VAKBN,BIST 500,2026-08-08
VAKBN,BIST 30,2026-08-08
VAKBN,BIST GERİ ALIM,2026-08-08
VAKBN,BIST YILDIZ,2026-08-08
VAKBN,BIST LİKİT BANKA,2026-08-08
VAKBN,BIST KURUMSAL YÖNETİM,2026-08-08
VAKFA,BIST 500,2026-08-08
VAKFA,BIST TÜM-100,2026-08-08
VAKFA,BIST TÜM,2026-08-08
VAKFA,BIST YILDIZ,2026-08-08
VAKFA,BIST FİN. KİR. FAKTORİNG,2026-08-08
VAKFA,BIST HALKA ARZ,2026-08-08
VAKFA,BIST GERİ ALIM,2026-08-08
VAKFA,BIST MALİ,2026-08-08
VAKFN,BIST FİN. KİR. FAKTORİNG,2026-08-08
VAKFN,BIST 500,2026-08-08
VAKFN,BIST TÜM,2026-08-08
VAKFN,BIST TÜM-100,2026-08-08
VAKFN,BIST MALİ,2026-08-08
VAKFN,BIST YILDIZ,2026-08-08
VAKKO,BIST TEMETTÜ,2026-08-08
VAKKO,BIST 500,2026-08-08
VAKKO,BIST KATILIM TUM,2026-08-08
VAKKO,BIST TİCARET,2026-08-08
VAKKO,BIST KATILIM TEMETTU,2026-08-08
VAKKO,BIST HİZMETLER,2026-08-08
VAKKO,BIST TEMETTU 5 YIL,2026-08-08
VAKKO,BIST PERAKENDE TICARET,2026-08-08
VAKKO,BIST TÜM-100,2026-08-08
VAKKO,BIST YILDIZ,2026-08-08
VAKKO,BIST TÜM,2026-08-08
VANGD,BIST TÜM,2026-08-08
VANGD,"BIST GIDA, İÇECEK",2026-08-08
VANGD,BIST SINAİ,2026-08-08
VANGD,BIST TÜM-100,2026-08-08
VANGD,BIST KOBI SANAYİ,2026-08-08
VANGD,BIST KATILIM TUM,2026-08-08
VBTYZ,BIST BİLİŞİM,2026-08-08
VBTYZ,BIST ANA,2026-08-08
VBTYZ,BIST İSTANBUL,2026-08-08
VBTYZ,BIST 500,2026-08-08
VBTYZ,BIST TEKNOLOJİ,2026-08-08
VBTYZ,BIST TÜM-100,2026-08-08
VBTYZ,BIST TÜM,2026-08-08
VERTU,BIST MALİ,2026-08-08
VERTU,BIST GIRISIM SERMAYESI Y.O.,2026-08-08
VERTU,BIST GERİ ALIM,2026-08-08
VERTU,BIST ANA,2026-08-08
VERTU,BIST TÜM-100,2026-08-08
VERTU,BIST 500,2026-08-08
VERTU,BIST TÜM,2026-08-08
VERUS,BIST TÜM,2026-08-08
VERUS,BIST HOLDİNG VE YATIRIM,2026-08-08
VERUS,BIST MALİ,2026-08-08
VERUS,BIST TÜM-100,2026-08-08
VERUS,BIST İSTANBUL,2026-08-08
VERUS,BIST ANA,2026-08-08
VERUS,BIST 500,2026-08-08
VESBE,BIST MANİSA,2026-08-08
VESBE,"BIST METAL EŞYA, MAKİNA",2026-08-08
VESBE,BIST SINAİ,2026-08-08
VESBE,BIST TÜM-100,2026-08-08
VESBE,BIST YILDIZ,2026-08-08
VESBE,BIST KATILIM TEMETTU,2026-08-08
VESBE,BIST SÜRDÜRÜLEBİLİRLİK,2026-08-08
VESBE,BIST TÜM,2026-08-08
VESBE,BIST TEMETTU 10 YIL,2026-08-08
VESBE,BIST TEMETTU 5 YIL,2026-08-08
VESBE,BIST 500,2026-08-08
VESTL,BIST KURUMSAL YÖNETİM,2026-08-08
VESTL,BIST 500,2026-08-08
VESTL,"BIST METAL EŞYA, MAKİNA",2026-08-08
VESTL,BIST MANİSA,2026-08-08
VESTL,BIST TÜM,2026-08-08
VESTL,BIST 100-30,2026-08-08
VESTL,BIST SINAİ,2026-08-08
VESTL,BIST SÜRDÜRÜLEBİLİRLİK,2026-08-08
VESTL,BIST 100,2026-08-08
VESTL,BIST YILDIZ,2026-08-08
VKFYO,BIST MENKUL KIYM Y.O.,2026-08-08
VKGYO,BIST TÜM-100,2026-08-08
VKGYO,BIST YILDIZ,2026-08-08
VKGYO,BIST KURUMSAL YÖNETİM,2026-08-08
VKGYO,BIST SÜRDÜRÜLEBİLİRLİK,2026-08-08
VKGYO,BIST GAYRİMENKUL YAT. ORT.,2026-08-08
VKGYO,BIST TÜM,2026-08-08
VKGYO,BIST 500,2026-08-08
VKGYO,BIST MALİ,2026-08-08
VKING,BIST TÜM,2026-08-08
VKING,BIST ANA,2026-08-08
VKING,"BIST ORMAN, KAĞIT, BASIM",2026-08-08
VKING,BIST TÜM-100,2026-08-08
VKING,BIST İZMİR,2026-08-08
VKING,BIST SINAİ,2026-08-08
VKING,BIST KOBI SANAYİ,2026-08-08
VRGYO,BIST GAYRİMENKUL YAT. ORT.,2026-08-08
VRGYO,BIST ANA,2026-08-08
VRGYO,BIST TÜM,2026-08-08
VRGYO,BIST MALİ,2026-08-08
VRGYO,BIST TÜM-100,2026-08-08
VRGYO,BIST 500,2026-08-08
VSNMD,BIST ADANA,2026-08-08
VSNMD,BIST SINAİ,2026-08-08
VSNMD,BIST 500,2026-08-08
VSNMD,BIST MADENCİLİK,2026-08-08
VSNMD,BIST ANA,2026-08-08
VSNMD,BIST TÜM-100,2026-08-08
VSNMD,BIST TÜM,2026-08-08
VSNMD,BIST HALKA ARZ,2026-08-08
YAPRK,BIST KOBI SANAYİ,2026-08-08
YAPRK,BIST BALIKESİR,2026-08-08
YAPRK,BIST SINAİ,2026-08-08
YAPRK,BIST TÜM,2026-08-08
YAPRK,BIST 500,2026-08-08
YAPRK,BIST TEMETTU 5 YIL,2026-08-08
YAPRK,BIST TEMETTÜ,2026-08-08
YAPRK,BIST ANA,2026-08-08
YAPRK,BIST TÜM-100,2026-08-08
YATAS,BIST 500,2026-08-08
YATAS,BIST YILDIZ,2026-08-08
YATAS,BIST TÜM,2026-08-08
YATAS,BIST KATILIM TUM,2026-08-08
YATAS,BIST KAYSERİ,2026-08-08
YATAS,"BIST TEKSTİL, DERİ",2026-08-08
YATAS,BIST TÜM-100,2026-08-08
YATAS,BIST SINAİ,2026-08-08
YAYLA,BIST TÜM,2026-08-08
YAYLA,BIST 500,2026-08-08
YAYLA,BIST ANKARA,2026-08-08
YAYLA,BIST TÜM-100,2026-08-08
YAYLA,BIST İNŞAAT,2026-08-08
YAYLA,BIST ANA,2026-08-08
YAYLA,BIST HİZMETLER,2026-08-08
YEOTK,BIST KATILIM 30,2026-08-08
YEOTK,BIST HİZMETLER,2026-08-08
YEOTK,BIST KATILIM TUM,2026-08-08
YEOTK,BIST TÜM,2026-08-08
YEOTK,BIST KATILIM 50,2026-08-08
YEOTK,BIST YILDIZ,2026-08-08
YEOTK,BIST 500,2026-08-08
YEOTK,BIST İSTANBUL,2026-08-08
YEOTK,BIST TÜM-100,2026-08-08
YEOTK,BIST KATILIM 100,2026-08-08
YESIL,BIST MALİ,2026-08-08
YESIL,BIST ANA,2026-08-08
YESIL,BIST TÜM,2026-08-08
YESIL,BIST 500,2026-08-08
YESIL,BIST TÜM-100,2026-08-08
YESIL,BIST HOLDİNG VE YATIRIM,2026-08-08
YESIL,BIST İSTANBUL,2026-08-08
YGGYO,BIST TEMETTU 5 YIL,2026-08-08
YGGYO,BIST YILDIZ,2026-08-08
YGGYO,BIST GAYRİMENKUL YAT. ORT.,2026-08-08
YGGYO,BIST TÜM-100,2026-08-08
YGGYO,BIST MALİ,2026-08-08
YGGYO,BIST 500,2026-08-08
YGGYO,BIST TEMETTU 10 YIL,2026-08-08
YGGYO,BIST TÜM,2026-08-08
YIGIT,BIST SINAİ,2026-08-08
YIGIT,BIST TÜM-100,2026-08-08
YIGIT,BIST TÜM,2026-08-08
YIGIT,BIST ANKARA,2026-08-08
YIGIT,BIST KATILIM TUM,2026-08-08
YIGIT,BIST 500,2026-08-08
YIGIT,"BIST METAL EŞYA, MAKİNA",2026-08-08
YIGIT,BIST KATILIM 100,2026-08-08
YIGIT,BIST ANA,2026-08-08
YKB,BIST 500,2026-08-08
YKB,BIST MALİ,2026-08-08
YKB,BIST 100,2026-08-08
YKB,BIST YILDIZ,2026-08-08
YKB,BIST 30,2026-08-08
YKB,BIST 50,2026-08-08
YKB,BIST SÜRDÜRÜLEBİLİRLİK,2026-08-08
YKB,BIST LİKİT BANKA,2026-08-08
YKB,BIST TÜM,2026-08-08
YKB,BIST SÜRDÜRÜLEBİLİRLİK 25,2026-08-08
YKB,BIST KURUMSAL YÖNETİM,2026-08-08
YKB,BIST BANKA,2026-08-08
YKBNK,BIST 500,2026-08-08
YKBNK,BIST MALİ,2026-08-08
YKBNK,BIST 100,2026-08-08
YKBNK,BIST YILDIZ,2026-08-08
YKBNK,BIST 30,2026-08-08
YKBNK,BIST 50,2026-08-08
YKBNK,BIST SÜRDÜRÜLEBİLİRLİK,2026-08-08
YKBNK,BIST LİKİT BANKA,2026-08-08
YKBNK,BIST TÜM,2026-08-08
YKBNK,BIST SÜRDÜRÜLEBİLİRLİK 25,2026-08-08
YKBNK,BIST KURUMSAL YÖNETİM,2026-08-08
YKBNK,BIST BANKA,2026-08-08
YKSLN,BIST METAL ANA,2026-08-08
YKSLN,BIST 500,2026-08-08
YKSLN,BIST TÜM,2026-08-08
YKSLN,BIST İSTANBUL,2026-08-08
YKSLN,BIST ANA,2026-08-08
YKSLN,BIST KATILIM TUM,2026-08-08
YKSLN,BIST TÜM-100,2026-08-08
YKSLN,BIST SINAİ,2026-08-08
YUNSA,BIST TEMETTU 5 YIL,2026-08-08
YUNSA,BIST TÜM,2026-08-08
YUNSA,BIST SÜRDÜRÜLEBİLİRLİK,2026-08-08
YUNSA,BIST KATILIM TUM,2026-08-08
YUNSA,BIST KATILIM TEMETTU,2026-08-08
YUNSA,BIST TEMETTÜ,2026-08-08
YUNSA,BIST SÜRDÜRÜLEBİLİRLİK KATILIM,2026-08-08
YUNSA,"BIST TEKSTİL, DERİ",2026-08-08
YUNSA,BIST SINAİ,2026-08-08
YUNSA,BIST 500,2026-08-08
YUNSA,BIST KURUMSAL YÖNETİM,2026-08-08
YUNSA,BIST ANA,2026-08-08
YUNSA,BIST TÜM-100,2026-08-08
YUNSA,BIST TEKİRDAĞ,2026-08-08
YYLGD,"BIST GIDA, İÇECEK",2026-08-08
YYLGD,BIST SINAİ,2026-08-08
YYLGD,BIST YILDIZ,2026-08-08
YYLGD,BIST 500,2026-08-08
YYLGD,BIST KURUMSAL YÖNETİM,2026-08-08
YYLGD,BIST TÜM-100,2026-08-08
YYLGD,BIST TÜM,2026-08-08
ZEDUR,BIST ANA,2026-08-08
ZEDUR,BIST TÜM,2026-08-08
ZEDUR,BIST TÜM-100,2026-08-08
ZEDUR,BIST ANKARA,2026-08-08
ZEDUR,BIST ELEKTRİK,2026-08-08
ZEDUR,BIST HİZMETLER,2026-08-08
ZEDUR,BIST KATILIM TUM,2026-08-08
ZERGY,BIST TÜM-100,2026-08-08
ZERGY,BIST KATILIM TUM,2026-08-08
ZERGY,BIST MALİ,2026-08-08
ZERGY,BIST TÜM,2026-08-08
ZERGY,BIST KATILIM 100,2026-08-08
ZERGY,BIST YILDIZ,2026-08-08
ZERGY,BIST HALKA ARZ,2026-08-08
ZERGY,BIST GAYRİMENKUL YAT. ORT.,2026-08-08
ZERGY,BIST 500,2026-08-08
ZGYO,BIST MALİ,2026-08-08
ZGYO,BIST TÜM,2026-08-08
ZGYO,BIST HALKA ARZ,2026-08-08
ZGYO,BIST ANA,2026-08-08
ZGYO,BIST 500,2026-08-08
ZGYO,BIST GAYRİMENKUL YAT. ORT.,2026-08-08
ZGYO,BIST TÜM-100,2026-08-08
ZOREN,BIST BURSA,2026-08-08
ZOREN,BIST 100-30,2026-08-08
ZOREN,BIST TÜM,2026-08-08
ZOREN,BIST SÜRDÜRÜLEBİLİRLİK,2026-08-08
ZOREN,BIST YILDIZ,2026-08-08
ZOREN,BIST HİZMETLER,2026-08-08
ZOREN,BIST ELEKTRİK,2026-08-08
ZOREN,BIST 500,2026-08-08
ZOREN,BIST 100,2026-08-08
ZRGYO,BIST GAYRİMENKUL YAT. ORT.,2026-08-08
ZRGYO,BIST TEMETTÜ,2026-08-08
ZRGYO,BIST YILDIZ,2026-08-08
ZRGYO,BIST TÜM,2026-08-08
ZRGYO,BIST MALİ,2026-08-08
ZRGYO,BIST TÜM-100,2026-08-08
ZRGYO,BIST 500,2026-08-08
