ticker,slug,unvan,durum,pazar,sektor,endeks_sayisi,not
A1CAP/ACP,1303-a1-capital-yatirim-menkul-degerler-a-s,A1 CAPİTAL YATIRIM MENKUL DEĞERLER A.Ş.,OK,KESİN ALIM SATIM PAZARI-NİTELİKLİ YATIRIMCILAR ARASINDA / YILDIZ PAZAR,MALİ KURULUŞLAR / ARACI KURUMLAR,6,
A1YEN,5376-a1-yenilenebilir-enerji-uretim-a-s,A1 YENİLENEBİLİR ENERJİ ÜRETİM A.Ş.,OK,ANA PAZAR,ELEKTRİK GAZ VE SU / ELEKTRİK GAZ VE BUHAR,7,
AAGYO,6216-agaoglu-avrasya-gayrimenkul-yatirim-ortakligi-a-s,AĞAOĞLU AVRASYA GAYRİMENKUL YATIRIM ORTAKLIĞI A.Ş.,OK,YILDIZ PAZAR,MALİ KURULUŞLAR / GAYRİMENKUL YATIRIM ORTAKLIKLARI,8,
ACSEL,1626-aciselsan-acipayam-seluloz-sanayi-ve-ticaret-a-s,ACISELSAN ACIPAYAM SELÜLOZ SANAYİ VE TİCARET A.Ş.,OK,ANA PAZAR,İMALAT / KİMYA İLAÇ PETROL LASTİK VE PLASTİK ÜRÜNLER,8,
ADB/ADBNK,2010-anadolubank-a-s,ANADOLUBANK A.Ş.,ALAN_EKSIK,KESİN ALIM SATIM PAZARI-NİTELİKLİ YATIRIMCILAR ARASINDA,,0,"eksik: sektor, endeksler"
ADEL,832-adel-kalemcilik-ticaret-ve-sanayi-a-s,ADEL KALEMCİLİK TİCARET VE SANAYİ A.Ş.,OK,KESİN ALIM SATIM PAZARI-NİTELİKLİ YATIRIMCILAR ARASINDA / ANA PAZAR,İMALAT / DİĞER İMALAT SANAYİİ,8,
ADESE,1560-adese-gayrimenkul-yatirim-a-s,ADESE GAYRİMENKUL YATIRIM A.Ş.,OK,ANA PAZAR,GAYRİMENKUL FAALİYETLERİ,6,
ADGYO,5867-adra-gayrimenkul-yatirim-ortakligi-a-s,ADRA GAYRİMENKUL YATIRIM ORTAKLIĞI A.Ş.,OK,YILDIZ PAZAR,MALİ KURULUŞLAR / GAYRİMENKUL YATIRIM ORTAKLIKLARI,6,
ADLVY,6148-adil-varlik-yonetim-a-s,ADİL VARLIK YÖNETİM A.Ş.,ALAN_EKSIK,KESİN ALIM SATIM PAZARI-NİTELİKLİ YATIRIMCILAR ARASINDA,,0,"eksik: sektor, endeksler"
AEFES,858-anadolu-efes-biracilik-ve-malt-sanayii-a-s,ANADOLU EFES BİRACILIK VE MALT SANAYİİ A.Ş.,OK,KESİN ALIM SATIM PAZARI-NİTELİKLİ YATIRIMCILAR ARASINDA / YILDIZ PAZAR,"İMALAT / GIDA, İÇECEK VE TÜTÜN",16,
AFB/AKTIF,2212-aktif-yatirim-bankasi-a-s,AKTİF YATIRIM BANKASI A.Ş.,ALAN_EKSIK,KESİN ALIM SATIM PAZARI / KESİN ALIM SATIM PAZARI-NİTELİKLİ YATIRIMCILAR ARASINDA,,0,"eksik: sektor, endeksler"
AFYON,833-afyon-cimento-sanayi-t-a-s,AFYON ÇİMENTO SANAYİ T.A.Ş.,OK,ANA PAZAR,İMALAT / TAŞ VE TOPRAĞA DAYALI,7,
AGESA,2370-agesa-hayat-ve-emeklilik-a-s,AGESA HAYAT VE EMEKLİLİK A.Ş.,OK,YILDIZ PAZAR,MALİ KURULUŞLAR / SİGORTA ŞİRKETLERİ,8,
AGHOL,1131-ag-anadolu-grubu-holding-a-s,AG ANADOLU GRUBU HOLDİNG A.Ş.,OK,KESİN ALIM SATIM PAZARI-NİTELİKLİ YATIRIMCILAR ARASINDA / YILDIZ PAZAR,MALİ KURULUŞLAR / HOLDİNGLER VE YATIRIM ŞİRKETLERİ,13,
AGROT,5899-agrotech-yuksek-teknoloji-ve-yatirim-a-s,AGROTECH YÜKSEK TEKNOLOJİ VE YATIRIM A.Ş.,OK,YILDIZ PAZAR,"TARIM, ORMANCILIK VE BALIKÇILIK / TARIM VE HAYVANCILIK AVCILIK VE İLGİLİ HİZMET FAALİYETLERİ",5,
AGYO,868-atakule-gayrimenkul-yatirim-ortakligi-a-s,ATAKULE GAYRİMENKUL YATIRIM ORTAKLIĞI A.Ş.,OK,ALT PAZAR,MALİ KURULUŞLAR / GAYRİMENKUL YATIRIM ORTAKLIKLARI,4,
AHGAZ,3064-ahlatci-dogal-gaz-dagitim-enerji-ve-yatirim-a-s,AHLATCI DOĞAL GAZ DAĞITIM ENERJİ VE YATIRIM A.Ş.,OK,YILDIZ PAZAR,ELEKTRİK GAZ VE SU / ELEKTRİK GAZ VE BUHAR,9,
AHSGY,6014-ahes-gayrimenkul-yatirim-ortakligi-a-s,AHES GAYRİMENKUL YATIRIM ORTAKLIĞI A.Ş.,OK,ANA PAZAR,MALİ KURULUŞLAR / GAYRİMENKUL YATIRIM ORTAKLIKLARI,8,
AKBNK,2413-akbank-t-a-s,AKBANK T.A.Ş.,OK,YILDIZ PAZAR / KESİN ALIM SATIM PAZARI-NİTELİKLİ YATIRIMCILAR ARASINDA,MALİ KURULUŞLAR / BANKALAR,14,
AKCNS,838-akcansa-cimento-sanayi-ve-ticaret-a-s,AKÇANSA ÇİMENTO SANAYİ VE TİCARET A.Ş.,OK,YILDIZ PAZAR,İMALAT / TAŞ VE TOPRAĞA DAYALI,11,
AKCVR,6131-akademi-cevre-entegre-atik-yonetimi-endustri-a-s,AKADEMİ ÇEVRE ENTEGRE ATIK YÖNETİMİ ENDÜSTRİ A.Ş.,ALAN_EKSIK,KESİN ALIM SATIM PAZARI-NİTELİKLİ YATIRIMCILAR ARASINDA,,0,"eksik: sektor, endeksler"
AKDFA,2377-akdeniz-faktoring-a-s,AKDENİZ FAKTORİNG A.Ş.,ALAN_EKSIK,KESİN ALIM SATIM PAZARI-NİTELİKLİ YATIRIMCILAR ARASINDA,,0,"eksik: sektor, endeksler"
AKENR,834-akenerji-elektrik-uretim-a-s,AKENERJİ ELEKTRİK ÜRETİM A.Ş.,OK,ANA PAZAR,ELEKTRİK GAZ VE SU / ELEKTRİK GAZ VE BUHAR,9,
AKFGY,1545-akfen-gayrimenkul-yatirim-ortakligi-a-s,AKFEN GAYRİMENKUL YATIRIM ORTAKLIĞI A.Ş.,OK,YILDIZ PAZAR,MALİ KURULUŞLAR / GAYRİMENKUL YATIRIM ORTAKLIKLARI,7,
AKFIS,6036-akfen-insaat-turizm-ve-ticaret-a-s,AKFEN İNŞAAT TURİZM VE TİCARET A.Ş.,OK,YILDIZ PAZAR,İNŞAAT VE BAYINDIRLIK / İNŞAAT VE BAYINDIRLIK İŞLERİ,8,
AKFK,2215-ak-finansal-kiralama-a-s,AK FİNANSAL KİRALAMA A.Ş.,ALAN_EKSIK,KESİN ALIM SATIM PAZARI-NİTELİKLİ YATIRIMCILAR ARASINDA,,0,"eksik: sektor, endeksler"
AKFYE,5792-akfen-yenilenebilir-enerji-a-s,AKFEN YENİLENEBİLİR ENERJİ A.Ş.,OK,YILDIZ PAZAR,ELEKTRİK GAZ VE SU / ELEKTRİK GAZ VE BUHAR,9,
AKGRT,841-aksigorta-a-s,AKSİGORTA A.Ş.,OK,YILDIZ PAZAR,MALİ KURULUŞLAR / SİGORTA ŞİRKETLERİ,7,
AKHAN,6188-akhan-un-fabrikasi-ve-tarim-urunleri-gida-sanayi-ticaret-a-s,AKHAN UN FABRİKASI VE TARIM ÜRÜNLERİ GIDA SANAYİ TİCARET A.Ş.,OK,ANA PAZAR,"İMALAT / GIDA, İÇECEK VE TÜTÜN",8,
AKM/AKMEN,2485-ak-yatirim-menkul-degerler-a-s,AK YATIRIM MENKUL DEĞERLER A.Ş.,ALAN_EKSIK,YAPILANDIRILMIŞ ÜRÜNLER VE FON PAZARI / KESİN ALIM SATIM PAZARI-NİTELİKLİ YATIRIMCILAR ARASINDA,,0,"eksik: sektor, endeksler"
AKMGY,1399-akmerkez-gayrimenkul-yatirim-ortakligi-a-s,AKMERKEZ GAYRİMENKUL YATIRIM ORTAKLIĞI A.Ş.,OK,ANA PAZAR,MALİ KURULUŞLAR / GAYRİMENKUL YATIRIM ORTAKLIKLARI,9,
AKSA,840-aksa-akrilik-kimya-sanayii-a-s,AKSA AKRİLİK KİMYA SANAYİİ A.Ş.,OK,YILDIZ PAZAR,İMALAT / KİMYA İLAÇ PETROL LASTİK VE PLASTİK ÜRÜNLER,13,
AKSEN,1505-aksa-enerji-uretim-a-s,AKSA ENERJİ ÜRETİM A.Ş.,OK,YILDIZ PAZAR,ELEKTRİK GAZ VE SU / ELEKTRİK GAZ VE BUHAR,11,
AKSFA,2085-ak-faktoring-a-s,AK FAKTORİNG A.Ş.,ALAN_EKSIK,KESİN ALIM SATIM PAZARI-NİTELİKLİ YATIRIMCILAR ARASINDA,,0,"eksik: sektor, endeksler"
AKSGY,1698-akis-gayrimenkul-yatirim-ortakligi-a-s,AKİŞ GAYRİMENKUL YATIRIM ORTAKLIĞI A.Ş.,OK,YILDIZ PAZAR,MALİ KURULUŞLAR / GAYRİMENKUL YATIRIM ORTAKLIKLARI,10,
AKSUE,842-aksu-enerji-ve-ticaret-a-s,AKSU ENERJİ VE TİCARET A.Ş.,OK,ANA PAZAR,ELEKTRİK GAZ VE SU / ELEKTRİK GAZ VE BUHAR,6,
AKTVK,2203-aktif-bank-sukuk-varlik-kiralama-a-s,AKTİF BANK SUKUK VARLIK KİRALAMA A.Ş.,ALAN_EKSIK,KESİN ALIM SATIM PAZARI-NİTELİKLİ YATIRIMCILAR ARASINDA,,0,"eksik: sektor, endeksler"
AKYHO,1623-akdeniz-yatirim-holding-a-s,AKDENİZ YATIRIM HOLDİNG A.Ş.,OK,ALT PAZAR,MALİ KURULUŞLAR / HOLDİNGLER VE YATIRIM ŞİRKETLERİ,5,
ALARK,846-alarko-holding-a-s,ALARKO HOLDİNG A.Ş.,OK,YILDIZ PAZAR,MALİ KURULUŞLAR / HOLDİNGLER VE YATIRIM ŞİRKETLERİ,13,
ALBRK/ALK,2414-albaraka-turk-katilim-bankasi-a-s,ALBARAKA TÜRK KATILIM BANKASI A.Ş.,OK,YILDIZ PAZAR,MALİ KURULUŞLAR / BANKALAR,11,
ALBTN,6256-albayrak-hazir-beton-sanayi-ve-ticaret-a-s,ALBAYRAK HAZIR BETON SANAYİ VE TİCARET A.Ş.,OK,YILDIZ PAZAR,İMALAT / TAŞ VE TOPRAĞA DAYALI,8,
ALCAR,844-alarko-carrier-sanayi-ve-ticaret-a-s,ALARKO CARRIER SANAYİ VE TİCARET A.Ş.,OK,ANA PAZAR,İMALAT / METAL EŞYA MAKİNE ELEKTRİKLİ CİHAZLAR VE ULAŞIM ARAÇLARI,7,
ALCTL,847-alcatel-lucent-teletas-telekomunikasyon-a-s,ALCATEL LUCENT TELETAŞ TELEKOMÜNİKASYON A.Ş.,OK,ANA PAZAR,TEKNOLOJİ / BİLİŞİM,8,
ALFAS,5675-alfa-solar-enerji-sanayi-ve-ticaret-a-s,ALFA SOLAR ENERJİ SANAYİ VE TİCARET A.Ş.,OK,YILDIZ PAZAR,ELEKTRİK GAZ VE SU / ELEKTRİK GAZ VE BUHAR,8,
ALGYO,845-alarko-gayrimenkul-yatirim-ortakligi-a-s,ALARKO GAYRİMENKUL YATIRIM ORTAKLIĞI A.Ş.,OK,YILDIZ PAZAR,MALİ KURULUŞLAR / GAYRİMENKUL YATIRIM ORTAKLIKLARI,6,
ALJF,2378-alj-finansman-a-s,ALJ FİNANSMAN A.Ş.,ALAN_EKSIK,KESİN ALIM SATIM PAZARI-NİTELİKLİ YATIRIMCILAR ARASINDA,,0,"eksik: sektor, endeksler"
ALKA,850-alkim-kagit-sanayi-ve-ticaret-a-s,ALKİM KAĞIT SANAYİ VE TİCARET A.Ş.,OK,ANA PAZAR,İMALAT / KAĞIT VE KAĞIT ÜRÜNLERİ BASIM,8,
ALKIM,849-alkim-alkali-kimya-a-s,ALKİM ALKALİ KİMYA A.Ş.,OK,ANA PAZAR,İMALAT / KİMYA İLAÇ PETROL LASTİK VE PLASTİK ÜRÜNLER,7,
ALKLC,5966-altinkilic-gida-ve-sut-sanayi-ticaret-a-s,ALTINKILIÇ GIDA VE SÜT SANAYİ TİCARET A.Ş.,OK,ANA PAZAR / KESİN ALIM SATIM PAZARI-NİTELİKLİ YATIRIMCILAR ARASINDA,"İMALAT / GIDA, İÇECEK VE TÜTÜN",10,
ALNUS/ANC,1327-alnus-yatirim-menkul-degerler-a-s,ALNUS YATIRIM MENKUL DEĞERLER A.Ş.,ALAN_EKSIK,KESİN ALIM SATIM PAZARI-NİTELİKLİ YATIRIMCILAR ARASINDA,,0,"eksik: sektor, endeksler"
ALTNY,5955-altinay-savunma-teknolojileri-a-s,ALTINAY SAVUNMA TEKNOLOJİLERİ A.Ş.,OK,YILDIZ PAZAR,TEKNOLOJİ / SAVUNMA,11,
ALVES,5935-alves-kablo-sanayi-ve-ticaret-a-s,ALVES KABLO SANAYİ VE TİCARET A.Ş.,OK,KESİN ALIM SATIM PAZARI-NİTELİKLİ YATIRIMCILAR ARASINDA / ANA PAZAR,İMALAT / METAL EŞYA MAKİNE ELEKTRİKLİ CİHAZLAR VE ULAŞIM ARAÇLARI,9,
ANELE,1475-anel-elektrik-proje-taahhut-ve-ticaret-a-s,ANEL ELEKTRİK PROJE TAAHHÜT VE TİCARET A.Ş.,OK,ANA PAZAR,İNŞAAT VE BAYINDIRLIK / İNŞAAT VE BAYINDIRLIK İŞLERİ,7,
ANGEN,5424-anatolia-tani-ve-biyoteknoloji-urunleri-arastirma-gelistirme-sanayi-ve-ticaret-a-s,ANATOLİA TANI VE BİYOTEKNOLOJİ ÜRÜNLERİ ARAŞTIRMA GELİŞTİRME SANAYİ VE TİCARET A.Ş.,OK,ANA PAZAR,İMALAT / KİMYA İLAÇ PETROL LASTİK VE PLASTİK ÜRÜNLER,9,
ANHYT,860-anadolu-hayat-emeklilik-a-s,ANADOLU HAYAT EMEKLİLİK A.Ş.,OK,YILDIZ PAZAR,MALİ KURULUŞLAR / SİGORTA ŞİRKETLERİ,11,
ANSGR,856-anadolu-anonim-turk-sigorta-sirketi,ANADOLU ANONİM TÜRK SİGORTA ŞİRKETİ,OK,YILDIZ PAZAR,MALİ KURULUŞLAR / SİGORTA ŞİRKETLERİ,9,
ARASE,5457-dogu-aras-enerji-yatirimlari-a-s,DOĞU ARAS ENERJİ YATIRIMLARI A.Ş.,OK,YILDIZ PAZAR,ELEKTRİK GAZ VE SU / ELEKTRİK GAZ VE BUHAR,9,
ARCLK,863-arcelik-a-s,ARÇELİK A.Ş.,OK,YILDIZ PAZAR / KESİN ALIM SATIM PAZARI-NİTELİKLİ YATIRIMCILAR ARASINDA,İMALAT / METAL EŞYA MAKİNE ELEKTRİKLİ CİHAZLAR VE ULAŞIM ARAÇLARI,10,
ARDYZ,4967-ard-grup-bilisim-teknolojileri-a-s,ARD GRUP BİLİŞİM TEKNOLOJİLERİ A.Ş.,OK,YILDIZ PAZAR,TEKNOLOJİ / BİLİŞİM,12,
ARENA,864-arena-bilgisayar-sanayi-ve-ticaret-a-s,ARENA BİLGİSAYAR SANAYİ VE TİCARET A.Ş.,OK,ANA PAZAR,TEKNOLOJİ / BİLİŞİM,8,
ARFYE,6170-arf-bio-yenilenebilir-enerji-uretim-a-s,ARF BİO YENİLENEBİLİR ENERJİ ÜRETİM A.Ş.,OK,ANA PAZAR,ELEKTRİK GAZ VE SU / ELEKTRİK GAZ VE BUHAR,9,
ARMGD,6049-armada-gida-ticaret-sanayi-a-s,ARMADA GIDA TİCARET SANAYİ A.Ş.,OK,YILDIZ PAZAR,"İMALAT / GIDA, İÇECEK VE TÜTÜN",7,
ARSAN,865-arsan-holding-a-s,ARSAN HOLDİNG A.Ş.,OK,ANA PAZAR,MALİ KURULUŞLAR / HOLDİNGLER VE YATIRIM ŞİRKETLERİ,7,
ARSVY,4876-arsan-varlik-yonetim-a-s,ARSAN VARLIK YÖNETİM A.Ş.,ALAN_EKSIK,KESİN ALIM SATIM PAZARI-NİTELİKLİ YATIRIMCILAR ARASINDA,,0,"eksik: sektor, endeksler"
ARTMS,5936-artemis-hali-a-s,ARTEMİS HALI A.Ş.,OK,ANA PAZAR,"İMALAT / TEKSTİL, GİYİM EŞYASI VE DERİ",7,
ARZUM,2087-arzum-elektrikli-ev-aletleri-sanayi-ve-ticaret-a-s,ARZUM ELEKTRİKLİ EV ALETLERİ SANAYİ VE TİCARET A.Ş.,OK,ANA PAZAR / KESİN ALIM SATIM PAZARI-NİTELİKLİ YATIRIMCILAR ARASINDA,TOPTAN VE PERAKENDE TİCARET / TOPTAN TİCARET,9,
ASELS,866-aselsan-elektronik-sanayi-ve-ticaret-a-s,ASELSAN ELEKTRONİK SANAYİ VE TİCARET A.Ş.,OK,YILDIZ PAZAR,TEKNOLOJİ / SAVUNMA,21,
ASGYO,4687-asce-gayrimenkul-yatirim-ortakligi-a-s,ASCE GAYRİMENKUL YATIRIM ORTAKLIĞI A.Ş.,OK,YILDIZ PAZAR,MALİ KURULUŞLAR / GAYRİMENKUL YATIRIM ORTAKLIKLARI,6,
ASTOR,4680-astor-enerji-a-s,ASTOR ENERJİ A.Ş.,OK,YILDIZ PAZAR,İMALAT / METAL EŞYA MAKİNE ELEKTRİKLİ CİHAZLAR VE ULAŞIM ARAÇLARI,12,
ASUZU,861-anadolu-isuzu-otomotiv-sanayi-ve-ticaret-a-s,ANADOLU ISUZU OTOMOTİV SANAYİ VE TİCARET A.Ş.,OK,YILDIZ PAZAR,İMALAT / METAL EŞYA MAKİNE ELEKTRİKLİ CİHAZLAR VE ULAŞIM ARAÇLARI,10,
ATA/ATAYM,1268-ata-yatirim-menkul-kiymetler-a-s,ATA YATIRIM MENKUL KIYMETLER A.Ş.,ALAN_EKSIK,KESİN ALIM SATIM PAZARI-NİTELİKLİ YATIRIMCILAR ARASINDA,,0,"eksik: sektor, endeksler"
ATAGY,867-ata-gayrimenkul-yatirim-ortakligi-a-s,ATA GAYRİMENKUL YATIRIM ORTAKLIĞI A.Ş.,OK,ALT PAZAR,MALİ KURULUŞLAR / GAYRİMENKUL YATIRIM ORTAKLIKLARI,4,
ATAKP,5841-atakey-patates-gida-sanayi-ve-ticaret-a-s,ATAKEY PATATES GIDA SANAYİ VE TİCARET A.Ş.,OK,YILDIZ PAZAR,"İMALAT / GIDA, İÇECEK VE TÜTÜN",8,
ATATP,5348-atp-yazilim-ve-teknoloji-a-s,ATP YAZILIM VE TEKNOLOJİ A.Ş.,OK,YILDIZ PAZAR,TEKNOLOJİ / BİLİŞİM,11,
ATATR,6194-ata-turizm-isletmecilik-tasimacilik-madencilik-kuyumculuk-sanayi-ve-dis-ticaret-a-s,ATA TURİZM İŞLETMECİLİK TAŞIMACILIK MADENCİLİK KUYUMCULUK SANAYİ VE DIŞ TİCARET A.Ş.,OK,YILDIZ PAZAR,OTELLER VE LOKANTALAR / KONAKLAMA,8,
ATAVK,6073-ata-varlik-kiralama-a-s,ATA VARLIK KİRALAMA A.Ş.,ALAN_EKSIK,KESİN ALIM SATIM PAZARI-NİTELİKLİ YATIRIMCILAR ARASINDA,,0,"eksik: sektor, endeksler"
ATEKS,839-akin-tekstil-a-s,AKIN TEKSTİL A.Ş.,ALAN_EKSIK,YAKIN İZLEME PAZARI,"İMALAT / TEKSTİL, GİYİM EŞYASI VE DERİ",0,eksik: endeksler
ATLAS,870-atlas-menkul-kiymetler-yatirim-ortakligi-a-s,ATLAS MENKUL KIYMETLER YATIRIM ORTAKLIĞI A.Ş.,OK,ALT PAZAR,MALİ KURULUŞLAR / MENKUL KIYMET YATIRIM ORTAKLIKLARI,1,
ATLFA,2088-atilim-faktoring-a-s,ATILIM FAKTORİNG A.Ş.,ALAN_EKSIK,KESİN ALIM SATIM PAZARI-NİTELİKLİ YATIRIMCILAR ARASINDA,,0,"eksik: sektor, endeksler"
ATSYH,869-atlantis-yatirim-holding-a-s,ATLANTİS YATIRIM HOLDİNG A.Ş.,ALAN_EKSIK,YAKIN İZLEME PAZARI,MALİ KURULUŞLAR / HOLDİNGLER VE YATIRIM ŞİRKETLERİ,0,eksik: endeksler
AVGYO,871-avrasya-gayrimenkul-yatirim-ortakligi-a-s,AVRASYA GAYRİMENKUL YATIRIM ORTAKLIĞI A.Ş.,OK,ANA PAZAR,MALİ KURULUŞLAR / GAYRİMENKUL YATIRIM ORTAKLIKLARI,7,
AVHOL,1691-avrupa-yatirim-holding-a-s,AVRUPA YATIRIM HOLDİNG A.Ş.,OK,ANA PAZAR,MALİ KURULUŞLAR / HOLDİNGLER VE YATIRIM ŞİRKETLERİ,7,
AVOD,1564-a-v-o-d-kurutulmus-gida-ve-tarim-urunleri-sanayi-ticaret-a-s,A.V.O.D. KURUTULMUŞ GIDA VE TARIM ÜRÜNLERİ SANAYİ TİCARET A.Ş.,OK,ANA PAZAR,"İMALAT / GIDA, İÇECEK VE TÜTÜN",7,
AVPGY,5912-avrupakent-gayrimenkul-yatirim-ortakligi-a-s,AVRUPAKENT GAYRİMENKUL YATIRIM ORTAKLIĞI A.Ş.,OK,YILDIZ PAZAR,MALİ KURULUŞLAR / GAYRİMENKUL YATIRIM ORTAKLIKLARI,9,
AVTUR,1454-avrasya-petrol-ve-turistik-tesisler-yatirimlar-a-s,AVRASYA PETROL VE TURİSTİK TESİSLER YATIRIMLAR A.Ş.,OK,ALT PAZAR,OTELLER VE LOKANTALAR / KONAKLAMA,6,
AYCES,855-altin-yunus-cesme-turistik-tesisler-a-s,ALTIN YUNUS ÇEŞME TURİSTİK TESİSLER A.Ş.,OK,ANA PAZAR,OTELLER VE LOKANTALAR / KONAKLAMA,8,
AYDEM,5317-aydem-yenilenebilir-enerji-a-s,AYDEM YENİLENEBİLİR ENERJİ A.Ş.,OK,YILDIZ PAZAR,ELEKTRİK GAZ VE SU / ELEKTRİK GAZ VE BUHAR,9,
AYEN,872-ayen-enerji-a-s,AYEN ENERJİ A.Ş.,OK,ANA PAZAR,ELEKTRİK GAZ VE SU / ELEKTRİK GAZ VE BUHAR,10,
AYES,1584-ayes-celik-hasir-ve-cit-sanayi-a-s,AYES ÇELİK HASIR VE ÇİT SANAYİ A.Ş.,ALAN_EKSIK,PİYASA ÖNCESİ İŞLEM PLATFORMU,İMALAT / ANA METAL SANAYİ,0,eksik: endeksler
AYGAZ,873-aygaz-a-s,AYGAZ A.Ş.,OK,YILDIZ PAZAR,İMALAT / KİMYA İLAÇ PETROL LASTİK VE PLASTİK ÜRÜNLER,12,
AZTEK,5649-aztek-teknoloji-urunleri-ticaret-a-s,AZTEK TEKNOLOJİ ÜRÜNLERİ TİCARET A.Ş.,OK,ANA PAZAR / KESİN ALIM SATIM PAZARI-NİTELİKLİ YATIRIMCILAR ARASINDA,TEKNOLOJİ / BİLİŞİM,7,
BAGFS,874-bagfas-bandirma-gubre-fabrikalari-a-s,BAGFAŞ BANDIRMA GÜBRE FABRİKALARI A.Ş.,OK,ANA PAZAR,İMALAT / KİMYA İLAÇ PETROL LASTİK VE PLASTİK ÜRÜNLER,7,
BAHKM,6005-bahadir-kimya-sanayi-ve-ticaret-a-s,BAHADIR KİMYA SANAYİ VE TİCARET A.Ş.,OK,ANA PAZAR,İMALAT / KİMYA İLAÇ PETROL LASTİK VE PLASTİK ÜRÜNLER,9,
BAKAB,875-bak-ambalaj-sanayi-ve-ticaret-a-s,BAK AMBALAJ SANAYİ VE TİCARET A.Ş.,OK,ANA PAZAR,İMALAT / KAĞIT VE KAĞIT ÜRÜNLERİ BASIM,7,
BALAT,1627-balatacilar-balatacilik-sanayi-ve-ticaret-a-s,BALATACILAR BALATACILIK SANAYİ VE TİCARET A.Ş.,ALAN_EKSIK,PİYASA ÖNCESİ İŞLEM PLATFORMU,İMALAT / METAL EŞYA MAKİNE ELEKTRİKLİ CİHAZLAR VE ULAŞIM ARAÇLARI,0,eksik: endeksler
BALSU,5614-balsu-gida-sanayi-ve-ticaret-a-s,BALSU GIDA SANAYİ VE TİCARET A.Ş.,OK,YILDIZ PAZAR,"İMALAT / GIDA, İÇECEK VE TÜTÜN",8,
BANVT,876-banvit-bandirma-vitaminli-yem-sanayi-a-s,BANVİT BANDIRMA VİTAMİNLİ YEM SANAYİ A.Ş.,OK,ANA PAZAR,"İMALAT / GIDA, İÇECEK VE TÜTÜN",7,
BARMA,5567-barem-ambalaj-sanayi-ve-ticaret-a-s,BAREM AMBALAJ SANAYİ VE TİCARET A.Ş.,ALAN_EKSIK,YAKIN İZLEME PAZARI,İMALAT / KAĞIT VE KAĞIT ÜRÜNLERİ BASIM,0,eksik: endeksler
BASCM,1582-bastas-baskent-cimento-sanayi-ve-ticaret-a-s,BAŞTAŞ BAŞKENT ÇİMENTO SANAYİ VE TİCARET A.Ş.,ALAN_EKSIK,PİYASA ÖNCESİ İŞLEM PLATFORMU,İMALAT / TAŞ VE TOPRAĞA DAYALI,0,eksik: endeksler
BASGZ,2840-baskent-dogalgaz-dagitim-gayrimenkul-yatirim-ortakligi-a-s,BAŞKENT DOĞALGAZ DAĞITIM GAYRİMENKUL YATIRIM ORTAKLIĞI A.Ş.,OK,YILDIZ PAZAR,MALİ KURULUŞLAR / GAYRİMENKUL YATIRIM ORTAKLIKLARI,9,
BAYRK,5054-bayrak-ebt-taban-sanayi-ve-ticaret-a-s,BAYRAK EBT TABAN SANAYİ VE TİCARET A.Ş.,OK,ANA PAZAR,İMALAT / KİMYA İLAÇ PETROL LASTİK VE PLASTİK ÜRÜNLER,8,
BEGYO,5906-bati-ege-gayrimenkul-yatirim-ortakligi-a-s,BATI EGE GAYRİMENKUL YATIRIM ORTAKLIĞI A.Ş.,OK,ANA PAZAR,MALİ KURULUŞLAR / GAYRİMENKUL YATIRIM ORTAKLIKLARI,8,
BERA,1693-bera-holding-a-s,BERA HOLDİNG A.Ş.,OK,YILDIZ PAZAR,MALİ KURULUŞLAR / HOLDİNGLER VE YATIRIM ŞİRKETLERİ,11,
BESLR,1002-besler-gida-ve-kimya-sanayi-ve-ticaret-a-s,BESLER GIDA VE KİMYA SANAYİ VE TİCARET A.Ş.,OK,YILDIZ PAZAR,"İMALAT / GIDA, İÇECEK VE TÜTÜN",8,
BESTE,6190-best-brands-grup-enerji-yatirim-a-s,BEST BRANDS GRUP ENERJİ YATIRIM A.Ş.,OK,ANA PAZAR,ELEKTRİK GAZ VE SU / ELEKTRİK GAZ VE BUHAR,9,
BETAE,5345-beta-enerji-ve-teknoloji-a-s,BETA ENERJİ VE TEKNOLOJİ A.Ş.,OK,YILDIZ PAZAR,İMALAT / METAL EŞYA MAKİNE ELEKTRİKLİ CİHAZLAR VE ULAŞIM ARAÇLARI,8,
BEYAZ,1518-beyaz-filo-oto-kiralama-a-s,BEYAZ FİLO OTO KİRALAMA A.Ş.,OK,KESİN ALIM SATIM PAZARI-NİTELİKLİ YATIRIMCILAR ARASINDA / ANA PAZAR,ULAŞTIRMA VE DEPOLAMA,8,
BFREN,888-bosch-fren-sistemleri-sanayi-ve-ticaret-a-s,BOSCH FREN SİSTEMLERİ SANAYİ VE TİCARET A.Ş.,OK,YILDIZ PAZAR,İMALAT / METAL EŞYA MAKİNE ELEKTRİKLİ CİHAZLAR VE ULAŞIM ARAÇLARI,7,
BIENY,2952-bien-yapi-urunleri-sanayi-turizm-ve-ticaret-a-s,BİEN YAPI ÜRÜNLERİ SANAYİ TURİZM VE TİCARET A.Ş.,OK,KESİN ALIM SATIM PAZARI-NİTELİKLİ YATIRIMCILAR ARASINDA / YILDIZ PAZAR,İMALAT / TAŞ VE TOPRAĞA DAYALI,8,
BIGCH,5819-buyuk-sefler-gida-turizm-tekstil-danismanlik-organizasyon-egitim-sanayi-ve-ticaret-a-s,BÜYÜK ŞEFLER GIDA TURİZM TEKSTİL DANIŞMANLIK ORGANİZASYON EĞİTİM SANAYİ VE TİCARET A.Ş.,OK,ANA PAZAR,OTELLER VE LOKANTALAR / YİYECEK VE İÇECEK HİZMETLERİ,9,
BIGEN,6059-birlesim-grup-enerji-yatirimlari-a-s,BİRLEŞİM GRUP ENERJİ YATIRIMLARI A.Ş.,OK,YILDIZ PAZAR,ELEKTRİK GAZ VE SU / ELEKTRİK GAZ VE BUHAR,8,
BIGTK,918-big-medya-teknoloji-a-s,BİG MEDYA TEKNOLOJİ A.Ş.,OK,ANA PAZAR,BİLGİ VE İLETİŞİM / YAYIMCILIK,6,
BIMAS,1406-bim-birlesik-magazalar-a-s,BİM BİRLEŞİK MAĞAZALAR A.Ş.,OK,YILDIZ PAZAR,TOPTAN VE PERAKENDE TİCARET / PERAKENDE TİCARET,21,
BINBN,6026-bin-ulasim-ve-akilli-sehir-teknolojileri-a-s,BİN ULAŞIM VE AKILLI ŞEHİR TEKNOLOJİLERİ A.Ş.,OK,YILDIZ PAZAR,TEKNOLOJİ / BİLİŞİM,10,
BINHO,5900-1000-yatirimlar-holding-a-s,1000 YATIRIMLAR HOLDİNG A.Ş.,OK,YILDIZ PAZAR,MALİ KURULUŞLAR / HOLDİNGLER VE YATIRIM ŞİRKETLERİ,10,
BIOEN,5289-biotrend-cevre-ve-enerji-yatirimlari-a-s,BİOTREND ÇEVRE VE ENERJİ YATIRIMLARI A.Ş.,OK,YILDIZ PAZAR,ELEKTRİK GAZ VE SU / ELEKTRİK GAZ VE BUHAR,9,
BIZIM,1536-bizim-toptan-satis-magazalari-a-s,BİZİM TOPTAN SATIŞ MAĞAZALARI A.Ş.,OK,ANA PAZAR,TOPTAN VE PERAKENDE TİCARET / PERAKENDE TİCARET,7,
BJKAS,881-besiktas-futbol-yatirimlari-sanayi-ve-ticaret-a-s,BEŞİKTAŞ FUTBOL YATIRIMLARI SANAYİ VE TİCARET A.Ş.,OK,YILDIZ PAZAR,EĞİTİM SAĞLIK SPOR VE EĞLENCE HİZMETLERİ / SPOR FAALİYETLERİ EĞLENCE VE OYUN FAALİYETLERİ,7,
BLCYT,1544-bilici-yatirim-sanayi-ve-ticaret-a-s,BİLİCİ YATIRIM SANAYİ VE TİCARET A.Ş.,OK,ANA PAZAR,"İMALAT / TEKSTİL, GİYİM EŞYASI VE DERİ",8,
BLKOM,3592-bilkom-bilisim-hizmetleri-a-s,BİLKOM BİLİŞİM HİZMETLERİ A.Ş.,ALAN_EKSIK,KESİN ALIM SATIM PAZARI-NİTELİKLİ YATIRIMCILAR ARASINDA,,0,"eksik: sektor, endeksler"
BLS/BLSMD,1343-bulls-yatirim-menkul-degerler-a-s,BULLS YATIRIM MENKUL DEĞERLER A.Ş.,ALAN_EKSIK,KESİN ALIM SATIM PAZARI-NİTELİKLİ YATIRIMCILAR ARASINDA,,0,"eksik: sektor, endeksler"
BLUME,1032-blume-metal-kimya-a-s,BLUME METAL KİMYA A.Ş.,OK,ANA PAZAR,İMALAT / ANA METAL SANAYİ,7,
BMSCH,5007-bms-celik-hasir-sanayi-ve-ticaret-a-s,BMS ÇELİK HASIR SANAYİ VE TİCARET A.Ş.,OK,ANA PAZAR,İMALAT / ANA METAL SANAYİ,7,
BMSTL,5590-bms-birlesik-metal-sanayi-ve-ticaret-a-s,BMS BİRLEŞİK METAL SANAYİ VE TİCARET A.Ş.,OK,ANA PAZAR,İMALAT / ANA METAL SANAYİ,10,
BNPPI,5822-bnp-paribas-issuance-b-v,BNP PARIBAS ISSUANCE B.V.,ALAN_EKSIK,YAPILANDIRILMIŞ ÜRÜNLER VE FON PAZARI,,0,"eksik: sektor, endeksler"
BNTAS,2468-bantas-bandirma-ambalaj-sanayi-ve-ticaret-a-s,BANTAŞ BANDIRMA AMBALAJ SANAYİ VE TİCARET A.Ş.,OK,ANA PAZAR,İMALAT / METAL EŞYA MAKİNE ELEKTRİKLİ CİHAZLAR VE ULAŞIM ARAÇLARI,7,
BOBET,5320-bogazici-beton-sanayi-ve-ticaret-a-s,BOĞAZİÇİ BETON SANAYİ VE TİCARET A.Ş.,OK,YILDIZ PAZAR,İMALAT / TAŞ VE TOPRAĞA DAYALI,8,
BORLS,5878-borlease-otomotiv-a-s,BORLEASE OTOMOTİV A.Ş.,OK,YILDIZ PAZAR / KESİN ALIM SATIM PAZARI-NİTELİKLİ YATIRIMCILAR ARASINDA / GÖZALTI PAZARI,İDARİ VE DESTEK HİZMET FAALİYETLERİ / KİRALAMA VE LEASING FAALİYETLERİ,6,
BORSK,5929-bor-seker-a-s,BOR ŞEKER A.Ş.,OK,ANA PAZAR,"İMALAT / GIDA, İÇECEK VE TÜTÜN",9,
BOSSA,889-bossa-ticaret-ve-sanayi-isletmeleri-t-a-s,BOSSA TİCARET VE SANAYİ İŞLETMELERİ T.A.Ş.,OK,ANA PAZAR,"İMALAT / TEKSTİL, GİYİM EŞYASI VE DERİ",8,
BRGAN/BUR,2494-burgan-bank-a-s,BURGAN BANK A.Ş.,ALAN_EKSIK,KESİN ALIM SATIM PAZARI-NİTELİKLİ YATIRIMCILAR ARASINDA,,0,"eksik: sektor, endeksler"
BRGFK,2434-burgan-finansal-kiralama-a-s,BURGAN FİNANSAL KİRALAMA A.Ş.,ALAN_EKSIK,KESİN ALIM SATIM PAZARI-NİTELİKLİ YATIRIMCILAR ARASINDA,,0,"eksik: sektor, endeksler"
BRISA,891-brisa-bridgestone-sabanci-lastik-sanayi-ve-ticaret-a-s,BRİSA BRİDGESTONE SABANCI LASTİK SANAYİ VE TİCARET A.Ş.,OK,YILDIZ PAZAR / KESİN ALIM SATIM PAZARI-NİTELİKLİ YATIRIMCILAR ARASINDA,İMALAT / KİMYA İLAÇ PETROL LASTİK VE PLASTİK ÜRÜNLER,11,
BRKO,1493-birko-birlesik-koyunlulular-mensucat-ticaret-ve-sanayi-a-s,BİRKO BİRLEŞİK KOYUNLULULAR MENSUCAT TİCARET VE SANAYİ A.Ş.,ALAN_EKSIK,YAKIN İZLEME PAZARI,"İMALAT / TEKSTİL, GİYİM EŞYASI VE DERİ",0,eksik: endeksler
BRKSN,1537-berkosan-yalitim-ve-tecrit-maddeleri-uretim-ve-ticaret-a-s,BERKOSAN YALITIM VE TECRİT MADDELERİ ÜRETİM VE TİCARET A.Ş.,OK,ALT PAZAR,İMALAT / KİMYA İLAÇ PETROL LASTİK VE PLASTİK ÜRÜNLER,7,
BRKT,2278-bereket-varlik-kiralama-a-s,BEREKET VARLIK KİRALAMA A.Ş.,ALAN_EKSIK,KESİN ALIM SATIM PAZARI-NİTELİKLİ YATIRIMCILAR ARASINDA,,0,"eksik: sektor, endeksler"
BRKVY,4623-birikim-varlik-yonetim-a-s,BİRİKİM VARLIK YÖNETİM A.Ş.,OK,ANA PAZAR / KESİN ALIM SATIM PAZARI-NİTELİKLİ YATIRIMCILAR ARASINDA,MALİ KURULUŞLAR / VARLIK YÖNETİM ŞİRKETLERİ,6,
BRLSM,5391-birlesim-muhendislik-isitma-sogutma-havalandirma-sanayi-ve-ticaret-a-s,BİRLEŞİM MÜHENDİSLİK ISITMA SOĞUTMA HAVALANDIRMA SANAYİ VE TİCARET A.Ş.,OK,ANA PAZAR,İNŞAAT VE BAYINDIRLIK / İNŞAAT VE BAYINDIRLIK İŞLERİ,8,
BRMEN,882-birlik-mensucat-ticaret-ve-sanayi-isletmesi-a-s,BİRLİK MENSUCAT TİCARET VE SANAYİ İŞLETMESİ A.Ş.,ALAN_EKSIK,YAKIN İZLEME PAZARI,"İMALAT / TEKSTİL, GİYİM EŞYASI VE DERİ",0,eksik: endeksler
BRSAN,886-borusan-birlesik-boru-fabrikalari-sanayi-ve-ticaret-a-s,BORUSAN BİRLEŞİK BORU FABRİKALARI SANAYİ VE TİCARET A.Ş.,OK,YILDIZ PAZAR,İMALAT / ANA METAL SANAYİ,9,
BRYAT,887-borusan-yatirim-ve-pazarlama-a-s,BORUSAN YATIRIM VE PAZARLAMA A.Ş.,OK,YILDIZ PAZAR,MALİ KURULUŞLAR / HOLDİNGLER VE YATIRIM ŞİRKETLERİ,12,
BSOKE,878-baticim-cimento-sanayi-a-s,BATIÇİM ÇİMENTO SANAYİ A.Ş.,OK,YILDIZ PAZAR,İMALAT / TAŞ VE TOPRAĞA DAYALI,15,
BTCIM,877-baticim-bati-anadolu-sanayi-ve-ticaret-a-s,BATIÇİM BATI ANADOLU SANAYİ VE TİCARET A.Ş.,OK,YILDIZ PAZAR,İMALAT / TAŞ VE TOPRAĞA DAYALI,11,
BUCIM,895-bursa-cimento-fabrikasi-a-s,BURSA ÇİMENTO FABRİKASI A.Ş.,OK,YILDIZ PAZAR,İMALAT / TAŞ VE TOPRAĞA DAYALI,8,
BULGS,5458-bulls-girisim-sermayesi-yatirim-ortakligi-a-s,BULLS GİRİŞİM SERMAYESİ YATIRIM ORTAKLIĞI A.Ş.,OK,ANA PAZAR,MALİ KURULUŞLAR / GİRİŞİM SERMAYESİ YATIRIM ORTAKLIKLARI,7,
BURCE,894-burcelik-bursa-celik-dokum-sanayii-a-s,BURÇELİK BURSA ÇELİK DÖKÜM SANAYİİ A.Ş.,OK,ANA PAZAR,İMALAT / ANA METAL SANAYİ,9,
BURVA,1388-burcelik-vana-sanayi-ve-ticaret-a-s,BURÇELİK VANA SANAYİ VE TİCARET A.Ş.,OK,ALT PAZAR,İMALAT / ANA METAL SANAYİ,7,
BVSAN,5769-bulbuloglu-vinc-sanayi-ve-ticaret-a-s,BÜLBÜLOĞLU VİNÇ SANAYİ VE TİCARET A.Ş.,OK,ANA PAZAR,İMALAT / METAL EŞYA MAKİNE ELEKTRİKLİ CİHAZLAR VE ULAŞIM ARAÇLARI,8,
BYDNR,5853-baydoner-restoranlari-a-s,BAYDÖNER RESTORANLARI A.Ş.,OK,ANA PAZAR,OTELLER VE LOKANTALAR / YİYECEK VE İÇECEK HİZMETLERİ,8,
CAGFA,2150-cagdas-faktoring-a-s,ÇAĞDAŞ FAKTORİNG A.Ş.,ALAN_EKSIK,KESİN ALIM SATIM PAZARI-NİTELİKLİ YATIRIMCILAR ARASINDA,,0,"eksik: sektor, endeksler"
CANTE,5284-can2-termik-a-s,ÇAN2 TERMİK A.Ş.,OK,YILDIZ PAZAR,ELEKTRİK GAZ VE SU / ELEKTRİK GAZ VE BUHAR,13,
CASA,1679-casa-emtia-petrol-kimyevi-ve-turevleri-sanayi-ve-ticaret-a-s,CASA EMTİA PETROL KİMYEVİ VE TÜREVLERİ SANAYİ VE TİCARET A.Ş.,ALAN_EKSIK,YAKIN İZLEME PAZARI,TOPTAN VE PERAKENDE TİCARET / PERAKENDE TİCARET,0,eksik: endeksler
CATES,5905-cates-elektrik-uretim-a-s,ÇATES ELEKTRİK ÜRETİM A.Ş.,OK,ANA PAZAR,ELEKTRİK GAZ VE SU / ELEKTRİK GAZ VE BUHAR,8,
CCOLA,1424-coca-cola-icecek-a-s,COCA-COLA İÇECEK A.Ş.,OK,YILDIZ PAZAR / KESİN ALIM SATIM PAZARI-NİTELİKLİ YATIRIMCILAR ARASINDA,"İMALAT / GIDA, İÇECEK VE TÜTÜN",15,
CELHA,904-celik-halat-ve-tel-sanayii-a-s,ÇELİK HALAT VE TEL SANAYİİ A.Ş.,OK,ANA PAZAR,İMALAT / ANA METAL SANAYİ,8,
CEMAS,1510-cemas-dokum-sanayi-a-s,ÇEMAŞ DÖKÜM SANAYİ A.Ş.,OK,ANA PAZAR,İMALAT / ANA METAL SANAYİ,6,
CEMTS,905-cemtas-celik-makina-sanayi-ve-ticaret-a-s,ÇEMTAŞ ÇELİK MAKİNA SANAYİ VE TİCARET A.Ş.,OK,ANA PAZAR,İMALAT / ANA METAL SANAYİ,11,
CEMZY,6019-cem-zeytin-a-s,CEM ZEYTİN A.Ş.,OK,YILDIZ PAZAR,"İMALAT / GIDA, İÇECEK VE TÜTÜN",10,
CEOEM,4856-ceo-event-medya-a-s,CEO EVENT MEDYA A.Ş.,OK,ANA PAZAR,"İDARİ VE DESTEK HİZMET FAALİYETLERİ / BÜRO YÖNETİMİ, BÜRO DESTEĞİ VE DİĞER ŞİRKET DESTEK FAALİYETLERİ",6,
CGCAM,6045-cagdas-cam-sanayi-ve-ticaret-a-s,ÇAĞDAŞ CAM SANAYİ VE TİCARET A.Ş.,OK,YILDIZ PAZAR,İMALAT / TAŞ VE TOPRAĞA DAYALI,8,
CIMSA,908-cimsa-cimento-sanayi-ve-ticaret-a-s,ÇİMSA ÇİMENTO SANAYİ VE TİCARET A.Ş.,OK,YILDIZ PAZAR,İMALAT / TAŞ VE TOPRAĞA DAYALI,18,
CLEBI,903-celebi-hava-servisi-a-s,ÇELEBİ HAVA SERVİSİ A.Ş.,OK,YILDIZ PAZAR,ULAŞTIRMA VE DEPOLAMA,8,
CLKMT,2106-celik-motor-ticaret-a-s,ÇELİK MOTOR TİCARET A.Ş.,ALAN_EKSIK,KESİN ALIM SATIM PAZARI-NİTELİKLİ YATIRIMCILAR ARASINDA,,0,"eksik: sektor, endeksler"
CMBTN,906-cimbeton-hazirbeton-ve-prefabrik-yapi-elemanlari-sanayi-ve-ticaret-a-s,ÇİMBETON HAZIRBETON VE PREFABRİK YAPI ELEMANLARI SANAYİ VE TİCARET A.Ş.,OK,ANA PAZAR,İMALAT / TAŞ VE TOPRAĞA DAYALI,8,
CMENT,907-cimentas-izmir-cimento-fabrikasi-t-a-s,ÇİMENTAŞ İZMİR ÇİMENTO FABRİKASI T.A.Ş.,ALAN_EKSIK,PİYASA ÖNCESİ İŞLEM PLATFORMU,İMALAT / TAŞ VE TOPRAĞA DAYALI,0,eksik: endeksler
CMSAN,6165-camsan-entegre-agac-sanayi-ve-ticaret-a-s,ÇAMSAN ENTEGRE AĞAÇ SANAYİ VE TİCARET A.Ş.,ALAN_EKSIK,KESİN ALIM SATIM PAZARI-NİTELİKLİ YATIRIMCILAR ARASINDA,,0,"eksik: sektor, endeksler"
CONSE,5582-consus-enerji-isletmeciligi-ve-hizmetleri-a-s,CONSUS ENERJİ İŞLETMECİLİĞİ VE HİZMETLERİ A.Ş.,OK,ANA PAZAR,ELEKTRİK GAZ VE SU / ELEKTRİK GAZ VE BUHAR,9,
COSMO,893-cosmos-yatirim-holding-a-s,COSMOS YATIRIM HOLDİNG A.Ş.,OK,ALT PAZAR,MALİ KURULUŞLAR / HOLDİNGLER VE YATIRIM ŞİRKETLERİ,6,
CRDFA,1097-creditwest-faktoring-a-s,CREDITWEST FAKTORİNG A.Ş.,OK,ALT PAZAR / KESİN ALIM SATIM PAZARI-NİTELİKLİ YATIRIMCILAR ARASINDA,MALİ KURULUŞLAR / FİNANSAL KİRALAMA VE FAKTORİNG ŞİRKETLERİ,5,
CRFSA,1440-carrefoursa-carrefour-sabanci-ticaret-merkezi-a-s,CARREFOURSA CARREFOUR SABANCI TİCARET MERKEZİ A.Ş.,OK,KESİN ALIM SATIM PAZARI-NİTELİKLİ YATIRIMCILAR ARASINDA / ANA PAZAR,TOPTAN VE PERAKENDE TİCARET / PERAKENDE TİCARET,7,
CUSAN,2592-cuhadaroglu-metal-sanayi-ve-pazarlama-a-s,ÇUHADAROĞLU METAL SANAYİ VE PAZARLAMA A.Ş.,OK,ANA PAZAR,İMALAT / ANA METAL SANAYİ,6,
CVKMD,5807-cvk-maden-isletmeleri-sanayi-ve-ticaret-a-s,CVK MADEN İŞLETMELERİ SANAYİ VE TİCARET A.Ş.,OK,YILDIZ PAZAR,MADENCİLİK VE TAŞ OCAKÇILIĞI / METAL CEVHERİ MADENCİLİĞİ,12,
CWENE,5033-cw-enerji-muhendislik-ticaret-ve-sanayi-a-s,CW ENERJİ MÜHENDİSLİK TİCARET VE SANAYİ A.Ş.,OK,YILDIZ PAZAR,ELEKTRİK GAZ VE SU / ELEKTRİK GAZ VE BUHAR,12,
DAGI,1546-dagi-giyim-sanayi-ve-ticaret-a-s,DAGİ GİYİM SANAYİ VE TİCARET A.Ş.,OK,ANA PAZAR,"İMALAT / TEKSTİL, GİYİM EŞYASI VE DERİ",8,
DAPGM,5532-dap-gayrimenkul-gelistirme-a-s,DAP GAYRİMENKUL GELİŞTİRME A.Ş.,OK,YILDIZ PAZAR,İNŞAAT VE BAYINDIRLIK / İNŞAAT VE BAYINDIRLIK İŞLERİ,12,
DARDL,910-dardanel-onentas-gida-sanayi-a-s,DARDANEL ÖNENTAŞ GIDA SANAYİ A.Ş.,OK,ANA PAZAR / KESİN ALIM SATIM PAZARI-NİTELİKLİ YATIRIMCILAR ARASINDA,"İMALAT / GIDA, İÇECEK VE TÜTÜN",7,
DCTTR,5997-dct-trading-dis-ticaret-a-s,DCT TRADİNG DIŞ TİCARET A.Ş.,OK,ANA PAZAR,TOPTAN VE PERAKENDE TİCARET / TOPTAN TİCARET,10,
DENFA,2160-deniz-faktoring-a-s,DENİZ FAKTORİNG A.Ş.,ALAN_EKSIK,KESİN ALIM SATIM PAZARI-NİTELİKLİ YATIRIMCILAR ARASINDA,,0,"eksik: sektor, endeksler"
DENGE,1678-denge-yatirim-holding-a-s,DENGE YATIRIM HOLDİNG A.Ş.,OK,ANA PAZAR,MALİ KURULUŞLAR / HOLDİNGLER VE YATIRIM ŞİRKETLERİ,8,
DENVA,4972-denge-varlik-yonetim-a-s,DENGE VARLIK YÖNETİM A.Ş.,ALAN_EKSIK,KESİN ALIM SATIM PAZARI-NİTELİKLİ YATIRIMCILAR ARASINDA,,0,"eksik: sektor, endeksler"
DERHL,4864-derluks-yatirim-holding-a-s,DERLÜKS YATIRIM HOLDİNG A.Ş.,OK,ANA PAZAR / KESİN ALIM SATIM PAZARI-NİTELİKLİ YATIRIMCILAR ARASINDA,MALİ KURULUŞLAR / HOLDİNGLER VE YATIRIM ŞİRKETLERİ,7,
DERIM,915-derimod-konfeksiyon-ayakkabi-deri-sanayi-ve-ticaret-a-s,DERİMOD KONFEKSİYON AYAKKABI DERİ SANAYİ VE TİCARET A.Ş.,OK,ANA PAZAR,"İMALAT / TEKSTİL, GİYİM EŞYASI VE DERİ",6,
DESA,1389-desa-deri-sanayi-ve-ticaret-a-s,DESA DERİ SANAYİ VE TİCARET A.Ş.,OK,ANA PAZAR,"İMALAT / TEKSTİL, GİYİM EŞYASI VE DERİ",6,
DESPC,1529-despec-bilgisayar-pazarlama-ve-ticaret-a-s,DESPEC BİLGİSAYAR PAZARLAMA VE TİCARET A.Ş.,OK,ANA PAZAR,TEKNOLOJİ / BİLİŞİM,7,
DEVA,916-deva-holding-a-s,DEVA HOLDİNG A.Ş.,OK,YILDIZ PAZAR / KESİN ALIM SATIM PAZARI-NİTELİKLİ YATIRIMCILAR ARASINDA,İMALAT / KİMYA İLAÇ PETROL LASTİK VE PLASTİK ÜRÜNLER,7,
DFKTR,3021-doruk-faktoring-a-s,DORUK FAKTORİNG A.Ş.,ALAN_EKSIK,KESİN ALIM SATIM PAZARI-NİTELİKLİ YATIRIMCILAR ARASINDA,,0,"eksik: sektor, endeksler"
DGATE,1416-datagate-bilgisayar-malzemeleri-ticaret-a-s,DATAGATE BİLGİSAYAR MALZEMELERİ TİCARET A.Ş.,OK,ANA PAZAR,TEKNOLOJİ / BİLİŞİM,8,
DGGYO,960-dogus-gayrimenkul-yatirim-ortakligi-a-s,DOĞUŞ GAYRİMENKUL YATIRIM ORTAKLIĞI A.Ş.,OK,ALT PAZAR,MALİ KURULUŞLAR / GAYRİMENKUL YATIRIM ORTAKLIKLARI,5,
DGNMO,999-doganlar-mobilya-grubu-imalat-sanayi-ve-ticaret-a-s,DOĞANLAR MOBİLYA GRUBU İMALAT SANAYİ VE TİCARET A.Ş.,OK,ANA PAZAR,İMALAT / ORMAN ÜRÜNLERİ VE MOBİLYA,8,
DGRVK,5245-deger-varlik-kiralama-a-s,DEĞER VARLIK KİRALAMA A.Ş.,ALAN_EKSIK,KESİN ALIM SATIM PAZARI-NİTELİKLİ YATIRIMCILAR ARASINDA,,0,"eksik: sektor, endeksler"
DIMES,6116-dimes-gida-sanayi-ve-ticaret-a-s,DİMES GIDA SANAYİ VE TİCARET A.Ş.,ALAN_EKSIK,KESİN ALIM SATIM PAZARI-NİTELİKLİ YATIRIMCILAR ARASINDA,,0,"eksik: sektor, endeksler"
DIRIT,1580-diriteks-dirilis-tekstil-sanayi-ve-ticaret-a-s,DİRİTEKS DİRİLİŞ TEKSTİL SANAYİ VE TİCARET A.Ş.,ALAN_EKSIK,YAKIN İZLEME PAZARI,"İMALAT / TEKSTİL, GİYİM EŞYASI VE DERİ",0,eksik: endeksler
DITAS,917-ditas-bdy-yedek-parca-imalat-ve-teknik-a-s,DİTAŞ BDY YEDEK PARÇA İMALAT VE TEKNİK A.Ş.,OK,ANA PAZAR,İMALAT / METAL EŞYA MAKİNE ELEKTRİKLİ CİHAZLAR VE ULAŞIM ARAÇLARI,7,
DKVRL,6133-dk-varlik-kiralama-a-s,DK VARLIK KİRALAMA A.Ş.,ALAN_EKSIK,KESİN ALIM SATIM PAZARI-NİTELİKLİ YATIRIMCILAR ARASINDA,,0,"eksik: sektor, endeksler"
DMD/DSYAT,6039-destek-yatirim-menkul-degerler-a-s,DESTEK YATIRIM MENKUL DEĞERLER A.Ş.,ALAN_EKSIK,KESİN ALIM SATIM PAZARI-NİTELİKLİ YATIRIMCILAR ARASINDA,,0,"eksik: sektor, endeksler"
DMLKT,6121-emlak-konut-damla-kent-gms,EMLAK KONUT DAMLA KENT GMS,ALAN_EKSIK,YAPILANDIRILMIŞ ÜRÜNLER VE FON PAZARI,,0,"eksik: sektor, endeksler"
DMRGD,5870-dmr-unlu-mamuller-uretim-gida-toptan-perakende-ihracat-a-s,DMR UNLU MAMULLER ÜRETİM GIDA TOPTAN PERAKENDE İHRACAT A.Ş.,OK,ANA PAZAR,"İMALAT / GIDA, İÇECEK VE TÜTÜN",7,
DMSAS,911-demisas-dokum-emaye-mamulleri-sanayi-a-s,DEMİSAŞ DÖKÜM EMAYE MAMÜLLERİ SANAYİ A.Ş.,OK,ANA PAZAR,İMALAT / ANA METAL SANAYİ,7,
DNFIN,2163-deniz-finansal-kiralama-a-s,DENİZ FİNANSAL KİRALAMA A.Ş.,ALAN_EKSIK,KESİN ALIM SATIM PAZARI-NİTELİKLİ YATIRIMCILAR ARASINDA,,0,"eksik: sektor, endeksler"
DNISI,5185-dinamik-isi-makina-yalitim-malzemeleri-sanayi-ve-ticaret-a-s,DİNAMİK ISI MAKİNA YALITIM MALZEMELERİ SANAYİ VE TİCARET A.Ş.,OK,ANA PAZAR,İMALAT / KİMYA İLAÇ PETROL LASTİK VE PLASTİK ÜRÜNLER,9,
DNYVA,4902-dunya-varlik-yonetim-a-s,DÜNYA VARLIK YÖNETİM A.Ş.,ALAN_EKSIK,KESİN ALIM SATIM PAZARI-NİTELİKLİ YATIRIMCILAR ARASINDA,,0,"eksik: sektor, endeksler"
DNZEN,6164-deniz-eko-enerji-ve-geri-donusum-a-s,DENİZ EKO ENERJİ VE GERİ DÖNÜŞÜM A.Ş.,ALAN_EKSIK,KESİN ALIM SATIM PAZARI-NİTELİKLİ YATIRIMCILAR ARASINDA,,0,"eksik: sektor, endeksler"
DOAS,1391-dogus-otomotiv-servis-ve-ticaret-a-s,DOĞUŞ OTOMOTİV SERVİS VE TİCARET A.Ş.,OK,YILDIZ PAZAR,TOPTAN VE PERAKENDE TİCARET / TOPTAN TİCARET,14,
DOCO,1530-do-co-aktiengesellschaft,DO & CO AKTIENGESELLSCHAFT,OK,ANA PAZAR,OTELLER VE LOKANTALAR / YİYECEK VE İÇECEK HİZMETLERİ,8,
DOFER,5879-dofer-yapi-malzemeleri-sanayi-ve-ticaret-a-s,DOFER YAPI MALZEMELERİ SANAYİ VE TİCARET A.Ş.,OK,ANA PAZAR,İMALAT / ANA METAL SANAYİ,7,
DOFRB,6130-dof-robotik-sanayi-a-s,DOF ROBOTİK SANAYİ A.Ş.,OK,YILDIZ PAZAR,TEKNOLOJİ / BİLİŞİM,11,
DOGUB,921-dogusan-boru-sanayi-ve-ticaret-a-s,DOĞUSAN BORU SANAYİ VE TİCARET A.Ş.,OK,ALT PAZAR,İMALAT / TAŞ VE TOPRAĞA DAYALI,6,
DOGVY,4862-dogru-varlik-yonetim-a-s,DOĞRU VARLIK YÖNETİM A.Ş.,ALAN_EKSIK,KESİN ALIM SATIM PAZARI-NİTELİKLİ YATIRIMCILAR ARASINDA,,0,"eksik: sektor, endeksler"
DOHOL,919-dogan-sirketler-grubu-holding-a-s,DOĞAN ŞİRKETLER GRUBU HOLDİNG A.Ş.,OK,YILDIZ PAZAR,MALİ KURULUŞLAR / HOLDİNGLER VE YATIRIM ŞİRKETLERİ,11,
DOKTA,922-doktas-dokumculuk-ticaret-ve-sanayi-a-s,DÖKTAŞ DÖKÜMCÜLÜK TİCARET VE SANAYİ A.Ş.,OK,ANA PAZAR,İMALAT / ANA METAL SANAYİ,6,
DRPHN,5665-t-c-hazine-ve-maliye-bakanligi-darphane-ve-damga-matbaasi-genel-mudurlugu,T.C. HAZİNE VE MALİYE BAKANLIĞI DARPHANE VE DAMGA MATBAASI GENEL MÜDÜRLÜĞÜ,ALAN_EKSIK,EMTİA PAZARI,,0,"eksik: sektor, endeksler"
DSTKF,2191-destek-finans-faktoring-a-s,DESTEK FİNANS FAKTORİNG A.Ş.,OK,YILDIZ PAZAR,MALİ KURULUŞLAR / FİNANSAL KİRALAMA VE FAKTORİNG ŞİRKETLERİ,9,
DUNYH,1069-dunya-holding-a-s,DÜNYA HOLDİNG A.Ş.,OK,ANA PAZAR,MALİ KURULUŞLAR / HOLDİNGLER VE YATIRIM ŞİRKETLERİ,7,
DURDO,923-duran-dogan-basim-ve-ambalaj-sanayi-a-s,DURAN DOĞAN BASIM VE AMBALAJ SANAYİ A.Ş.,OK,ANA PAZAR,İMALAT / KAĞIT VE KAĞIT ÜRÜNLERİ BASIM,7,
DURKN,6023-durukan-sekerleme-sanayi-ve-ticaret-a-s,DURUKAN ŞEKERLEME SANAYİ VE TİCARET A.Ş.,OK,ANA PAZAR,"İMALAT / GIDA, İÇECEK VE TÜTÜN",8,
DVRLK,6031-d-varlik-kiralama-a-s,D VARLIK KİRALAMA A.Ş.,ALAN_EKSIK,KESİN ALIM SATIM PAZARI-NİTELİKLİ YATIRIMCILAR ARASINDA,,0,"eksik: sektor, endeksler"
DYBNK,5226-d-yatirim-bankasi-a-s,D YATIRIM BANKASI A.Ş.,ALAN_EKSIK,KESİN ALIM SATIM PAZARI-NİTELİKLİ YATIRIMCILAR ARASINDA,,0,"eksik: sektor, endeksler"
DYOBY,924-dyo-boya-fabrikalari-sanayi-ve-ticaret-a-s,DYO BOYA FABRİKALARI SANAYİ VE TİCARET A.Ş.,OK,KESİN ALIM SATIM PAZARI-NİTELİKLİ YATIRIMCILAR ARASINDA / ANA PAZAR,İMALAT / KİMYA İLAÇ PETROL LASTİK VE PLASTİK ÜRÜNLER,8,
DZGYO,912-deniz-gayrimenkul-yatirim-ortakligi-a-s,DENİZ GAYRİMENKUL YATIRIM ORTAKLIĞI A.Ş.,OK,ANA PAZAR,MALİ KURULUŞLAR / GAYRİMENKUL YATIRIM ORTAKLIKLARI,6,
EBEBK,5861-ebebek-magazacilik-a-s,EBEBEK MAĞAZACILIK A.Ş.,OK,YILDIZ PAZAR,TOPTAN VE PERAKENDE TİCARET / PERAKENDE TİCARET,10,
ECILC,939-eis-eczacibasi-ilac-sinai-ve-finansal-yatirimlar-sanayi-ve-ticaret-a-s,EİS ECZACIBAŞI İLAÇ SINAİ VE FİNANSAL YATIRIMLAR SANAYİ VE TİCARET A.Ş.,OK,YILDIZ PAZAR,MALİ KURULUŞLAR / HOLDİNGLER VE YATIRIM ŞİRKETLERİ,14,
ECOGR,6140-ecogreen-enerji-holding-a-s,ECOGREEN ENERJİ HOLDİNG A.Ş.,OK,YILDIZ PAZAR,ELEKTRİK GAZ VE SU / ELEKTRİK GAZ VE BUHAR,8,
ECZIP,3175-eip-eczacibasi-ilac-pazarlama-a-s,EİP ECZACIBAŞI İLAÇ PAZARLAMA A.Ş.,ALAN_EKSIK,KESİN ALIM SATIM PAZARI-NİTELİKLİ YATIRIMCILAR ARASINDA,,0,"eksik: sektor, endeksler"
ECZYT,926-eczacibasi-yatirim-holding-ortakligi-a-s,ECZACIBAŞI YATIRIM HOLDİNG ORTAKLIĞI A.Ş.,OK,YILDIZ PAZAR,MALİ KURULUŞLAR / HOLDİNGLER VE YATIRIM ŞİRKETLERİ,10,
EDATA,5333-e-data-teknoloji-pazarlama-a-s,E-DATA TEKNOLOJİ PAZARLAMA A.Ş.,OK,ANA PAZAR,TEKNOLOJİ / BİLİŞİM,8,
EDIP,928-edip-gayrimenkul-yatirim-sanayi-ve-ticaret-a-s,EDİP GAYRİMENKUL YATIRIM SANAYİ VE TİCARET A.Ş.,OK,ANA PAZAR,İNŞAAT VE BAYINDIRLIK / İNŞAAT VE BAYINDIRLIK İŞLERİ,8,
EFOR,5654-efor-yatirim-sanayi-ticaret-a-s,EFOR YATIRIM SANAYİ TİCARET A.Ş.,OK,YILDIZ PAZAR,"İMALAT / GIDA, İÇECEK VE TÜTÜN",12,
EGEEN,930-ege-endustri-ve-ticaret-a-s,EGE ENDÜSTRİ VE TİCARET A.Ş.,OK,YILDIZ PAZAR,İMALAT / METAL EŞYA MAKİNE ELEKTRİKLİ CİHAZLAR VE ULAŞIM ARAÇLARI,9,
EGEGY,6051-egeyapi-avrupa-gayrimenkul-yatirim-ortakligi-a-s,EGEYAPI AVRUPA GAYRİMENKUL YATIRIM ORTAKLIĞI A.Ş.,OK,ANA PAZAR,MALİ KURULUŞLAR / GAYRİMENKUL YATIRIM ORTAKLIKLARI,7,
EGEPO,5390-nasmed-ozel-saglik-hizmetleri-ticaret-a-s,NASMED ÖZEL SAĞLIK HİZMETLERİ TİCARET A.Ş.,OK,ANA PAZAR,EĞİTİM SAĞLIK SPOR VE EĞLENCE HİZMETLERİ / İNSAN SAĞLIĞI VE SOSYAL HİZMETLER,7,
EGGUB,931-ege-gubre-sanayii-a-s,EGE GÜBRE SANAYİİ A.Ş.,OK,YILDIZ PAZAR,İMALAT / KİMYA İLAÇ PETROL LASTİK VE PLASTİK ÜRÜNLER,13,
EGPRO,932-ege-profil-ticaret-ve-sanayi-a-s,EGE PROFİL TİCARET VE SANAYİ A.Ş.,OK,YILDIZ PAZAR,İMALAT / KİMYA İLAÇ PETROL LASTİK VE PLASTİK ÜRÜNLER,11,
EGSER,933-ege-seramik-sanayi-ve-ticaret-a-s,EGE SERAMİK SANAYİ VE TİCARET A.Ş.,OK,ANA PAZAR,İMALAT / TAŞ VE TOPRAĞA DAYALI,6,
EKDMR,3089-ekinciler-demir-ve-celik-sanayi-a-s,EKİNCİLER DEMİR VE ÇELİK SANAYİ A.Ş.,OK,YILDIZ PAZAR,İMALAT / ANA METAL SANAYİ,7,
EKER,5933-eker-sut-urunleri-gida-sanayi-ve-ticaret-a-s,EKER SÜT ÜRÜNLERİ GIDA SANAYİ VE TİCARET A.Ş.,ALAN_EKSIK,KESİN ALIM SATIM PAZARI-NİTELİKLİ YATIRIMCILAR ARASINDA,,0,"eksik: sektor, endeksler"
EKGYO,1531-emlak-konut-gayrimenkul-yatirim-ortakligi-a-s,EMLAK KONUT GAYRİMENKUL YATIRIM ORTAKLIĞI A.Ş.,OK,YILDIZ PAZAR,MALİ KURULUŞLAR / GAYRİMENKUL YATIRIM ORTAKLIKLARI,13,
EKIM,2444-ekim-turizm-ticaret-ve-sanayi-a-s,EKİM TURİZM TİCARET VE SANAYİ A.Ş.,OK,YILDIZ PAZAR,İDARİ VE DESTEK HİZMET FAALİYETLERİ / KİRALAMA VE LEASING FAALİYETLERİ,7,
EKIZ,1515-ekiz-kimya-sanayi-ve-ticaret-a-s,EKİZ KİMYA SANAYİ VE TİCARET A.Ş.,ALAN_EKSIK,YAKIN İZLEME PAZARI,"İMALAT / GIDA, İÇECEK VE TÜTÜN",0,eksik: endeksler
EKOFA,2109-eko-faktoring-a-s,EKO FAKTORİNG A.Ş.,ALAN_EKSIK,KESİN ALIM SATIM PAZARI-NİTELİKLİ YATIRIMCILAR ARASINDA,,0,"eksik: sektor, endeksler"
EKOS,5898-ekos-teknoloji-ve-elektrik-a-s,EKOS TEKNOLOJİ VE ELEKTRİK A.Ş.,OK,ANA PAZAR,İMALAT / METAL EŞYA MAKİNE ELEKTRİKLİ CİHAZLAR VE ULAŞIM ARAÇLARI,7,
EKSUN,5796-eksun-gida-tarim-sanayi-ve-ticaret-a-s,EKSUN GIDA TARIM SANAYİ VE TİCARET A.Ş.,OK,ANA PAZAR,"İMALAT / GIDA, İÇECEK VE TÜTÜN",8,
EKTVK,5064-emlak-katilim-varlik-kiralama-a-s,EMLAK KATILIM VARLIK KİRALAMA A.Ş.,ALAN_EKSIK,KESİN ALIM SATIM PAZARI-NİTELİKLİ YATIRIMCILAR ARASINDA,,0,"eksik: sektor, endeksler"
ELITE,5392-elite-naturel-organik-gida-sanayi-ve-ticaret-a-s,ELİTE NATUREL ORGANİK GIDA SANAYİ VE TİCARET A.Ş.,OK,ANA PAZAR,"İMALAT / GIDA, İÇECEK VE TÜTÜN",10,
EMIRV,4915-emir-varlik-yonetim-a-s,EMİR VARLIK YÖNETİM A.Ş.,ALAN_EKSIK,KESİN ALIM SATIM PAZARI-NİTELİKLİ YATIRIMCILAR ARASINDA,,0,"eksik: sektor, endeksler"
EMKEL,940-emek-elektrik-endustrisi-a-s,EMEK ELEKTRİK ENDÜSTRİSİ A.Ş.,OK,ANA PAZAR,İMALAT / METAL EŞYA MAKİNE ELEKTRİKLİ CİHAZLAR VE ULAŞIM ARAÇLARI,8,
EMNIS,941-eminis-ambalaj-sanayi-ve-ticaret-a-s,EMİNİŞ AMBALAJ SANAYİ VE TİCARET A.Ş.,ALAN_EKSIK,YAKIN İZLEME PAZARI,İMALAT / KİMYA İLAÇ PETROL LASTİK VE PLASTİK ÜRÜNLER,0,eksik: endeksler
EMPAE,4611-empa-elektronik-sanayi-ve-ticaret-a-s,EMPA ELEKTRONİK SANAYİ VE TİCARET A.Ş.,OK,ANA PAZAR,TEKNOLOJİ / BİLİŞİM,11,
EMVAR,4944-emlak-varlik-kiralama-a-s,EMLAK VARLIK KİRALAMA A.Ş.,ALAN_EKSIK,KESİN ALIM SATIM PAZARI-NİTELİKLİ YATIRIMCILAR ARASINDA,,0,"eksik: sektor, endeksler"
ENDAE,6057-enda-enerji-holding-a-s,ENDA ENERJİ HOLDİNG A.Ş.,OK,YILDIZ PAZAR,ELEKTRİK GAZ VE SU / ELEKTRİK GAZ VE BUHAR,9,
ENERY,2872-enerya-enerji-a-s,ENERYA ENERJİ A.Ş.,OK,YILDIZ PAZAR,ELEKTRİK GAZ VE SU / ELEKTRİK GAZ VE BUHAR,10,
ENJSA,3494-enerjisa-enerji-a-s,ENERJİSA ENERJİ A.Ş.,OK,KESİN ALIM SATIM PAZARI-NİTELİKLİ YATIRIMCILAR ARASINDA / YILDIZ PAZAR,ELEKTRİK GAZ VE SU / ELEKTRİK GAZ VE BUHAR,15,
ENKAI,942-enka-insaat-ve-sanayi-a-s,ENKA İNŞAAT VE SANAYİ A.Ş.,OK,YILDIZ PAZAR,İNŞAAT VE BAYINDIRLIK / İNŞAAT VE BAYINDIRLIK İŞLERİ,16,
ENPRA,6034-enpara-bank-a-s,ENPARA BANK A.Ş.,ALAN_EKSIK,PİYASA ÖNCESİ İŞLEM PLATFORMU,MALİ KURULUŞLAR / BANKALAR,0,eksik: endeksler
ENSRI,5560-ensari-sinai-yatirimlar-a-s,ENSARİ SINAİ YATIRIMLAR A.Ş.,OK,ANA PAZAR,"İMALAT / TEKSTİL, GİYİM EŞYASI VE DERİ",8,
ENTRA,5943-ic-enterra-yenilenebilir-enerji-a-s,IC ENTERRA YENİLENEBİLİR ENERJİ A.Ş.,OK,YILDIZ PAZAR,ELEKTRİK GAZ VE SU / ELEKTRİK GAZ VE BUHAR,7,
EPLAS,934-egeplast-ege-plastik-ticaret-ve-sanayi-a-s,EGEPLAST EGE PLASTİK TİCARET VE SANAYİ A.Ş.,OK,ANA PAZAR,İMALAT / KİMYA İLAÇ PETROL LASTİK VE PLASTİK ÜRÜNLER,7,
ERBOS,943-erbosan-erciyas-boru-sanayi-ve-ticaret-a-s,ERBOSAN ERCİYAS BORU SANAYİ VE TİCARET A.Ş.,OK,ANA PAZAR,İMALAT / ANA METAL SANAYİ,6,
ERCB,5516-erciyas-celik-boru-sanayi-a-s,ERCİYAS ÇELİK BORU SANAYİ A.Ş.,OK,ANA PAZAR / KESİN ALIM SATIM PAZARI-NİTELİKLİ YATIRIMCILAR ARASINDA,İMALAT / ANA METAL SANAYİ,6,
EREGL,944-eregli-demir-ve-celik-fabrikalari-t-a-s,EREĞLİ DEMİR VE ÇELİK FABRİKALARI T.A.Ş.,OK,YILDIZ PAZAR,İMALAT / ANA METAL SANAYİ,19,
ERGLI,2112-eregli-tekstil-turizm-sanayi-ve-ticaret-a-s,EREĞLİ TEKSTİL TURİZM SANAYİ VE TİCARET A.Ş.,ALAN_EKSIK,KESİN ALIM SATIM PAZARI-NİTELİKLİ YATIRIMCILAR ARASINDA,,0,"eksik: sektor, endeksler"
ERSU,945-ersu-meyve-ve-gida-sanayi-a-s,ERSU MEYVE VE GIDA SANAYİ A.Ş.,OK,ALT PAZAR,"İMALAT / GIDA, İÇECEK VE TÜTÜN",6,
ESCAR,5327-escar-filo-kiralama-hizmetleri-a-s,ESCAR FİLO KİRALAMA HİZMETLERİ A.Ş.,OK,KESİN ALIM SATIM PAZARI-NİTELİKLİ YATIRIMCILAR ARASINDA / YILDIZ PAZAR,İDARİ VE DESTEK HİZMET FAALİYETLERİ / KİRALAMA VE LEASING FAALİYETLERİ,6,
ESCOM,946-escort-teknoloji-yatirim-a-s,ESCORT TEKNOLOJİ YATIRIM A.Ş.,OK,ANA PAZAR,TEKNOLOJİ / BİLİŞİM,8,
ESEN,5190-esenboga-elektrik-uretim-a-s,ESENBOĞA ELEKTRİK ÜRETİM A.Ş.,OK,YILDIZ PAZAR,ELEKTRİK GAZ VE SU / ELEKTRİK GAZ VE BUHAR,9,
ETILR,1625-etiler-gida-ve-ticari-yatirimlar-sanayi-ve-ticaret-a-s,ETİLER GIDA VE TİCARİ YATIRIMLAR SANAYİ VE TİCARET A.Ş.,OK,ANA PAZAR,OTELLER VE LOKANTALAR / YİYECEK VE İÇECEK HİZMETLERİ,8,
ETYAT,1471-euro-trend-yatirim-ortakligi-a-s,EURO TREND YATIRIM ORTAKLIĞI A.Ş.,OK,ALT PAZAR,MALİ KURULUŞLAR / MENKUL KIYMET YATIRIM ORTAKLIKLARI,1,
EUHOL,1508-euro-yatirim-holding-a-s,EURO YATIRIM HOLDİNG A.Ş.,ALAN_EKSIK,YAKIN İZLEME PAZARI,MALİ KURULUŞLAR / HOLDİNGLER VE YATIRIM ŞİRKETLERİ,0,eksik: endeksler
EUKYO,1557-euro-kapital-yatirim-ortakligi-a-s,EURO KAPİTAL YATIRIM ORTAKLIĞI A.Ş.,OK,ALT PAZAR,MALİ KURULUŞLAR / MENKUL KIYMET YATIRIM ORTAKLIKLARI,1,
EUPWR,5810-europower-enerji-ve-otomasyon-teknolojileri-sanayi-ticaret-a-s,EUROPOWER ENERJİ VE OTOMASYON TEKNOLOJİLERİ SANAYİ TİCARET A.Ş.,OK,YILDIZ PAZAR,İMALAT / METAL EŞYA MAKİNE ELEKTRİKLİ CİHAZLAR VE ULAŞIM ARAÇLARI,12,
EUREN,5612-europen-endustri-insaat-sanayi-ve-ticaret-a-s,EUROPEN ENDÜSTRİ İNŞAAT SANAYİ VE TİCARET A.Ş.,OK,YILDIZ PAZAR,İMALAT / KİMYA İLAÇ PETROL LASTİK VE PLASTİK ÜRÜNLER,7,
EUYO,1427-euro-menkul-kiymet-yatirim-ortakligi-a-s,EURO MENKUL KIYMET YATIRIM ORTAKLIĞI A.Ş.,OK,ALT PAZAR,MALİ KURULUŞLAR / MENKUL KIYMET YATIRIM ORTAKLIKLARI,1,
EXIMB/THR,2424-turkiye-ihracat-kredi-bankasi-a-s,TÜRKİYE İHRACAT KREDİ BANKASI A.Ş.,ALAN_EKSIK,KESİN ALIM SATIM PAZARI-NİTELİKLİ YATIRIMCILAR ARASINDA,,0,"eksik: sektor, endeksler"
EYGYO,5711-eyg-gayrimenkul-yatirim-ortakligi-a-s,EYG GAYRİMENKUL YATIRIM ORTAKLIĞI A.Ş.,OK,ANA PAZAR,MALİ KURULUŞLAR / GAYRİMENKUL YATIRIM ORTAKLIKLARI,7,
FADE,5021-fade-gida-yatirim-sanayi-ticaret-a-s,FADE GIDA YATIRIM SANAYİ TİCARET A.Ş.,OK,ANA PAZAR,"İMALAT / GIDA, İÇECEK VE TÜTÜN",8,
FAIRF,6138-fair-finansman-a-s,FAİR FİNANSMAN A.Ş.,ALAN_EKSIK,KESİN ALIM SATIM PAZARI-NİTELİKLİ YATIRIMCILAR ARASINDA,,0,"eksik: sektor, endeksler"
FBB/FBBNK,2067-fibabanka-a-s,FİBABANKA A.Ş.,ALAN_EKSIK,KESİN ALIM SATIM PAZARI-NİTELİKLİ YATIRIMCILAR ARASINDA,,0,"eksik: sektor, endeksler"
FENER,1383-fenerbahce-futbol-a-s,FENERBAHÇE FUTBOL A.Ş.,OK,YILDIZ PAZAR,EĞİTİM SAĞLIK SPOR VE EĞLENCE HİZMETLERİ / SPOR FAALİYETLERİ EĞLENCE VE OYUN FAALİYETLERİ,8,
FIGOF,2142-figo-finans-faktoring-a-s,FİGO FİNANS FAKTORİNG A.Ş.,ALAN_EKSIK,KESİN ALIM SATIM PAZARI-NİTELİKLİ YATIRIMCILAR ARASINDA,,0,"eksik: sektor, endeksler"
FIN/QNBTR,2417-qnb-bank-a-s,QNB BANK A.Ş.,ALAN_EKSIK,KESİN ALIM SATIM PAZARI-NİTELİKLİ YATIRIMCILAR ARASINDA / PİYASA ÖNCESİ İŞLEM PLATFORMU,MALİ KURULUŞLAR / BANKALAR,0,eksik: endeksler
FKPET,6196-fikret-petrol-urunleri-pazarlama-sanayi-ve-ticaret-a-s,FİKRET PETROL ÜRÜNLERİ PAZARLAMA SANAYİ VE TİCARET A.Ş.,ALAN_EKSIK,KESİN ALIM SATIM PAZARI-NİTELİKLİ YATIRIMCILAR ARASINDA,,0,"eksik: sektor, endeksler"
FLAP,1617-flap-kongre-toplanti-hizmetleri-otomotiv-ve-turizm-a-s,FLAP KONGRE TOPLANTI HİZMETLERİ OTOMOTİV VE TURİZM A.Ş.,OK,ALT PAZAR,"İDARİ VE DESTEK HİZMET FAALİYETLERİ / BÜRO YÖNETİMİ, BÜRO DESTEĞİ VE DİĞER ŞİRKET DESTEK FAALİYETLERİ",4,
FMIZP,951-federal-mogul-izmit-piston-ve-pim-uretim-tesisleri-a-s,FEDERAL MOGUL İZMİT PİSTON VE PİM ÜRETİM TESİSLERİ A.Ş.,OK,ANA PAZAR,İMALAT / METAL EŞYA MAKİNE ELEKTRİKLİ CİHAZLAR VE ULAŞIM ARAÇLARI,8,
FONET,4412-fonet-bilgi-teknolojileri-a-s,FONET BİLGİ TEKNOLOJİLERİ A.Ş.,OK,ANA PAZAR,TEKNOLOJİ / BİLİŞİM,9,
FORMT,4639-formet-metal-ve-cam-sanayi-a-s,FORMET METAL VE CAM SANAYİ A.Ş.,OK,ANA PAZAR,İMALAT / METAL EŞYA MAKİNE ELEKTRİKLİ CİHAZLAR VE ULAŞIM ARAÇLARI,11,
FORTE,5598-forte-bilgi-iletisim-teknolojileri-ve-savunma-sanayi-a-s,FORTE BİLGİ İLETİŞİM TEKNOLOJİLERİ VE SAVUNMA SANAYİ A.Ş.,OK,ANA PAZAR,TEKNOLOJİ / BİLİŞİM,8,
FRIGO,957-frigo-pak-gida-maddeleri-sanayi-ve-ticaret-a-s,FRİGO-PAK GIDA MADDELERİ SANAYİ VE TİCARET A.Ş.,OK,ANA PAZAR,"İMALAT / GIDA, İÇECEK VE TÜTÜN",7,
FRMPL,6179-formul-plastik-ve-metal-sanayi-a-s,FORMÜL PLASTİK VE METAL SANAYİ A.Ş.,OK,ANA PAZAR,İMALAT / KİMYA İLAÇ PETROL LASTİK VE PLASTİK ÜRÜNLER,9,
FROTO,956-ford-otomotiv-sanayi-a-s,FORD OTOMOTİV SANAYİ A.Ş.,OK,YILDIZ PAZAR,İMALAT / METAL EŞYA MAKİNE ELEKTRİKLİ CİHAZLAR VE ULAŞIM ARAÇLARI,15,
FZLGY,5840-fuzul-gayrimenkul-yatirim-ortakligi-a-s,FUZUL GAYRİMENKUL YATIRIM ORTAKLIĞI A.Ş.,OK,YILDIZ PAZAR,MALİ KURULUŞLAR / GAYRİMENKUL YATIRIM ORTAKLIKLARI,8,
GARAN/TGB,2422-turkiye-garanti-bankasi-a-s,TÜRKİYE GARANTİ BANKASI A.Ş.,OK,YILDIZ PAZAR / YAPILANDIRILMIŞ ÜRÜNLER VE FON PAZARI,MALİ KURULUŞLAR / BANKALAR,15,
GARFA,959-garanti-faktoring-a-s,GARANTİ FAKTORİNG A.Ş.,OK,ANA PAZAR / KESİN ALIM SATIM PAZARI-NİTELİKLİ YATIRIMCILAR ARASINDA,MALİ KURULUŞLAR / FİNANSAL KİRALAMA VE FAKTORİNG ŞİRKETLERİ,7,
GARFL,2113-garanti-bbva-operasyonel-kiralama-hizmetleri-a-s,GARANTİ BBVA OPERASYONEL KİRALAMA HİZMETLERİ A.Ş.,ALAN_EKSIK,KESİN ALIM SATIM PAZARI-NİTELİKLİ YATIRIMCILAR ARASINDA,,0,"eksik: sektor, endeksler"
GATEG,2437-gate-group-teknoloji-medya-ve-siber-guvenlik-hizmetleri-a-s,GATE GROUP TEKNOLOJİ MEDYA VE SİBER GÜVENLİK HİZMETLERİ A.Ş.,ALAN_EKSIK,YAKIN İZLEME PAZARI,EĞİTİM SAĞLIK SPOR VE EĞLENCE HİZMETLERİ / YARATICI SANATLAR GÖSTERİ SANATLARI VE EĞLENCE FAALİYETLERİ,0,eksik: endeksler
GEDIK,1517-gedik-yatirim-menkul-degerler-a-s,GEDİK YATIRIM MENKUL DEĞERLER A.Ş.,OK,KESİN ALIM SATIM PAZARI-NİTELİKLİ YATIRIMCILAR ARASINDA / YILDIZ PAZAR,MALİ KURULUŞLAR / ARACI KURUMLAR,7,
GEDZA,2209-gediz-ambalaj-sanayi-ve-ticaret-a-s,GEDİZ AMBALAJ SANAYİ VE TİCARET A.Ş.,OK,ANA PAZAR,İMALAT / KİMYA İLAÇ PETROL LASTİK VE PLASTİK ÜRÜNLER,7,
GENIL,5385-gen-ilac-ve-saglik-urunleri-sanayi-ve-ticaret-a-s,GEN İLAÇ VE SAĞLIK ÜRÜNLERİ SANAYİ VE TİCARET A.Ş.,OK,YILDIZ PAZAR,TOPTAN VE PERAKENDE TİCARET / TOPTAN TİCARET,15,
GENKM,6201-gentas-kimya-sanayi-ve-ticaret-pazarlama-a-s,GENTAŞ KİMYA SANAYİ VE TİCARET PAZARLAMA A.Ş.,OK,ANA PAZAR,İMALAT / KİMYA İLAÇ PETROL LASTİK VE PLASTİK ÜRÜNLER,9,
GENTS,963-gentas-dekoratif-yuzeyler-sanayi-ve-ticaret-a-s,GENTAŞ DEKORATİF YÜZEYLER SANAYİ VE TİCARET A.Ş.,OK,YILDIZ PAZAR,İMALAT / ORMAN ÜRÜNLERİ VE MOBİLYA,11,
GEREL,964-gersan-elektrik-ticaret-ve-sanayi-a-s,GERSAN ELEKTRİK TİCARET VE SANAYİ A.Ş.,OK,ANA PAZAR,İMALAT / METAL EŞYA MAKİNE ELEKTRİKLİ CİHAZLAR VE ULAŞIM ARAÇLARI,9,
GESAN,5400-girisim-elektrik-sanayi-taahhut-ve-ticaret-a-s,GİRİŞİM ELEKTRİK SANAYİ TAAHHÜT VE TİCARET A.Ş.,OK,YILDIZ PAZAR,İNŞAAT VE BAYINDIRLIK / İNŞAAT VE BAYINDIRLIK İŞLERİ,11,
GGBVK,5714-golden-global-varlik-kiralama-a-s,GOLDEN GLOBAL VARLIK KİRALAMA A.Ş.,ALAN_EKSIK,KESİN ALIM SATIM PAZARI-NİTELİKLİ YATIRIMCILAR ARASINDA,,0,"eksik: sektor, endeksler"
GIPTA,5864-gipta-ofis-kirtasiye-ve-promosyon-urunleri-imalat-sanayi-a-s,GIPTA OFİS KIRTASİYE VE PROMOSYON ÜRÜNLERİ İMALAT SANAYİ A.Ş.,OK,YILDIZ PAZAR,İMALAT / KAĞIT VE KAĞIT ÜRÜNLERİ BASIM,8,
GLB/GLBMD,1554-global-menkul-degerler-a-s,GLOBAL MENKUL DEĞERLER A.Ş.,OK,ALT PAZAR,MALİ KURULUŞLAR / ARACI KURUMLAR,4,
GLCVY,4811-gelecek-varlik-yonetimi-a-s,GELECEK VARLIK YÖNETİMİ A.Ş.,OK,YILDIZ PAZAR / KESİN ALIM SATIM PAZARI-NİTELİKLİ YATIRIMCILAR ARASINDA,MALİ KURULUŞLAR / VARLIK YÖNETİM ŞİRKETLERİ,6,
GLRMK,3545-gulermak-agir-sanayi-insaat-ve-taahhut-a-s,GÜLERMAK AĞIR SANAYİ İNŞAAT VE TAAHHÜT A.Ş.,OK,YILDIZ PAZAR,İNŞAAT VE BAYINDIRLIK / İNŞAAT VE BAYINDIRLIK İŞLERİ,14,
GLRYH,1428-guler-yatirim-holding-a-s,GÜLER YATIRIM HOLDİNG A.Ş.,OK,ANA PAZAR,MALİ KURULUŞLAR / HOLDİNGLER VE YATIRIM ŞİRKETLERİ,7,
GLYHO,967-global-yatirim-holding-a-s,GLOBAL YATIRIM HOLDİNG A.Ş.,OK,YILDIZ PAZAR,MALİ KURULUŞLAR / HOLDİNGLER VE YATIRIM ŞİRKETLERİ,11,
GMTAS,3697-gimat-magazacilik-sanayi-ve-ticaret-a-s,GİMAT MAĞAZACILIK SANAYİ VE TİCARET A.Ş.,OK,YILDIZ PAZAR,TOPTAN VE PERAKENDE TİCARET / PERAKENDE TİCARET,8,
GOKNR,3518-goknur-gida-maddeleri-enerji-imalat-ithalat-ihracat-ticaret-ve-sanayi-a-s,GÖKNUR GIDA MADDELERİ ENERJİ İMALAT İTHALAT İHRACAT TİCARET VE SANAYİ A.Ş.,OK,YILDIZ PAZAR,"İMALAT / GIDA, İÇECEK VE TÜTÜN",8,
GOLDA,3523-golda-gida-sanayi-ve-ticaret-a-s,GOLDA GIDA SANAYİ VE TİCARET A.Ş.,OK,ANA PAZAR,"İMALAT / GIDA, İÇECEK VE TÜTÜN",7,
GOLTS,972-goltas-goller-bolgesi-cimento-sanayi-ve-ticaret-a-s,GÖLTAŞ GÖLLER BÖLGESİ ÇİMENTO SANAYİ VE TİCARET A.Ş.,OK,YILDIZ PAZAR,İMALAT / TAŞ VE TOPRAĞA DAYALI,10,
GOODY,970-goodyear-lastikleri-t-a-s,GOODYEAR LASTİKLERİ T.A.Ş.,OK,ANA PAZAR,İMALAT / KİMYA İLAÇ PETROL LASTİK VE PLASTİK ÜRÜNLER,8,
GOZDE,1499-gozde-girisim-sermayesi-yatirim-ortakligi-a-s,GÖZDE GİRİŞİM SERMAYESİ YATIRIM ORTAKLIĞI A.Ş.,OK,YILDIZ PAZAR,MALİ KURULUŞLAR / GİRİŞİM SERMAYESİ YATIRIM ORTAKLIKLARI,6,
GRM/GRYAT,1304-garanti-yatirim-menkul-kiymetler-a-s,GARANTİ YATIRIM MENKUL KIYMETLER A.Ş.,ALAN_EKSIK,YAPILANDIRILMIŞ ÜRÜNLER VE FON PAZARI,,0,"eksik: sektor, endeksler"
GRNYO,961-garanti-yatirim-ortakligi-a-s,GARANTİ YATIRIM ORTAKLIĞI A.Ş.,OK,ALT PAZAR,MALİ KURULUŞLAR / MENKUL KIYMET YATIRIM ORTAKLIKLARI,1,
GRSEL,5553-gur-sel-turizm-tasimacilik-ve-servis-ticaret-a-s,GÜR-SEL TURİZM TAŞIMACILIK VE SERVİS TİCARET A.Ş.,OK,YILDIZ PAZAR,ULAŞTIRMA VE DEPOLAMA,14,
GRTHO,5717-grainturk-holding-a-s,GRAINTURK HOLDİNG A.Ş.,OK,YILDIZ PAZAR,MALİ KURULUŞLAR / HOLDİNGLER VE YATIRIM ŞİRKETLERİ,11,
GSDDE,1094-gsd-denizcilik-gayrimenkul-insaat-sanayi-ve-ticaret-a-s,GSD DENİZCİLİK GAYRİMENKUL İNŞAAT SANAYİ VE TİCARET A.Ş.,OK,ANA PAZAR,ULAŞTIRMA VE DEPOLAMA,6,
GSDHO,973-gsd-holding-a-s,GSD HOLDİNG A.Ş.,OK,ANA PAZAR,MALİ KURULUŞLAR / HOLDİNGLER VE YATIRIM ŞİRKETLERİ,8,
GSIPD,5463-goldman-sachs-international,GOLDMAN SACHS INTERNATIONAL,ALAN_EKSIK,YAPILANDIRILMIŞ ÜRÜNLER VE FON PAZARI,,0,"eksik: sektor, endeksler"
GSRAY,958-galatasaray-sportif-sinai-ve-ticari-yatirimlar-a-s,GALATASARAY SPORTİF SINAİ VE TİCARİ YATIRIMLAR A.Ş.,OK,YILDIZ PAZAR,EĞİTİM SAĞLIK SPOR VE EĞLENCE HİZMETLERİ / SPOR FAALİYETLERİ EĞLENCE VE OYUN FAALİYETLERİ,8,
GUBRF,974-gubre-fabrikalari-t-a-s,GÜBRE FABRİKALARI T.A.Ş.,OK,YILDIZ PAZAR,İMALAT / KİMYA İLAÇ PETROL LASTİK VE PLASTİK ÜRÜNLER,13,
GUNDG,6011-gundogdu-gida-sut-urunleri-sanayi-ve-dis-ticaret-a-s,GÜNDOĞDU GIDA SÜT ÜRÜNLERİ SANAYİ VE DIŞ TİCARET A.Ş.,OK,ANA PAZAR,"İMALAT / GIDA, İÇECEK VE TÜTÜN",10,
GWIND,4969-galata-wind-enerji-a-s,GALATA WIND ENERJİ A.Ş.,OK,YILDIZ PAZAR,ELEKTRİK GAZ VE SU / ELEKTRİK GAZ VE BUHAR,11,
GYVAR,6217-gy-varlik-kiralama-a-s,GY VARLIK KİRALAMA A.Ş.,ALAN_EKSIK,KESİN ALIM SATIM PAZARI-NİTELİKLİ YATIRIMCILAR ARASINDA,,0,"eksik: sektor, endeksler"
GZNMI,5519-gezinomi-seyahat-turizm-ticaret-a-s,GEZİNOMİ SEYAHAT TURİZM TİCARET A.Ş.,OK,ANA PAZAR / KESİN ALIM SATIM PAZARI-NİTELİKLİ YATIRIMCILAR ARASINDA,"İDARİ VE DESTEK HİZMET FAALİYETLERİ / SEYAHAT ACENTESİ, TUR OPERATÖRÜ VE DİĞER REZERVASYON HİZMETLERİ İLE İLGİLİ FAALİYETLER",6,
HALKB/THL,2423-turkiye-halk-bankasi-a-s,TÜRKİYE HALK BANKASI A.Ş.,OK,YILDIZ PAZAR / KESİN ALIM SATIM PAZARI-NİTELİKLİ YATIRIMCILAR ARASINDA,MALİ KURULUŞLAR / BANKALAR,11,
HALKF,1685-halk-finansal-kiralama-a-s,HALK FİNANSAL KİRALAMA A.Ş.,ALAN_EKSIK,KESİN ALIM SATIM PAZARI-NİTELİKLİ YATIRIMCILAR ARASINDA,,0,"eksik: sektor, endeksler"
HALKI/HLY,1312-halk-yatirim-menkul-degerler-a-s,HALK YATIRIM MENKUL DEĞERLER A.Ş.,ALAN_EKSIK,KESİN ALIM SATIM PAZARI-NİTELİKLİ YATIRIMCILAR ARASINDA,,0,"eksik: sektor, endeksler"
HATEK,1532-hateks-hatay-tekstil-isletmeleri-a-s,HATEKS HATAY TEKSTİL İŞLETMELERİ A.Ş.,OK,ANA PAZAR,"İMALAT / TEKSTİL, GİYİM EŞYASI VE DERİ",7,
HATSN,5868-hat-san-gemi-insaa-bakim-onarim-deniz-nakliyat-sanayi-ve-ticaret-a-s,HAT-SAN GEMİ İNŞAA BAKIM ONARIM DENİZ NAKLİYAT SANAYİ VE TİCARET A.Ş.,OK,YILDIZ PAZAR,İMALAT / METAL EŞYA MAKİNE ELEKTRİKLİ CİHAZLAR VE ULAŞIM ARAÇLARI,7,
HAYVK,6104-hayat-varlik-kiralama-a-s,HAYAT VARLIK KİRALAMA A.Ş.,ALAN_EKSIK,KESİN ALIM SATIM PAZARI-NİTELİKLİ YATIRIMCILAR ARASINDA,,0,"eksik: sektor, endeksler"
HDFFL,4038-hedef-arac-kiralama-ve-servis-a-s,HEDEF ARAÇ KİRALAMA VE SERVİS A.Ş.,ALAN_EKSIK,KESİN ALIM SATIM PAZARI-NİTELİKLİ YATIRIMCILAR ARASINDA,,0,"eksik: sektor, endeksler"
HDFGS,2003-hedef-girisim-sermayesi-yatirim-ortakligi-a-s,HEDEF GİRİŞİM SERMAYESİ YATIRIM ORTAKLIĞI A.Ş.,OK,ANA PAZAR,MALİ KURULUŞLAR / GİRİŞİM SERMAYESİ YATIRIM ORTAKLIKLARI,6,
HDFVK,5940-hedef-varlik-kiralama-a-s,HEDEF VARLIK KİRALAMA A.Ş.,ALAN_EKSIK,KESİN ALIM SATIM PAZARI-NİTELİKLİ YATIRIMCILAR ARASINDA,,0,"eksik: sektor, endeksler"
HDFYB/HYB,5926-hedef-yatirim-bankasi-a-s,HEDEF YATIRIM BANKASI A.Ş.,ALAN_EKSIK,KESİN ALIM SATIM PAZARI-NİTELİKLİ YATIRIMCILAR ARASINDA,,0,"eksik: sektor, endeksler"
HEDEF,5387-hedef-holding-a-s,HEDEF HOLDİNG A.Ş.,OK,ANA PAZAR,MALİ KURULUŞLAR / HOLDİNGLER VE YATIRIM ŞİRKETLERİ,7,
HEKTS,978-hektas-ticaret-t-a-s,HEKTAŞ TİCARET T.A.Ş.,OK,YILDIZ PAZAR / KESİN ALIM SATIM PAZARI-NİTELİKLİ YATIRIMCILAR ARASINDA,İMALAT / KİMYA İLAÇ PETROL LASTİK VE PLASTİK ÜRÜNLER,10,
HKTM,5625-hidropar-hareket-kontrol-teknolojileri-merkezi-sanayi-ve-ticaret-a-s,HİDROPAR HAREKET KONTROL TEKNOLOJİLERİ MERKEZİ SANAYİ VE TİCARET A.Ş.,OK,ANA PAZAR,İMALAT / METAL EŞYA MAKİNE ELEKTRİKLİ CİHAZLAR VE ULAŞIM ARAÇLARI,9,
HLGYO,1701-halk-gayrimenkul-yatirim-ortakligi-a-s,HALK GAYRİMENKUL YATIRIM ORTAKLIĞI A.Ş.,OK,YILDIZ PAZAR,MALİ KURULUŞLAR / GAYRİMENKUL YATIRIM ORTAKLIKLARI,7,
HLVKS,4538-halk-varlik-kiralama-a-s,HALK VARLIK KİRALAMA A.Ş.,ALAN_EKSIK,KESİN ALIM SATIM PAZARI-NİTELİKLİ YATIRIMCILAR ARASINDA,,0,"eksik: sektor, endeksler"
HOROZ,5964-horoz-lojistik-kargo-hizmetleri-ve-ticaret-a-s,HOROZ LOJİSTİK KARGO HİZMETLERİ VE TİCARET A.Ş.,OK,ANA PAZAR,ULAŞTIRMA VE DEPOLAMA,8,
HRKET,5959-hareket-proje-tasimaciligi-ve-yuk-muhendisligi-a-s,HAREKET PROJE TAŞIMACILIĞI VE YÜK MÜHENDİSLİĞİ A.Ş.,OK,YILDIZ PAZAR,ULAŞTIRMA VE DEPOLAMA,9,
HTTBT,5499-hitit-bilgisayar-hizmetleri-a-s,HİTİT BİLGİSAYAR HİZMETLERİ A.Ş.,OK,YILDIZ PAZAR,TEKNOLOJİ / BİLİŞİM,9,
HUBVC,1446-hub-girisim-sermayesi-yatirim-ortakligi-a-s,HUB GİRİŞİM SERMAYESİ YATIRIM ORTAKLIĞI A.Ş.,OK,ALT PAZAR,MALİ KURULUŞLAR / GİRİŞİM SERMAYESİ YATIRIM ORTAKLIKLARI,4,
HUNER,5520-hun-yenilenebilir-enerji-uretim-a-s,HUN YENİLENEBİLİR ENERJİ ÜRETİM A.Ş.,OK,ANA PAZAR,ELEKTRİK GAZ VE SU / ELEKTRİK GAZ VE BUHAR,7,
HURGZ,979-hurriyet-gazetecilik-ve-matbaacilik-a-s,HÜRRİYET GAZETECİLİK VE MATBAACILIK A.Ş.,OK,ANA PAZAR,BİLGİ VE İLETİŞİM / YAYIMCILIK,7,
HUZFA,2367-huzur-faktoring-a-s,HUZUR FAKTORİNG A.Ş.,ALAN_EKSIK,KESİN ALIM SATIM PAZARI-NİTELİKLİ YATIRIMCILAR ARASINDA,,0,"eksik: sektor, endeksler"
IAZ/INVAZ,2640-invest-az-yatirim-menkul-degerler-a-s,INVEST-AZ YATIRIM MENKUL DEĞERLER A.Ş.,ALAN_EKSIK,KESİN ALIM SATIM PAZARI-NİTELİKLİ YATIRIMCILAR ARASINDA,,0,"eksik: sektor, endeksler"
ICB/ICBCT,2420-icbc-turkey-bank-a-s,ICBC TURKEY BANK A.Ş.,OK,ANA PAZAR,MALİ KURULUŞLAR / BANKALAR,6,
ICUGS,1118-icu-girisim-sermayesi-yatirim-ortakligi-a-s,ICU GİRİŞİM SERMAYESİ YATIRIM ORTAKLIĞI A.Ş.,OK,ANA PAZAR,MALİ KURULUŞLAR / GİRİŞİM SERMAYESİ YATIRIM ORTAKLIKLARI,6,
IDGYO,1506-idealist-gayrimenkul-yatirim-ortakligi-a-s,İDEALİST GAYRİMENKUL YATIRIM ORTAKLIĞI A.Ş.,OK,ALT PAZAR,MALİ KURULUŞLAR / GAYRİMENKUL YATIRIM ORTAKLIKLARI,5,
IEYHO,1031-isiklar-enerji-ve-yapi-holding-a-s,IŞIKLAR ENERJİ VE YAPI HOLDİNG A.Ş.,OK,YILDIZ PAZAR,MALİ KURULUŞLAR / HOLDİNGLER VE YATIRIM ŞİRKETLERİ,8,
IHAAS,5420-ihlas-haber-ajansi-a-s,İHLAS HABER AJANSI A.Ş.,OK,ANA PAZAR,BİLGİ VE İLETİŞİM / BİLGİ HİZMET FAALİYETLERİ,6,
IHEVA,981-ihlas-ev-aletleri-imalat-sanayi-ve-ticaret-a-s,İHLAS EV ALETLERİ İMALAT SANAYİ VE TİCARET A.Ş.,OK,ALT PAZAR,İMALAT / METAL EŞYA MAKİNE ELEKTRİKLİ CİHAZLAR VE ULAŞIM ARAÇLARI,7,
IHGZT,1507-ihlas-gazetecilik-a-s,İHLAS GAZETECİLİK A.Ş.,OK,ANA PAZAR,BİLGİ VE İLETİŞİM / YAYIMCILIK,6,
IHLAS,983-ihlas-holding-a-s,İHLAS HOLDİNG A.Ş.,OK,YILDIZ PAZAR,MALİ KURULUŞLAR / HOLDİNGLER VE YATIRIM ŞİRKETLERİ,11,
IHLGM,1044-ihlas-gayrimenkul-proje-gelistirme-ve-ticaret-a-s,İHLAS GAYRİMENKUL PROJE GELİŞTİRME VE TİCARET A.Ş.,OK,ANA PAZAR,GAYRİMENKUL FAALİYETLERİ,8,
IHYAY,1526-ihlas-yayin-holding-a-s,İHLAS YAYIN HOLDİNG A.Ş.,OK,ALT PAZAR,MALİ KURULUŞLAR / HOLDİNGLER VE YATIRIM ŞİRKETLERİ,6,
IMASM,5592-imas-makina-sanayi-a-s,İMAŞ MAKİNA SANAYİ A.Ş.,OK,ANA PAZAR,İMALAT / METAL EŞYA MAKİNE ELEKTRİKLİ CİHAZLAR VE ULAŞIM ARAÇLARI,9,
INDES,1390-indeks-bilgisayar-sistemleri-muhendislik-sanayi-ve-ticaret-a-s,İNDEKS BİLGİSAYAR SİSTEMLERİ MÜHENDİSLİK SANAYİ VE TİCARET A.Ş.,OK,YILDIZ PAZAR,TEKNOLOJİ / BİLİŞİM,7,
INFO/IYF,1559-info-yatirim-menkul-degerler-a-s,İNFO YATIRIM MENKUL DEĞERLER A.Ş.,OK,KESİN ALIM SATIM PAZARI-NİTELİKLİ YATIRIMCILAR ARASINDA / YAPILANDIRILMIŞ ÜRÜNLER VE FON PAZARI / ANA PAZAR,MALİ KURULUŞLAR / ARACI KURUMLAR,6,
INGRM,1435-ingram-micro-bilisim-sistemleri-a-s,INGRAM MİCRO BİLİŞİM SİSTEMLERİ A.Ş.,OK,ANA PAZAR,TEKNOLOJİ / BİLİŞİM,8,
INTEK,1587-innosa-teknoloji-a-s,İNNOSA TEKNOLOJİ A.Ş.,ALAN_EKSIK,PİYASA ÖNCESİ İŞLEM PLATFORMU,TEKNOLOJİ / BİLİŞİM,0,eksik: endeksler
INTEM,985-intema-insaat-ve-tesisat-malzemeleri-yatirim-ve-pazarlama-a-s,İNTEMA İNŞAAT VE TESİSAT MALZEMELERİ YATIRIM VE PAZARLAMA A.Ş.,OK,ANA PAZAR,TOPTAN VE PERAKENDE TİCARET / TOPTAN TİCARET,9,
INVEO,962-inveo-yatirim-holding-a-s,INVEO YATIRIM HOLDİNG A.Ş.,OK,KESİN ALIM SATIM PAZARI-NİTELİKLİ YATIRIMCILAR ARASINDA / YILDIZ PAZAR,MALİ KURULUŞLAR / HOLDİNGLER VE YATIRIM ŞİRKETLERİ,7,
INVES,5549-investco-holding-a-s,INVESTCO HOLDİNG A.Ş.,OK,YILDIZ PAZAR,MALİ KURULUŞLAR / HOLDİNGLER VE YATIRIM ŞİRKETLERİ,8,
ISATR/ISBTR/ISCTR/ISKUR/TIB,2425-turkiye-is-bankasi-a-s,TÜRKİYE İŞ BANKASI A.Ş.,OK,YILDIZ PAZAR / KESİN ALIM SATIM PAZARI / ALT PAZAR / KESİN ALIM SATIM PAZARI-NİTELİKLİ YATIRIMCILAR ARASINDA,MALİ KURULUŞLAR / BANKALAR,15,
ISBIR,1684-isbir-holding-a-s,İŞBİR HOLDİNG A.Ş.,ALAN_EKSIK,PİYASA ÖNCESİ İŞLEM PLATFORMU,MALİ KURULUŞLAR / HOLDİNGLER VE YATIRIM ŞİRKETLERİ,0,eksik: endeksler
ISDMR,2528-iskenderun-demir-ve-celik-a-s,İSKENDERUN DEMİR VE ÇELİK A.Ş.,OK,YILDIZ PAZAR,İMALAT / ANA METAL SANAYİ,13,
ISFAK,2274-is-faktoring-a-s,İŞ FAKTORİNG A.Ş.,ALAN_EKSIK,KESİN ALIM SATIM PAZARI-NİTELİKLİ YATIRIMCILAR ARASINDA,,0,"eksik: sektor, endeksler"
ISFIN,988-is-finansal-kiralama-a-s,İŞ FİNANSAL KİRALAMA A.Ş.,OK,YILDIZ PAZAR / KESİN ALIM SATIM PAZARI-NİTELİKLİ YATIRIMCILAR ARASINDA,MALİ KURULUŞLAR / FİNANSAL KİRALAMA VE FAKTORİNG ŞİRKETLERİ,8,
ISGSY,1398-is-girisim-sermayesi-yatirim-ortakligi-a-s,İŞ GİRİŞİM SERMAYESİ YATIRIM ORTAKLIĞI A.Ş.,OK,ANA PAZAR,MALİ KURULUŞLAR / GİRİŞİM SERMAYESİ YATIRIM ORTAKLIKLARI,6,
ISGYO,987-is-gayrimenkul-yatirim-ortakligi-a-s,İŞ GAYRİMENKUL YATIRIM ORTAKLIĞI A.Ş.,OK,YILDIZ PAZAR / KESİN ALIM SATIM PAZARI-NİTELİKLİ YATIRIMCILAR ARASINDA,MALİ KURULUŞLAR / GAYRİMENKUL YATIRIM ORTAKLIKLARI,7,
ISKPL,5254-isik-plastik-sanayi-ve-dis-ticaret-pazarlama-a-s,IŞIK PLASTİK SANAYİ VE DIŞ TİCARET PAZARLAMA A.Ş.,OK,YILDIZ PAZAR,İMALAT / KİMYA İLAÇ PETROL LASTİK VE PLASTİK ÜRÜNLER,7,
ISMEN/IYM,1533-is-yatirim-menkul-degerler-a-s,İŞ YATIRIM MENKUL DEĞERLER A.Ş.,OK,YAPILANDIRILMIŞ ÜRÜNLER VE FON PAZARI / YILDIZ PAZAR / KESİN ALIM SATIM PAZARI-NİTELİKLİ YATIRIMCILAR ARASINDA,MALİ KURULUŞLAR / ARACI KURUMLAR,12,
ISSEN,4135-isbir-sentetik-dokuma-sanayi-a-s,İŞBİR SENTETİK DOKUMA SANAYİ A.Ş.,OK,ANA PAZAR,"İMALAT / TEKSTİL, GİYİM EŞYASI VE DERİ",6,
ISTFK,3221-istanbul-faktoring-a-s,İSTANBUL FAKTORİNG A.Ş.,ALAN_EKSIK,KESİN ALIM SATIM PAZARI-NİTELİKLİ YATIRIMCILAR ARASINDA,,0,"eksik: sektor, endeksler"
ISTVY,3076-istanbul-varlik-yonetim-a-s,İSTANBUL VARLIK YÖNETİM A.Ş.,ALAN_EKSIK,KESİN ALIM SATIM PAZARI-NİTELİKLİ YATIRIMCILAR ARASINDA,,0,"eksik: sektor, endeksler"
ISVEA,6235-isvea-seramik-ve-banyo-urunleri-sanayi-a-s,İSVEA SERAMİK VE BANYO ÜRÜNLERİ SANAYİ A.Ş.,OK,ANA PAZAR,İMALAT / TAŞ VE TOPRAĞA DAYALI,6,
ISYAT,989-is-yatirim-ortakligi-a-s,İŞ YATIRIM ORTAKLIĞI A.Ş.,OK,ANA PAZAR,MALİ KURULUŞLAR / MENKUL KIYMET YATIRIM ORTAKLIKLARI,1,
IZENR,4131-izdemir-enerji-elektrik-uretim-a-s,İZDEMİR ENERJİ ELEKTRİK ÜRETİM A.Ş.,OK,YILDIZ PAZAR,ELEKTRİK GAZ VE SU / ELEKTRİK GAZ VE BUHAR,8,
IZFAS,2273-izmir-firca-sanayi-ve-ticaret-a-s,İZMİR FIRÇA SANAYİ VE TİCARET A.Ş.,OK,ANA PAZAR,İMALAT / KİMYA İLAÇ PETROL LASTİK VE PLASTİK ÜRÜNLER,11,
IZINV,2060-iz-yatirim-holding-a-s,İZ YATIRIM HOLDİNG A.Ş.,OK,ANA PAZAR,"TARIM, ORMANCILIK VE BALIKÇILIK / TARIM VE HAYVANCILIK AVCILIK VE İLGİLİ HİZMET FAALİYETLERİ",7,
IZMDC,991-izmir-demir-celik-sanayi-a-s,İZMİR DEMİR ÇELİK SANAYİ A.Ş.,OK,ANA PAZAR,İMALAT / ANA METAL SANAYİ,7,
JANTS,1682-jantsa-jant-sanayi-ve-ticaret-a-s,JANTSA JANT SANAYİ VE TİCARET A.Ş.,OK,ANA PAZAR,İMALAT / METAL EŞYA MAKİNE ELEKTRİKLİ CİHAZLAR VE ULAŞIM ARAÇLARI,13,
KAPLM,993-kaplamin-ambalaj-sanayi-ve-ticaret-a-s,KAPLAMİN AMBALAJ SANAYİ VE TİCARET A.Ş.,OK,ANA PAZAR,İMALAT / KAĞIT VE KAĞIT ÜRÜNLERİ BASIM,7,
KARCL,3200-kardemir-celik-sanayi-a-s,KARDEMİR ÇELİK SANAYİ A.Ş.,OK,YILDIZ PAZAR,İMALAT / ANA METAL SANAYİ,7,
KAREL,1442-karel-elektronik-sanayi-ve-ticaret-a-s,KAREL ELEKTRONİK SANAYİ VE TİCARET A.Ş.,OK,KESİN ALIM SATIM PAZARI-NİTELİKLİ YATIRIMCILAR ARASINDA / YILDIZ PAZAR,TEKNOLOJİ / BİLİŞİM,7,
KARSN,995-karsan-otomotiv-sanayii-ve-ticaret-a-s,KARSAN OTOMOTİV SANAYİİ VE TİCARET A.Ş.,OK,YILDIZ PAZAR / KESİN ALIM SATIM PAZARI-NİTELİKLİ YATIRIMCILAR ARASINDA,İMALAT / METAL EŞYA MAKİNE ELEKTRİKLİ CİHAZLAR VE ULAŞIM ARAÇLARI,11,
KARTN,997-kartonsan-karton-sanayi-ve-ticaret-a-s,KARTONSAN KARTON SANAYİ VE TİCARET A.Ş.,OK,ANA PAZAR,İMALAT / KAĞIT VE KAĞIT ÜRÜNLERİ BASIM,7,
KATMR,1528-katmerciler-arac-ustu-ekipman-sanayi-ve-ticaret-a-s,KATMERCİLER ARAÇ ÜSTÜ EKİPMAN SANAYİ VE TİCARET A.Ş.,OK,YILDIZ PAZAR,İMALAT / METAL EŞYA MAKİNE ELEKTRİKLİ CİHAZLAR VE ULAŞIM ARAÇLARI,10,
KATVK,4330-katilim-varlik-kiralama-a-s,KATILIM VARLIK KİRALAMA A.Ş.,ALAN_EKSIK,KESİN ALIM SATIM PAZARI-NİTELİKLİ YATIRIMCILAR ARASINDA,,0,"eksik: sektor, endeksler"
KAYSE,3723-kayseri-seker-fabrikasi-a-s,KAYSERİ ŞEKER FABRİKASI A.Ş.,OK,YILDIZ PAZAR,"İMALAT / GIDA, İÇECEK VE TÜTÜN",8,
KBORU,5911-kuzey-boru-a-s,KUZEY BORU A.Ş.,OK,YILDIZ PAZAR,İMALAT / KİMYA İLAÇ PETROL LASTİK VE PLASTİK ÜRÜNLER,9,
KCAER,3776-kocaer-celik-sanayi-ve-ticaret-a-s,KOCAER ÇELİK SANAYİ VE TİCARET A.Ş.,OK,YILDIZ PAZAR,İMALAT / ANA METAL SANAYİ,12,
KCHOL,1005-koc-holding-a-s,KOÇ HOLDİNG A.Ş.,OK,YILDIZ PAZAR,MALİ KURULUŞLAR / HOLDİNGLER VE YATIRIM ŞİRKETLERİ,16,
KENT,1000-kent-gida-maddeleri-sanayii-ve-ticaret-a-s,KENT GIDA MADDELERİ SANAYİİ VE TİCARET A.Ş.,ALAN_EKSIK,PİYASA ÖNCESİ İŞLEM PLATFORMU,"İMALAT / GIDA, İÇECEK VE TÜTÜN",0,eksik: endeksler
KERVN,897-kervansaray-yatirim-holding-a-s,KERVANSARAY YATIRIM HOLDİNG A.Ş.,ALAN_EKSIK,YAKIN İZLEME PAZARI,MALİ KURULUŞLAR / HOLDİNGLER VE YATIRIM ŞİRKETLERİ,0,eksik: endeksler
KFEIN,4320-kafein-yazilim-hizmetleri-ticaret-a-s,KAFEİN YAZILIM HİZMETLERİ TİCARET A.Ş.,OK,ANA PAZAR,TEKNOLOJİ / BİLİŞİM,10,
KFILO,6132-kayatur-filo-kiralama-a-s,KAYATUR FİLO KİRALAMA A.Ş.,ALAN_EKSIK,KESİN ALIM SATIM PAZARI-NİTELİKLİ YATIRIMCILAR ARASINDA,,0,"eksik: sektor, endeksler"
KGYO,1125-koray-gayrimenkul-yatirim-ortakligi-a-s,KORAY GAYRİMENKUL YATIRIM ORTAKLIĞI A.Ş.,OK,ANA PAZAR / KESİN ALIM SATIM PAZARI-NİTELİKLİ YATIRIMCILAR ARASINDA,MALİ KURULUŞLAR / GAYRİMENKUL YATIRIM ORTAKLIKLARI,6,
KIMMR,5342-ersan-alisveris-hizmetleri-ve-gida-sanayi-ticaret-a-s,ERSAN ALIŞVERİŞ HİZMETLERİ VE GIDA SANAYİ TİCARET A.Ş.,OK,ANA PAZAR,TOPTAN VE PERAKENDE TİCARET / PERAKENDE TİCARET,8,
KLGYO,1541-kiler-gayrimenkul-yatirim-ortakligi-a-s,KİLER GAYRİMENKUL YATIRIM ORTAKLIĞI A.Ş.,OK,YILDIZ PAZAR,MALİ KURULUŞLAR / GAYRİMENKUL YATIRIM ORTAKLIKLARI,6,
KLKIM,3979-kalekim-kimyevi-maddeler-sanayi-ve-ticaret-a-s,KALEKİM KİMYEVİ MADDELER SANAYİ VE TİCARET A.Ş.,OK,YILDIZ PAZAR,İMALAT / TAŞ VE TOPRAĞA DAYALI,10,
KLMSN,1004-klimasan-klima-sanayi-ve-ticaret-a-s,KLİMASAN KLİMA SANAYİ VE TİCARET A.Ş.,OK,ANA PAZAR,İMALAT / METAL EŞYA MAKİNE ELEKTRİKLİ CİHAZLAR VE ULAŞIM ARAÇLARI,7,
KLN/KLNMA,2426-turkiye-kalkinma-ve-yatirim-bankasi-a-s,TÜRKİYE KALKINMA VE YATIRIM BANKASI A.Ş.,ALAN_EKSIK,PİYASA ÖNCESİ İŞLEM PLATFORMU,MALİ KURULUŞLAR / BANKALAR,0,eksik: endeksler
KLRHO,3766-kiler-holding-a-s,KİLER HOLDİNG A.Ş.,OK,YILDIZ PAZAR,MALİ KURULUŞLAR / HOLDİNGLER VE YATIRIM ŞİRKETLERİ,8,
KLSER,2630-kaleseramik-canakkale-kalebodur-seramik-sanayi-a-s,KALESERAMİK ÇANAKKALE KALEBODUR SERAMİK SANAYİ A.Ş.,OK,KESİN ALIM SATIM PAZARI-NİTELİKLİ YATIRIMCILAR ARASINDA / YILDIZ PAZAR,İMALAT / TAŞ VE TOPRAĞA DAYALI,10,
KLSYN,3651-koleksiyon-mobilya-sanayi-a-s,KOLEKSİYON MOBİLYA SANAYİ A.Ş.,OK,ANA PAZAR,İMALAT / ORMAN ÜRÜNLERİ VE MOBİLYA,9,
KLVKS,5408-kalkinma-yatirim-varlik-kiralama-a-s,KALKINMA YATIRIM VARLIK KİRALAMA A.Ş.,ALAN_EKSIK,KESİN ALIM SATIM PAZARI-NİTELİKLİ YATIRIMCILAR ARASINDA,,0,"eksik: sektor, endeksler"
KLYPV,6061-kalyon-gunes-teknolojileri-uretim-a-s,KALYON GÜNEŞ TEKNOLOJİLERİ ÜRETİM A.Ş.,OK,YILDIZ PAZAR,ELEKTRİK GAZ VE SU / ELEKTRİK GAZ VE BUHAR,8,
KMPUR,5480-kimteks-poliuretan-sanayi-ve-ticaret-a-s,KİMTEKS POLİÜRETAN SANAYİ VE TİCARET A.Ş.,OK,YILDIZ PAZAR,İMALAT / KİMYA İLAÇ PETROL LASTİK VE PLASTİK ÜRÜNLER,11,
KNFRT,1006-konfrut-tarim-a-s,KONFRUT TARIM A.Ş.,OK,ANA PAZAR,"TARIM, ORMANCILIK VE BALIKÇILIK / TARIM VE HAYVANCILIK AVCILIK VE İLGİLİ HİZMET FAALİYETLERİ",7,
KNTFA,2114-kent-finans-faktoring-a-s,KENT FİNANS FAKTORİNG A.Ş.,ALAN_EKSIK,KESİN ALIM SATIM PAZARI-NİTELİKLİ YATIRIMCILAR ARASINDA,,0,"eksik: sektor, endeksler"
KOCFN,1438-koc-finansman-a-s,KOÇ FİNANSMAN A.Ş.,ALAN_EKSIK,KESİN ALIM SATIM PAZARI-NİTELİKLİ YATIRIMCILAR ARASINDA,,0,"eksik: sektor, endeksler"
KOCMT,3409-koc-metalurji-a-s,KOÇ METALURJİ A.Ş.,OK,YILDIZ PAZAR,İMALAT / ANA METAL SANAYİ,8,
KONKA,3308-konya-kagit-sanayi-ve-ticaret-a-s,KONYA KAĞIT SANAYİ VE TİCARET A.Ş.,OK,ANA PAZAR,İMALAT / KAĞIT VE KAĞIT ÜRÜNLERİ BASIM,9,
KONTR,5206-kontrolmatik-teknoloji-enerji-ve-muhendislik-a-s,KONTROLMATİK TEKNOLOJİ ENERJİ VE MÜHENDİSLİK A.Ş.,ALAN_EKSIK,GÖZALTI PAZARI / YAKIN İZLEME PAZARI,"MESLEKİ, BİLİMSEL VE TEKNİK FAALİYETLER / MİMARLIK VE MÜHENDİSLİK FAALİYETLERİ; TEKNİK MUAYENE VE ANALİZ",0,eksik: endeksler
KONYA,1008-konya-cimento-sanayii-a-s,KONYA ÇİMENTO SANAYİİ A.Ş.,OK,YILDIZ PAZAR,İMALAT / TAŞ VE TOPRAĞA DAYALI,8,
KOPOL,5806-koza-polyester-sanayi-ve-ticaret-a-s,KOZA POLYESTER SANAYİ VE TİCARET A.Ş.,OK,YILDIZ PAZAR,İMALAT / KİMYA İLAÇ PETROL LASTİK VE PLASTİK ÜRÜNLER,8,
KORDS,1009-kordsa-teknik-tekstil-a-s,KORDSA TEKNİK TEKSTİL A.Ş.,OK,YILDIZ PAZAR,"İMALAT / TEKSTİL, GİYİM EŞYASI VE DERİ",8,
KORTS,2363-korteks-mensucat-sanayi-ve-ticaret-a-s,KORTEKS MENSUCAT SANAYİ VE TİCARET A.Ş.,ALAN_EKSIK,KESİN ALIM SATIM PAZARI-NİTELİKLİ YATIRIMCILAR ARASINDA,,0,"eksik: sektor, endeksler"
KOTON,2365-koton-magazacilik-tekstil-sanayi-ve-ticaret-a-s,KOTON MAĞAZACILIK TEKSTİL SANAYİ VE TİCARET A.Ş.,OK,YILDIZ PAZAR,TOPTAN VE PERAKENDE TİCARET / PERAKENDE TİCARET,8,
KPTGY,6155-kapital-gayrimenkul-yatirimi-gelistirme-ve-isletmecilik-a-s,KAPİTAL GAYRİMENKUL YATIRIMI GELİŞTİRME VE İŞLETMECİLİK A.Ş.,ALAN_EKSIK,KESİN ALIM SATIM PAZARI-NİTELİKLİ YATIRIMCILAR ARASINDA,,0,"eksik: sektor, endeksler"
KRDMA/KRDMB/KRDMD,994-kardemir-karabuk-demir-celik-sanayi-ve-ticaret-a-s,KARDEMİR KARABÜK DEMİR ÇELİK SANAYİ VE TİCARET A.Ş.,OK,YILDIZ PAZAR,İMALAT / ANA METAL SANAYİ,13,
KRGYO,1610-korfez-gayrimenkul-yatirim-ortakligi-a-s,KÖRFEZ GAYRİMENKUL YATIRIM ORTAKLIĞI A.Ş.,OK,ANA PAZAR,MALİ KURULUŞLAR / GAYRİMENKUL YATIRIM ORTAKLIKLARI,7,
KRONT,1547-kron-teknoloji-a-s,KRON TEKNOLOJİ A.Ş.,OK,ANA PAZAR,TEKNOLOJİ / BİLİŞİM,8,
KRPLS,5593-koroplast-temizlik-ambalaj-urunleri-sanayi-ve-dis-ticaret-a-s,KOROPLAST TEMİZLİK AMBALAJ ÜRÜNLERİ SANAYİ VE DIŞ TİCARET A.Ş.,OK,ANA PAZAR,İMALAT / KİMYA İLAÇ PETROL LASTİK VE PLASTİK ÜRÜNLER,8,
KRSTL,1011-kristal-kola-ve-mesrubat-sanayi-ticaret-a-s,KRİSTAL KOLA VE MEŞRUBAT SANAYİ TİCARET A.Ş.,OK,ANA PAZAR,"İMALAT / GIDA, İÇECEK VE TÜTÜN",8,
KRTEK,996-karsu-tekstil-sanayii-ve-ticaret-a-s,KARSU TEKSTİL SANAYİİ VE TİCARET A.Ş.,OK,ALT PAZAR,"İMALAT / TEKSTİL, GİYİM EŞYASI VE DERİ",5,
KRVGD,3456-kervan-gida-sanayi-ve-ticaret-a-s,KERVAN GIDA SANAYİ VE TİCARET A.Ş.,OK,ANA PAZAR,"İMALAT / GIDA, İÇECEK VE TÜTÜN",8,
KSFIN,1604-koc-stellantis-finansman-a-s,KOÇ STELLANTİS FİNANSMAN A.Ş.,ALAN_EKSIK,KESİN ALIM SATIM PAZARI-NİTELİKLİ YATIRIMCILAR ARASINDA,,0,"eksik: sektor, endeksler"
KSTUR,1588-kustur-kusadasi-turizm-endustrisi-a-s,KUŞTUR KUŞADASI TURİZM ENDÜSTRİSİ A.Ş.,ALAN_EKSIK,PİYASA ÖNCESİ İŞLEM PLATFORMU,OTELLER VE LOKANTALAR / KONAKLAMA,0,eksik: endeksler
KTKVK,2058-kt-kira-sertifikalari-varlik-kiralama-a-s,KT KİRA SERTİFİKALARI VARLIK KİRALAMA A.Ş.,ALAN_EKSIK,KESİN ALIM SATIM PAZARI-NİTELİKLİ YATIRIMCILAR ARASINDA,,0,"eksik: sektor, endeksler"
KTLEV,5763-katilimevim-tasarruf-finansman-a-s,KATILIMEVİM TASARRUF FİNANSMAN A.Ş.,OK,YILDIZ PAZAR,MALİ KURULUŞLAR / FİNANSMAN ŞİRKETLERİ,13,
KTSKR,5365-kutahya-seker-fabrikasi-a-s,KÜTAHYA ŞEKER FABRİKASI A.Ş.,OK,ANA PAZAR,"İMALAT / GIDA, İÇECEK VE TÜTÜN",6,
KTSVK,4409-kt-sukuk-varlik-kiralama-a-s,KT SUKUK VARLIK KİRALAMA A.Ş.,ALAN_EKSIK,KESİN ALIM SATIM PAZARI-NİTELİKLİ YATIRIMCILAR ARASINDA,,0,"eksik: sektor, endeksler"
KUTPO,1012-kutahya-porselen-sanayi-a-s,KÜTAHYA PORSELEN SANAYİ A.Ş.,OK,ANA PAZAR,İMALAT / TAŞ VE TOPRAĞA DAYALI,7,
KUVVA,1070-kuvva-gida-ticaret-ve-sanayi-yatirimlari-a-s,KUVVA GIDA TİCARET VE SANAYİ YATIRIMLARI A.Ş.,OK,ALT PAZAR,TOPTAN VE PERAKENDE TİCARET / TOPTAN TİCARET,6,
KUYAS,1619-kuyas-yatirim-a-s,KUYAŞ YATIRIM A.Ş.,OK,YILDIZ PAZAR,İNŞAAT VE BAYINDIRLIK / İNŞAAT VE BAYINDIRLIK İŞLERİ,9,
KZBGY,5395-kizilbuk-gayrimenkul-yatirim-ortakligi-a-s,KIZILBÜK GAYRİMENKUL YATIRIM ORTAKLIĞI A.Ş.,OK,YILDIZ PAZAR,MALİ KURULUŞLAR / GAYRİMENKUL YATIRIM ORTAKLIKLARI,9,
KZGYO,5857-kuzugrup-gayrimenkul-yatirim-ortakligi-a-s,KUZUGRUP GAYRİMENKUL YATIRIM ORTAKLIĞI A.Ş.,OK,ANA PAZAR,MALİ KURULUŞLAR / GAYRİMENKUL YATIRIM ORTAKLIKLARI,6,
LIDER,4310-ldr-turizm-a-s,LDR TURİZM A.Ş.,OK,KESİN ALIM SATIM PAZARI-NİTELİKLİ YATIRIMCILAR ARASINDA / YILDIZ PAZAR,İDARİ VE DESTEK HİZMET FAALİYETLERİ / KİRALAMA VE LEASING FAALİYETLERİ,8,
LIDFA,1509-lider-faktoring-a-s,LİDER FAKTORİNG A.Ş.,OK,ANA PAZAR / KESİN ALIM SATIM PAZARI-NİTELİKLİ YATIRIMCILAR ARASINDA,MALİ KURULUŞLAR / FİNANSAL KİRALAMA VE FAKTORİNG ŞİRKETLERİ,7,
LILAK,5953-lila-kagit-sanayi-ve-ticaret-a-s,LİLA KAĞIT SANAYİ VE TİCARET A.Ş.,OK,YILDIZ PAZAR,İMALAT / KAĞIT VE KAĞIT ÜRÜNLERİ BASIM,9,
LINK,1015-link-bilgisayar-sistemleri-yazilimi-ve-donanimi-sanayi-ve-ticaret-a-s,LİNK BİLGİSAYAR SİSTEMLERİ YAZILIMI VE DONANIMI SANAYİ VE TİCARET A.Ş.,OK,YILDIZ PAZAR,TEKNOLOJİ / BİLİŞİM,7,
LKMNH,1535-lokman-hekim-engurusag-saglik-turizm-egitim-hizmetleri-ve-insaat-taahhut-a-s,LOKMAN HEKİM ENGÜRÜSAĞ SAĞLIK TURİZM EĞİTİM HİZMETLERİ VE İNŞAAT TAAHHÜT A.Ş.,OK,ANA PAZAR,EĞİTİM SAĞLIK SPOR VE EĞLENCE HİZMETLERİ / İNSAN SAĞLIĞI VE SOSYAL HİZMETLER,12,
LMKDC,5930-limak-dogu-anadolu-cimento-sanayi-ve-ticaret-a-s,LİMAK DOĞU ANADOLU ÇİMENTO SANAYİ VE TİCARET A.Ş.,OK,YILDIZ PAZAR,İMALAT / TAŞ VE TOPRAĞA DAYALI,8,
LOGO,1016-logo-yazilim-sanayi-ve-ticaret-a-s,LOGO YAZILIM SANAYİ VE TİCARET A.Ş.,OK,YILDIZ PAZAR,TEKNOLOJİ / BİLİŞİM,16,
LRSHO,1498-loras-holding-a-s,LORAS HOLDİNG A.Ş.,OK,YILDIZ PAZAR / KESİN ALIM SATIM PAZARI-NİTELİKLİ YATIRIMCILAR ARASINDA,MALİ KURULUŞLAR / HOLDİNGLER VE YATIRIM ŞİRKETLERİ,7,
LUKSK,1017-luks-kadife-ticaret-ve-sanayii-a-s,LÜKS KADİFE TİCARET VE SANAYİİ A.Ş.,OK,ANA PAZAR,"İMALAT / TEKSTİL, GİYİM EŞYASI VE DERİ",7,
LXGYO,6197-luxera-gayrimenkul-yatirim-ortakligi-a-s,LUXERA GAYRİMENKUL YATIRIM ORTAKLIĞI A.Ş.,OK,ANA PAZAR,MALİ KURULUŞLAR / GAYRİMENKUL YATIRIM ORTAKLIKLARI,8,
LYDHO,1035-lydia-holding-a-s,LYDİA HOLDİNG A.Ş.,OK,YILDIZ PAZAR,MALİ KURULUŞLAR / HOLDİNGLER VE YATIRIM ŞİRKETLERİ,7,
LYDYE,1687-lydia-yesil-enerji-kaynaklari-a-s,LYDİA YEŞİL ENERJİ KAYNAKLARI A.Ş.,OK,ANA PAZAR,ELEKTRİK GAZ VE SU / ELEKTRİK GAZ VE BUHAR,6,
MAALT,1021-marmaris-altinyunus-turistik-tesisler-a-s,MARMARİS ALTINYUNUS TURİSTİK TESİSLER A.Ş.,OK,ANA PAZAR,OTELLER VE LOKANTALAR / KONAKLAMA,8,
MACKO,5679-mackolik-internet-hizmetleri-ticaret-a-s,MACKOLİK İNTERNET HİZMETLERİ TİCARET A.Ş.,OK,ANA PAZAR,EĞİTİM SAĞLIK SPOR VE EĞLENCE HİZMETLERİ / SPOR EĞLENCE BOŞ ZAMANLARI DEĞERLENDİRME HİZMETLERİ,7,
MAGEN,5426-margun-enerji-uretim-sanayi-ve-ticaret-a-s,MARGÜN ENERJİ ÜRETİM SANAYİ VE TİCARET A.Ş.,OK,YILDIZ PAZAR,ELEKTRİK GAZ VE SU / ELEKTRİK GAZ VE BUHAR,14,
MAKIM,5562-makim-makina-teknolojileri-sanayi-ve-ticaret-a-s,MAKİM MAKİNA TEKNOLOJİLERİ SANAYİ VE TİCARET A.Ş.,OK,ANA PAZAR,İMALAT / METAL EŞYA MAKİNE ELEKTRİKLİ CİHAZLAR VE ULAŞIM ARAÇLARI,8,
MAKTK,1018-makina-takim-endustrisi-a-s,MAKİNA TAKIM ENDÜSTRİSİ A.Ş.,OK,ANA PAZAR,İMALAT / METAL EŞYA MAKİNE ELEKTRİKLİ CİHAZLAR VE ULAŞIM ARAÇLARI,7,
MANAS,5357-manas-enerji-yonetimi-sanayi-ve-ticaret-a-s,MANAS ENERJİ YÖNETİMİ SANAYİ VE TİCARET A.Ş.,OK,ANA PAZAR,TEKNOLOJİ / BİLİŞİM,7,
MARBL,4355-tureks-turunc-madencilik-ic-ve-dis-ticaret-a-s,TUREKS TURUNÇ MADENCİLİK İÇ VE DIŞ TİCARET A.Ş.,OK,ANA PAZAR,İMALAT / TAŞ VE TOPRAĞA DAYALI,7,
MARKA,1403-marka-yatirim-holding-a-s,MARKA YATIRIM HOLDİNG A.Ş.,OK,ANA PAZAR,MALİ KURULUŞLAR / HOLDİNGLER VE YATIRIM ŞİRKETLERİ,7,
MARMR,6135-marmara-holding-a-s,MARMARA HOLDİNG A.Ş.,OK,ANA PAZAR,İMALAT / KİMYA İLAÇ PETROL LASTİK VE PLASTİK ÜRÜNLER,7,
MARTI,1022-marti-otel-isletmeleri-a-s,MARTI OTEL İŞLETMELERİ A.Ş.,OK,ANA PAZAR,OTELLER VE LOKANTALAR / KONAKLAMA,8,
MASFN,6260-masfen-enerji-a-s,MASFEN ENERJİ A.Ş.,OK,YILDIZ PAZAR,ELEKTRİK GAZ VE SU / ELEKTRİK GAZ VE BUHAR,6,
MAVI,3843-mavi-giyim-sanayi-ve-ticaret-a-s,MAVİ GİYİM SANAYİ VE TİCARET A.Ş.,OK,YILDIZ PAZAR,TOPTAN VE PERAKENDE TİCARET / PERAKENDE TİCARET,19,
MBFTR,2119-mercedes-benz-finansman-turk-a-s,MERCEDES-BENZ FİNANSMAN TÜRK A.Ş.,ALAN_EKSIK,KESİN ALIM SATIM PAZARI-NİTELİKLİ YATIRIMCILAR ARASINDA,,0,"eksik: sektor, endeksler"
MCARD,6200-metropal-kurumsal-hizmetler-a-s,METROPAL KURUMSAL HİZMETLER A.Ş.,OK,ANA PAZAR,TEKNOLOJİ / BİLİŞİM,11,
MDASM/MDS,5314-midas-menkul-degerler-a-s,MİDAS MENKUL DEĞERLER A.Ş.,ALAN_EKSIK,KESİN ALIM SATIM PAZARI-NİTELİKLİ YATIRIMCILAR ARASINDA,,0,"eksik: sektor, endeksler"
MDIAZ,6215-mediazz-yeni-medya-ve-teknoloji-yatirimlari-a-s,MEDİAZZ YENİ MEDYA VE TEKNOLOJİ YATIRIMLARI A.Ş.,ALAN_EKSIK,KESİN ALIM SATIM PAZARI-NİTELİKLİ YATIRIMCILAR ARASINDA,,0,"eksik: sektor, endeksler"
MEDTR,5364-meditera-tibbi-malzeme-sanayi-ve-ticaret-a-s,MEDİTERA TIBBİ MALZEME SANAYİ VE TİCARET A.Ş.,OK,ANA PAZAR,İMALAT / KİMYA İLAÇ PETROL LASTİK VE PLASTİK ÜRÜNLER,9,
MEGAP,1601-mega-polietilen-kopuk-sanayi-ve-ticaret-a-s,MEGA POLİETİLEN KÖPÜK SANAYİ VE TİCARET A.Ş.,ALAN_EKSIK,YAKIN İZLEME PAZARI,"İMALAT / TEKSTİL, GİYİM EŞYASI VE DERİ",0,eksik: endeksler
MEGMT,4361-mega-metal-sanayi-ve-ticaret-a-s,MEGA METAL SANAYİ VE TİCARET A.Ş.,OK,YILDIZ PAZAR,İMALAT / ANA METAL SANAYİ,9,
MEKAG,5875-meka-global-makine-imalat-sanayi-ve-ticaret-a-s,MEKA GLOBAL MAKİNE İMALAT SANAYİ VE TİCARET A.Ş.,OK,ANA PAZAR,İMALAT / METAL EŞYA MAKİNE ELEKTRİKLİ CİHAZLAR VE ULAŞIM ARAÇLARI,8,
MEKMD/MSA,1326-meksa-yatirim-menkul-degerler-a-s,MEKSA YATIRIM MENKUL DEĞERLER A.Ş.,ALAN_EKSIK,KESİN ALIM SATIM PAZARI-NİTELİKLİ YATIRIMCILAR ARASINDA,,0,"eksik: sektor, endeksler"
MEPET,1553-mepet-metro-petrol-ve-tesisleri-sanayi-ticaret-a-s,MEPET METRO PETROL VE TESİSLERİ SANAYİ TİCARET A.Ş.,OK,ALT PAZAR,TOPTAN VE PERAKENDE TİCARET / PERAKENDE TİCARET,6,
MERCN,5325-mercan-kimya-sanayi-ve-ticaret-a-s,MERCAN KİMYA SANAYİ VE TİCARET A.Ş.,OK,ANA PAZAR,İMALAT / KİMYA İLAÇ PETROL LASTİK VE PLASTİK ÜRÜNLER,11,
MERIT,1594-merit-turizm-yatirim-ve-isletme-a-s,MERİT TURİZM YATIRIM VE İŞLETME A.Ş.,OK,YILDIZ PAZAR,OTELLER VE LOKANTALAR / KONAKLAMA,9,
MERKO,1029-merko-gida-sanayi-ve-ticaret-a-s,MERKO GIDA SANAYİ VE TİCARET A.Ş.,OK,ANA PAZAR,"İMALAT / GIDA, İÇECEK VE TÜTÜN",9,
METEN,6189-metgun-enerji-yatirimlari-a-s,METGÜN ENERJİ YATIRIMLARI A.Ş.,OK,YILDIZ PAZAR / KESİN ALIM SATIM PAZARI-NİTELİKLİ YATIRIMCILAR ARASINDA,ELEKTRİK GAZ VE SU / ELEKTRİK GAZ VE BUHAR,7,
METRO,1120-metro-ticari-ve-mali-yatirimlar-holding-a-s,METRO TİCARİ VE MALİ YATIRIMLAR HOLDİNG A.Ş.,OK,ANA PAZAR,MALİ KURULUŞLAR / HOLDİNGLER VE YATIRIM ŞİRKETLERİ,8,
MEYSU,6175-meysu-gida-sanayi-ve-ticaret-a-s,MEYSU GIDA SANAYİ VE TİCARET A.Ş.,OK,ANA PAZAR,"İMALAT / GIDA, İÇECEK VE TÜTÜN",10,
MGROS,1494-migros-ticaret-a-s,MİGROS TİCARET A.Ş.,OK,YILDIZ PAZAR,TOPTAN VE PERAKENDE TİCARET / PERAKENDE TİCARET,13,
MHRGY,5877-mhr-gayrimenkul-yatirim-ortakligi-a-s,MHR GAYRİMENKUL YATIRIM ORTAKLIĞI A.Ş.,OK,ANA PAZAR,MALİ KURULUŞLAR / GAYRİMENKUL YATIRIM ORTAKLIKLARI,7,
MIATK,5455-mia-teknoloji-a-s,MİA TEKNOLOJİ A.Ş.,OK,YILDIZ PAZAR,TEKNOLOJİ / BİLİŞİM,9,
MILKS,6187-milk-academy-sut-urunleri-sanayi-ve-ticaret-a-s,MİLK ACADEMY SÜT ÜRÜNLERİ SANAYİ VE TİCARET A.Ş.,ALAN_EKSIK,KESİN ALIM SATIM PAZARI-NİTELİKLİ YATIRIMCILAR ARASINDA,,0,"eksik: sektor, endeksler"
MINTF,6153-mint-finansman-a-s,MİNT FİNANSMAN A.Ş.,ALAN_EKSIK,KESİN ALIM SATIM PAZARI-NİTELİKLİ YATIRIMCILAR ARASINDA,,0,"eksik: sektor, endeksler"
MMCAS,1563-mmc-sanayi-ve-ticari-yatirimlar-a-s,MMC SANAYİ VE TİCARİ YATIRIMLAR A.Ş.,ALAN_EKSIK,YAKIN İZLEME PAZARI,MALİ KURULUŞLAR / HOLDİNGLER VE YATIRIM ŞİRKETLERİ,0,eksik: endeksler
MNDRS,1027-menderes-tekstil-sanayi-ve-ticaret-a-s,MENDERES TEKSTİL SANAYİ VE TİCARET A.Ş.,OK,ANA PAZAR,"İMALAT / TEKSTİL, GİYİM EŞYASI VE DERİ",7,
MNDTR,1095-mondi-turkey-oluklu-mukavva-kagit-ve-ambalaj-sanayi-a-s,MONDİ TURKEY OLUKLU MUKAVVA KAĞIT VE AMBALAJ SANAYİ A.Ş.,OK,ANA PAZAR,İMALAT / KAĞIT VE KAĞIT ÜRÜNLERİ BASIM,8,
MNGFA,3020-mng-faktoring-a-s,MNG FAKTORİNG A.Ş.,ALAN_EKSIK,KESİN ALIM SATIM PAZARI-NİTELİKLİ YATIRIMCILAR ARASINDA,,0,"eksik: sektor, endeksler"
MOBTL,5462-mobiltel-iletisim-hizmetleri-sanayi-ve-ticaret-a-s,MOBİLTEL İLETİŞİM HİZMETLERİ SANAYİ VE TİCARET A.Ş.,OK,YILDIZ PAZAR,TEKNOLOJİ / BİLİŞİM,8,
MOGAN,5180-mogan-enerji-yatirim-holding-a-s,MOGAN ENERJİ YATIRIM HOLDİNG A.Ş.,OK,YILDIZ PAZAR,ELEKTRİK GAZ VE SU / ELEKTRİK GAZ VE BUHAR,7,
MOPAS,6054-mopas-marketcilik-gida-sanayi-ve-ticaret-a-s,MOPAŞ MARKETÇİLİK GIDA SANAYİ VE TİCARET A.Ş.,OK,YILDIZ PAZAR,TOPTAN VE PERAKENDE TİCARET / PERAKENDE TİCARET,10,
MPARK,2118-mlp-saglik-hizmetleri-a-s,MLP SAĞLIK HİZMETLERİ A.Ş.,OK,YILDIZ PAZAR / KESİN ALIM SATIM PAZARI-NİTELİKLİ YATIRIMCILAR ARASINDA,EĞİTİM SAĞLIK SPOR VE EĞLENCE HİZMETLERİ / İNSAN SAĞLIĞI VE SOSYAL HİZMETLER,12,
MRBAS/MRS,1324-marbas-menkul-degerler-a-s,MARBAŞ MENKUL DEĞERLER A.Ş.,ALAN_EKSIK,KESİN ALIM SATIM PAZARI-NİTELİKLİ YATIRIMCILAR ARASINDA,,0,"eksik: sektor, endeksler"
MRBKF,5789-mercedes-benz-kamyon-finansman-a-s,MERCEDES BENZ KAMYON FİNANSMAN A.Ş.,ALAN_EKSIK,KESİN ALIM SATIM PAZARI-NİTELİKLİ YATIRIMCILAR ARASINDA,,0,"eksik: sektor, endeksler"
MRGYO,1521-marti-gayrimenkul-yatirim-ortakligi-a-s,MARTI GAYRİMENKUL YATIRIM ORTAKLIĞI A.Ş.,OK,ANA PAZAR,MALİ KURULUŞLAR / GAYRİMENKUL YATIRIM ORTAKLIKLARI,6,
MRMAG,2698-marka-magazacilik-a-s,MARKA MAĞAZACILIK A.Ş.,ALAN_EKSIK,KESİN ALIM SATIM PAZARI-NİTELİKLİ YATIRIMCILAR ARASINDA,,0,"eksik: sektor, endeksler"
MRSHL,1023-marshall-boya-ve-vernik-sanayii-a-s,MARSHALL BOYA VE VERNİK SANAYİİ A.Ş.,OK,ANA PAZAR,İMALAT / KİMYA İLAÇ PETROL LASTİK VE PLASTİK ÜRÜNLER,7,
MSGYO,3695-mistral-gayrimenkul-yatirim-ortakligi-a-s,MİSTRAL GAYRİMENKUL YATIRIM ORTAKLIĞI A.Ş.,OK,ANA PAZAR,MALİ KURULUŞLAR / GAYRİMENKUL YATIRIM ORTAKLIKLARI,8,
MSY/MSYBN,5668-misyon-yatirim-bankasi-a-s,MİSYON YATIRIM BANKASI A.Ş.,ALAN_EKSIK,KESİN ALIM SATIM PAZARI-NİTELİKLİ YATIRIMCILAR ARASINDA,,0,"eksik: sektor, endeksler"
MTRKS,5280-matriks-finansal-teknolojiler-a-s,MATRİKS FİNANSAL TEKNOLOJİLER A.Ş.,OK,ANA PAZAR,TEKNOLOJİ / BİLİŞİM,9,
MTRYO,927-metro-yatirim-ortakligi-a-s,METRO YATIRIM ORTAKLIĞI A.Ş.,OK,ALT PAZAR,MALİ KURULUŞLAR / MENKUL KIYMET YATIRIM ORTAKLIKLARI,1,
MZHLD,1024-mazhar-zorlu-holding-a-s,MAZHAR ZORLU HOLDİNG A.Ş.,OK,ALT PAZAR,MALİ KURULUŞLAR / HOLDİNGLER VE YATIRIM ŞİRKETLERİ,5,
NATEN,4904-naturel-yenilenebilir-enerji-ticaret-a-s,NATUREL YENİLENEBİLİR ENERJİ TİCARET A.Ş.,OK,YILDIZ PAZAR,ELEKTRİK GAZ VE SU / ELEKTRİK GAZ VE BUHAR,8,
NETAS,1041-netas-telekomunikasyon-a-s,NETAŞ TELEKOMÜNİKASYON A.Ş.,OK,ANA PAZAR,TEKNOLOJİ / BİLİŞİM,9,
NETCD,5577-netcad-yazilim-a-s,NETCAD YAZILIM A.Ş.,OK,YILDIZ PAZAR,TEKNOLOJİ / BİLİŞİM,12,
NIBAS,1577-nigbas-nigde-beton-sanayi-ve-ticaret-a-s,NİĞBAŞ NİĞDE BETON SANAYİ VE TİCARET A.Ş.,OK,ANA PAZAR,İMALAT / TAŞ VE TOPRAĞA DAYALI,7,
NRBNK/NYB,2200-nurol-yatirim-bankasi-a-s,NUROL YATIRIM BANKASI A.Ş.,ALAN_EKSIK,KESİN ALIM SATIM PAZARI-NİTELİKLİ YATIRIMCILAR ARASINDA,,0,"eksik: sektor, endeksler"
NTGAZ,5303-naturelgaz-sanayi-ve-ticaret-a-s,NATURELGAZ SANAYİ VE TİCARET A.Ş.,OK,YILDIZ PAZAR,ELEKTRİK GAZ VE SU / ELEKTRİK GAZ VE BUHAR,13,
NTHOL,1039-net-holding-a-s,NET HOLDİNG A.Ş.,OK,YILDIZ PAZAR,MALİ KURULUŞLAR / HOLDİNGLER VE YATIRIM ŞİRKETLERİ,8,
NUGYO,1043-nurol-gayrimenkul-yatirim-ortakligi-a-s,NUROL GAYRİMENKUL YATIRIM ORTAKLIĞI A.Ş.,OK,ANA PAZAR,MALİ KURULUŞLAR / GAYRİMENKUL YATIRIM ORTAKLIKLARI,6,
NUHCM,1042-nuh-cimento-sanayi-a-s,NUH ÇİMENTO SANAYİ A.Ş.,OK,YILDIZ PAZAR,İMALAT / TAŞ VE TOPRAĞA DAYALI,11,
NURVK,4512-nurol-varlik-kiralama-a-s,NUROL VARLIK KİRALAMA A.Ş.,ALAN_EKSIK,KESİN ALIM SATIM PAZARI-NİTELİKLİ YATIRIMCILAR ARASINDA,,0,"eksik: sektor, endeksler"
OBAMS,5934-oba-makarnacilik-sanayi-ve-ticaret-a-s,OBA MAKARNACILIK SANAYİ VE TİCARET A.Ş.,OK,YILDIZ PAZAR,"İMALAT / GIDA, İÇECEK VE TÜTÜN",11,
OBASE,5596-obase-bilgisayar-ve-danismanlik-hizmetleri-ticaret-a-s,OBASE BİLGİSAYAR VE DANIŞMANLIK HİZMETLERİ TİCARET A.Ş.,OK,ANA PAZAR,TEKNOLOJİ / BİLİŞİM,7,
ODAS,1887-odas-elektrik-uretim-sanayi-ticaret-a-s,ODAŞ ELEKTRİK ÜRETİM SANAYİ TİCARET A.Ş.,OK,YILDIZ PAZAR,ELEKTRİK GAZ VE SU / ELEKTRİK GAZ VE BUHAR,8,
ODINE,5941-odine-solutions-teknoloji-ticaret-ve-sanayi-a-s,ODİNE SOLUTİONS TEKNOLOJİ TİCARET VE SANAYİ A.Ş.,OK,YILDIZ PAZAR,TEKNOLOJİ / BİLİŞİM,9,
OFSYM,5851-ofis-yem-gida-sanayi-ticaret-a-s,OFİS YEM GIDA SANAYİ TİCARET A.Ş.,OK,ANA PAZAR,"İMALAT / GIDA, İÇECEK VE TÜTÜN",7,
OMD/OSMEN,1576-osmanli-yatirim-menkul-degerler-a-s,OSMANLI YATIRIM MENKUL DEĞERLER A.Ş.,OK,ANA PAZAR / KESİN ALIM SATIM PAZARI-NİTELİKLİ YATIRIMCILAR ARASINDA,MALİ KURULUŞLAR / ARACI KURUMLAR,8,
ONCSM,5624-oncosem-onkolojik-sistemler-sanayi-ve-ticaret-a-s,ONCOSEM ONKOLOJİK SİSTEMLER SANAYİ VE TİCARET A.Ş.,OK,ANA PAZAR,İMALAT / KİMYA İLAÇ PETROL LASTİK VE PLASTİK ÜRÜNLER,9,
ONRYT,5962-onur-yuksek-teknoloji-a-s,ONUR YÜKSEK TEKNOLOJİ A.Ş.,OK,ANA PAZAR,TEKNOLOJİ / SAVUNMA,7,
OPET,2819-opet-petrolculuk-a-s,OPET PETROLCÜLÜK A.Ş.,ALAN_EKSIK,KESİN ALIM SATIM PAZARI-NİTELİKLİ YATIRIMCILAR ARASINDA,,0,"eksik: sektor, endeksler"
ORCAY,5407-orcay-ortakoy-cay-sanayi-ve-ticaret-a-s,ORÇAY ORTAKÖY ÇAY SANAYİ VE TİCARET A.Ş.,OK,ALT PAZAR,"İMALAT / GIDA, İÇECEK VE TÜTÜN",5,
ORFIN,2121-orfin-finansman-a-s,ORFİN FİNANSMAN A.Ş.,ALAN_EKSIK,KESİN ALIM SATIM PAZARI-NİTELİKLİ YATIRIMCILAR ARASINDA,,0,"eksik: sektor, endeksler"
ORGE,1603-orge-enerji-elektrik-taahhut-a-s,ORGE ENERJİ ELEKTRİK TAAHHÜT A.Ş.,OK,YILDIZ PAZAR,İNŞAAT VE BAYINDIRLIK / İNŞAAT VE BAYINDIRLIK İŞLERİ,10,
ORMA,1621-orma-orman-mahsulleri-integre-sanayi-ve-ticaret-a-s,ORMA ORMAN MAHSÜLLERİ İNTEGRE SANAYİ VE TİCARET A.Ş.,ALAN_EKSIK,PİYASA ÖNCESİ İŞLEM PLATFORMU,İMALAT / ORMAN ÜRÜNLERİ VE MOBİLYA,0,eksik: endeksler
ORZAX,6234-orzaks-ilac-ve-kimya-sanayi-ticaret-a-s,ORZAKS İLAÇ VE KİMYA SANAYİ TİCARET A.Ş.,OK,YILDIZ PAZAR,İMALAT / KİMYA İLAÇ PETROL LASTİK VE PLASTİK ÜRÜNLER,7,
OSTIM,1596-ostim-endustriyel-yatirimlar-ve-isletme-a-s,OSTİM ENDÜSTRİYEL YATIRIMLAR VE İŞLETME A.Ş.,OK,ANA PAZAR,MALİ KURULUŞLAR / HOLDİNGLER VE YATIRIM ŞİRKETLERİ,8,
OSVKS,6151-osmanli-varlik-kiralama-a-s,OSMANLI VARLIK KİRALAMA A.Ş.,ALAN_EKSIK,KESİN ALIM SATIM PAZARI-NİTELİKLİ YATIRIMCILAR ARASINDA,,0,"eksik: sektor, endeksler"
OTKAR,1046-otokar-otomotiv-ve-savunma-sanayi-a-s,OTOKAR OTOMOTİV VE SAVUNMA SANAYİ A.Ş.,OK,KESİN ALIM SATIM PAZARI-NİTELİKLİ YATIRIMCILAR ARASINDA / YILDIZ PAZAR,İMALAT / METAL EŞYA MAKİNE ELEKTRİKLİ CİHAZLAR VE ULAŞIM ARAÇLARI,9,
OTOSR,5880-otosor-otomotiv-a-s,OTOSOR OTOMOTİV A.Ş.,ALAN_EKSIK,KESİN ALIM SATIM PAZARI-NİTELİKLİ YATIRIMCILAR ARASINDA,,0,"eksik: sektor, endeksler"
OTTO,1752-otto-holding-a-s,OTTO HOLDİNG A.Ş.,OK,ANA PAZAR,MALİ KURULUŞLAR / HOLDİNGLER VE YATIRIM ŞİRKETLERİ,7,
OYA/OYYAT,2486-oyak-yatirim-menkul-degerler-a-s,OYAK YATIRIM MENKUL DEĞERLER A.Ş.,OK,YILDIZ PAZAR / KESİN ALIM SATIM PAZARI-NİTELİKLİ YATIRIMCILAR ARASINDA,MALİ KURULUŞLAR / ARACI KURUMLAR,6,
OYAKC,1019-oyak-cimento-fabrikalari-a-s,OYAK ÇİMENTO FABRİKALARI A.Ş.,OK,YILDIZ PAZAR,İMALAT / TAŞ VE TOPRAĞA DAYALI,12,
OYAYO,1456-oyak-yatirim-ortakligi-a-s,OYAK YATIRIM ORTAKLIĞI A.Ş.,OK,ALT PAZAR,MALİ KURULUŞLAR / MENKUL KIYMET YATIRIM ORTAKLIKLARI,1,
OYLUM,1598-oylum-sinai-yatirimlar-a-s,OYLUM SINAİ YATIRIMLAR A.Ş.,OK,ALT PAZAR,"İMALAT / GIDA, İÇECEK VE TÜTÜN",6,
OZATD,6018-ozata-denizcilik-sanayi-ve-ticaret-a-s,ÖZATA DENİZCİLİK SANAYİ VE TİCARET A.Ş.,OK,YILDIZ PAZAR,İMALAT / METAL EŞYA MAKİNE ELEKTRİKLİ CİHAZLAR VE ULAŞIM ARAÇLARI,9,
OZGYO,1048-ozderici-gayrimenkul-yatirim-ortakligi-a-s,ÖZDERİCİ GAYRİMENKUL YATIRIM ORTAKLIĞI A.Ş.,OK,ANA PAZAR,MALİ KURULUŞLAR / GAYRİMENKUL YATIRIM ORTAKLIKLARI,7,
OZKGY,1575-ozak-gayrimenkul-yatirim-ortakligi-a-s,ÖZAK GAYRİMENKUL YATIRIM ORTAKLIĞI A.Ş.,OK,YILDIZ PAZAR,MALİ KURULUŞLAR / GAYRİMENKUL YATIRIM ORTAKLIKLARI,6,
OZRDN,2432-ozerden-ambalaj-sanayi-a-s,ÖZERDEN AMBALAJ SANAYİ A.Ş.,OK,ALT PAZAR,İMALAT / KİMYA İLAÇ PETROL LASTİK VE PLASTİK ÜRÜNLER,7,
OZSUB,4748-ozsu-balik-uretim-a-s,ÖZSU BALIK ÜRETİM A.Ş.,OK,ANA PAZAR,"TARIM, ORMANCILIK VE BALIKÇILIK / BALIKÇILIK VE SU ÜRÜNLERİ",6,
OZYSR,5961-ozyasar-tel-ve-galvanizleme-sanayi-a-s,ÖZYAŞAR TEL VE GALVANİZLEME SANAYİ A.Ş.,OK,ANA PAZAR,İMALAT / ANA METAL SANAYİ,8,
PAGYO,1753-panora-gayrimenkul-yatirim-ortakligi-a-s,PANORA GAYRİMENKUL YATIRIM ORTAKLIĞI A.Ş.,OK,YILDIZ PAZAR,MALİ KURULUŞLAR / GAYRİMENKUL YATIRIM ORTAKLIKLARI,11,
PAHOL,6161-pasifik-holding-a-s,PASİFİK HOLDİNG A.Ş.,OK,YILDIZ PAZAR,MALİ KURULUŞLAR / HOLDİNGLER VE YATIRIM ŞİRKETLERİ,9,
PAMEL,2262-pamel-yenilenebilir-elektrik-uretim-a-s,PAMEL YENİLENEBİLİR ELEKTRİK ÜRETİM A.Ş.,OK,ANA PAZAR,ELEKTRİK GAZ VE SU / ELEKTRİK GAZ VE BUHAR,5,
PAPIL,4989-papilon-savunma-teknoloji-ve-ticaret-a-s,PAPİLON SAVUNMA TEKNOLOJİ VE TİCARET A.Ş.,OK,YILDIZ PAZAR,TEKNOLOJİ / BİLİŞİM,7,
PARSN,1050-parsan-makina-parcalari-sanayii-a-s,PARSAN MAKİNA PARÇALARI SANAYİİ A.Ş.,OK,YILDIZ PAZAR,İMALAT / METAL EŞYA MAKİNE ELEKTRİKLİ CİHAZLAR VE ULAŞIM ARAÇLARI,8,
PASEU,5826-pasifik-eurasia-lojistik-dis-ticaret-a-s,PASİFİK EURASİA LOJİSTİK DIŞ TİCARET A.Ş.,OK,YILDIZ PAZAR,ULAŞTIRMA VE DEPOLAMA,13,
PATEK,5928-pasifik-teknoloji-a-s,PASİFİK TEKNOLOJİ A.Ş.,OK,YILDIZ PAZAR,TEKNOLOJİ / BİLİŞİM,8,
PBT/PBTR,2025-pasha-yatirim-bankasi-a-s,PASHA YATIRIM BANKASI A.Ş.,ALAN_EKSIK,KESİN ALIM SATIM PAZARI-NİTELİKLİ YATIRIMCILAR ARASINDA,,0,"eksik: sektor, endeksler"
PCILT,5299-pc-iletisim-ve-medya-hizmetleri-sanayi-ticaret-a-s,PC İLETİŞİM VE MEDYA HİZMETLERİ SANAYİ TİCARET A.Ş.,OK,ANA PAZAR,"MESLEKİ, BİLİMSEL VE TEKNİK FAALİYETLER / REKLAMCILIK VE PAZAR ARAŞTIRMASI",7,
PEKGY,4584-peker-gayrimenkul-yatirim-ortakligi-a-s,PEKER GAYRİMENKUL YATIRIM ORTAKLIĞI A.Ş.,OK,ANA PAZAR,MALİ KURULUŞLAR / GAYRİMENKUL YATIRIM ORTAKLIKLARI,6,
PENGD,1052-penguen-gida-sanayi-a-s,PENGUEN GIDA SANAYİ A.Ş.,OK,ANA PAZAR,"İMALAT / GIDA, İÇECEK VE TÜTÜN",8,
PENTA,3909-penta-teknoloji-urunleri-dagitim-ticaret-a-s,PENTA TEKNOLOJİ ÜRÜNLERİ DAĞITIM TİCARET A.Ş.,OK,ANA PAZAR,TEKNOLOJİ / BİLİŞİM,8,
PETKM,1053-petkim-petrokimya-holding-a-s,PETKİM PETROKİMYA HOLDİNG A.Ş.,OK,YILDIZ PAZAR,İMALAT / KİMYA İLAÇ PETROL LASTİK VE PLASTİK ÜRÜNLER,16,
PETUN,1057-pinar-entegre-et-ve-un-sanayii-a-s,PINAR ENTEGRE ET VE UN SANAYİİ A.Ş.,OK,ANA PAZAR / KESİN ALIM SATIM PAZARI-NİTELİKLİ YATIRIMCILAR ARASINDA,"İMALAT / GIDA, İÇECEK VE TÜTÜN",8,
PGSUS,1710-pegasus-hava-tasimaciligi-a-s,PEGASUS HAVA TAŞIMACILIĞI A.Ş.,OK,YILDIZ PAZAR,ULAŞTIRMA VE DEPOLAMA,13,
PINSU,1058-pinar-su-ve-icecek-sanayi-ve-ticaret-a-s,PINAR SU VE İÇECEK SANAYİ VE TİCARET A.Ş.,OK,ANA PAZAR,"İMALAT / GIDA, İÇECEK VE TÜTÜN",8,
PKART,1402-plastikkart-akilli-kart-iletisim-sistemleri-sanayi-ve-ticaret-a-s,PLASTİKKART AKILLI KART İLETİŞİM SİSTEMLERİ SANAYİ VE TİCARET A.Ş.,OK,ANA PAZAR,TEKNOLOJİ / BİLİŞİM,8,
PKENT,1054-petrokent-turizm-a-s,PETROKENT TURİZM A.Ş.,OK,ANA PAZAR,OTELLER VE LOKANTALAR / KONAKLAMA,8,
PLTUR,3208-platform-turizm-tasimacilik-gida-insaat-temizlik-hizmetleri-sanayi-ve-ticaret-a-s,PLATFORM TURİZM TAŞIMACILIK GIDA İNŞAAT TEMİZLİK HİZMETLERİ SANAYİ VE TİCARET A.Ş.,OK,ANA PAZAR,İDARİ VE DESTEK HİZMET FAALİYETLERİ / KİRALAMA VE LEASING FAALİYETLERİ,9,
PNLSN,5487-panelsan-cati-cephe-sistemleri-sanayi-ve-ticaret-a-s,PANELSAN ÇATI CEPHE SİSTEMLERİ SANAYİ VE TİCARET A.Ş.,OK,ANA PAZAR,İMALAT / ANA METAL SANAYİ,8,
PNSUT,1059-pinar-sut-mamulleri-sanayii-a-s,PINAR SÜT MAMÜLLERİ SANAYİİ A.Ş.,OK,KESİN ALIM SATIM PAZARI-NİTELİKLİ YATIRIMCILAR ARASINDA / ANA PAZAR,"İMALAT / GIDA, İÇECEK VE TÜTÜN",8,
POLHO,1608-polisan-holding-a-s,POLİSAN HOLDİNG A.Ş.,OK,YILDIZ PAZAR,MALİ KURULUŞLAR / HOLDİNGLER VE YATIRIM ŞİRKETLERİ,12,
POLTK,2219-politeknik-metal-sanayi-ve-ticaret-a-s,POLİTEKNİK METAL SANAYİ VE TİCARET A.Ş.,OK,YILDIZ PAZAR,İMALAT / KİMYA İLAÇ PETROL LASTİK VE PLASTİK ÜRÜNLER,8,
PRDGS,5417-pardus-girisim-sermayesi-yatirim-ortakligi-a-s,PARDUS GİRİŞİM SERMAYESİ YATIRIM ORTAKLIĞI A.Ş.,OK,ANA PAZAR,MALİ KURULUŞLAR / GİRİŞİM SERMAYESİ YATIRIM ORTAKLIKLARI,6,
PRFFK,4640-parafinans-faktoring-a-s,PARAFİNANS FAKTORİNG A.Ş.,ALAN_EKSIK,KESİN ALIM SATIM PAZARI-NİTELİKLİ YATIRIMCILAR ARASINDA,,0,"eksik: sektor, endeksler"
PRKAB,1108-turk-prysmian-kablo-ve-sistemleri-a-s,TÜRK PRYSMİAN KABLO VE SİSTEMLERİ A.Ş.,OK,ANA PAZAR,İMALAT / METAL EŞYA MAKİNE ELEKTRİKLİ CİHAZLAR VE ULAŞIM ARAÇLARI,8,
PRKME,1049-park-elektrik-uretim-madencilik-sanayi-ve-ticaret-a-s,PARK ELEKTRİK ÜRETİM MADENCİLİK SANAYİ VE TİCARET A.Ş.,OK,ANA PAZAR,MADENCİLİK VE TAŞ OCAKÇILIĞI / KÖMÜR VE LİNYİT MADENCİLİĞİ,10,
PRZMA,1599-prizma-pres-matbaacilik-yayincilik-sanayi-ve-ticaret-a-s,PRİZMA PRES MATBAACILIK YAYINCILIK SANAYİ VE TİCARET A.Ş.,OK,ANA PAZAR,İMALAT / KAĞIT VE KAĞIT ÜRÜNLERİ BASIM,7,
PSDTC,2371-pergamon-status-dis-ticaret-a-s,PERGAMON STATUS DIŞ TİCARET A.Ş.,OK,ANA PAZAR,TOPTAN VE PERAKENDE TİCARET / TOPTAN TİCARET,7,
PSGYO,5371-pasifik-gayrimenkul-yatirim-ortakligi-a-s,PASİFİK GAYRİMENKUL YATIRIM ORTAKLIĞI A.Ş.,OK,YILDIZ PAZAR,MALİ KURULUŞLAR / GAYRİMENKUL YATIRIM ORTAKLIKLARI,8,
QNBFF,2218-qnb-faktoring-a-s,QNB FAKTORİNG A.Ş.,ALAN_EKSIK,KESİN ALIM SATIM PAZARI-NİTELİKLİ YATIRIMCILAR ARASINDA,,0,"eksik: sektor, endeksler"
QNBFK,953-qnb-finansal-kiralama-a-s,QNB FİNANSAL KİRALAMA A.Ş.,ALAN_EKSIK,PİYASA ÖNCESİ İŞLEM PLATFORMU / KESİN ALIM SATIM PAZARI-NİTELİKLİ YATIRIMCILAR ARASINDA,MALİ KURULUŞLAR / FİNANSAL KİRALAMA VE FAKTORİNG ŞİRKETLERİ,0,eksik: endeksler
QNBVK,4843-qnb-varlik-kiralama-a-s,QNB VARLIK KİRALAMA A.Ş.,ALAN_EKSIK,KESİN ALIM SATIM PAZARI-NİTELİKLİ YATIRIMCILAR ARASINDA,,0,"eksik: sektor, endeksler"
QUAGR,4887-qua-granite-hayal-yapi-ve-urunleri-sanayi-ticaret-a-s,QUA GRANITE HAYAL YAPI VE ÜRÜNLERİ SANAYİ TİCARET A.Ş.,OK,YILDIZ PAZAR,İMALAT / TAŞ VE TOPRAĞA DAYALI,15,
QUFIN,5613-quick-finansman-a-s,QUICK FİNANSMAN A.Ş.,ALAN_EKSIK,KESİN ALIM SATIM PAZARI-NİTELİKLİ YATIRIMCILAR ARASINDA,,0,"eksik: sektor, endeksler"
QUICK,6264-quick-sigorta-a-s,QUİCK SİGORTA A.Ş.,OK,YILDIZ PAZAR,MALİ KURULUŞLAR / SİGORTA ŞİRKETLERİ,6,
QYATB/YBQ,6002-q-yatirim-bankasi-a-s,Q YATIRIM BANKASI A.Ş.,ALAN_EKSIK,KESİN ALIM SATIM PAZARI-NİTELİKLİ YATIRIMCILAR ARASINDA,,0,"eksik: sektor, endeksler"
QYHOL,5667-q-yatirim-holding-a-s,Q YATIRIM HOLDİNG A.Ş.,ALAN_EKSIK,KESİN ALIM SATIM PAZARI-NİTELİKLİ YATIRIMCILAR ARASINDA,,0,"eksik: sektor, endeksler"
RALYH,883-ral-yatirim-holding-a-s,RAL YATIRIM HOLDİNG A.Ş.,OK,YILDIZ PAZAR,MALİ KURULUŞLAR / HOLDİNGLER VE YATIRIM ŞİRKETLERİ,12,
RAYSG,1063-ray-sigorta-a-s,RAY SİGORTA A.Ş.,OK,ANA PAZAR,MALİ KURULUŞLAR / SİGORTA ŞİRKETLERİ,6,
REEDR,5866-reeder-teknoloji-sanayi-ve-ticaret-a-s,REEDER TEKNOLOJİ SANAYİ VE TİCARET A.Ş.,OK,YILDIZ PAZAR,TEKNOLOJİ / BİLİŞİM,7,
RGYAS,1548-ronesans-gayrimenkul-yatirim-a-s,RÖNESANS GAYRİMENKUL YATIRIM A.Ş.,OK,YILDIZ PAZAR,GAYRİMENKUL FAALİYETLERİ,9,
RNPOL,5418-rainbow-polikarbonat-sanayi-ticaret-a-s,RAİNBOW POLİKARBONAT SANAYİ TİCARET A.Ş.,OK,ALT PAZAR,İMALAT / KİMYA İLAÇ PETROL LASTİK VE PLASTİK ÜRÜNLER,6,
RODRG,1998-rodrigo-tekstil-sanayi-ve-ticaret-a-s,RODRİGO TEKSTİL SANAYİ VE TİCARET A.Ş.,OK,ALT PAZAR,"İMALAT / TEKSTİL, GİYİM EŞYASI VE DERİ",7,
RTALB,2258-rta-laboratuvarlari-biyolojik-urunler-ilac-ve-makine-sanayi-ticaret-a-s,RTA LABORATUVARLARI BİYOLOJİK ÜRÜNLER İLAÇ VE MAKİNE SANAYİ TİCARET A.Ş.,OK,ANA PAZAR,İMALAT / KİMYA İLAÇ PETROL LASTİK VE PLASTİK ÜRÜNLER,8,
RUBNS,5478-rubenis-tekstil-sanayi-ticaret-a-s,RUBENİS TEKSTİL SANAYİ TİCARET A.Ş.,OK,ANA PAZAR,"İMALAT / TEKSTİL, GİYİM EŞYASI VE DERİ",7,
RUZYE,853-ruzy-madencilik-ve-enerji-yatirimlari-sanayi-ve-ticaret-a-s,RUZY MADENCİLİK VE ENERJİ YATIRIMLARI SANAYİ VE TİCARET A.Ş.,OK,ANA PAZAR,MADENCİLİK VE TAŞ OCAKÇILIĞI / KÖMÜR VE LİNYİT MADENCİLİĞİ,8,
RYGYO,1514-reysas-gayrimenkul-yatirim-ortakligi-a-s,REYSAŞ GAYRİMENKUL YATIRIM ORTAKLIĞI A.Ş.,OK,YILDIZ PAZAR,MALİ KURULUŞLAR / GAYRİMENKUL YATIRIM ORTAKLIKLARI,6,
RYSAS,1415-reysas-tasimacilik-ve-lojistik-ticaret-a-s,REYSAŞ TAŞIMACILIK VE LOJİSTİK TİCARET A.Ş.,OK,YILDIZ PAZAR,ULAŞTIRMA VE DEPOLAMA,7,
SAFKR,4550-safkar-ege-sogutmacilik-klima-soguk-hava-tesisleri-ihracat-ithalat-sanayi-ve-ticaret-a-s,SAFKAR EGE SOĞUTMACILIK KLİMA SOĞUK HAVA TESİSLERİ İHRACAT İTHALAT SANAYİ VE TİCARET A.Ş.,OK,YILDIZ PAZAR,İMALAT / METAL EŞYA MAKİNE ELEKTRİKLİ CİHAZLAR VE ULAŞIM ARAÇLARI,9,
SAHOL,976-haci-omer-sabanci-holding-a-s,HACI ÖMER SABANCI HOLDİNG A.Ş.,OK,YILDIZ PAZAR,MALİ KURULUŞLAR / HOLDİNGLER VE YATIRIM ŞİRKETLERİ,13,
SAMAT,1552-saray-matbaacilik-kagitcilik-kirtasiyecilik-ticaret-ve-sanayi-a-s,SARAY MATBAACILIK KAĞITÇILIK KIRTASİYECİLİK TİCARET VE SANAYİ A.Ş.,OK,ALT PAZAR,İMALAT / KAĞIT VE KAĞIT ÜRÜNLERİ BASIM,7,
SANEL,2068-san-el-muhendislik-elektrik-taahhut-sanayi-ve-ticaret-a-s,SAN-EL MÜHENDİSLİK ELEKTRİK TAAHHÜT SANAYİ VE TİCARET A.Ş.,OK,ALT PAZAR,İNŞAAT VE BAYINDIRLIK / İNŞAAT VE BAYINDIRLIK İŞLERİ,6,
SANFM,1578-sanifoam-endustri-ve-tuketim-urunleri-sanayi-ticaret-a-s,SANİFOAM ENDÜSTRİ VE TÜKETİM ÜRÜNLERİ SANAYİ TİCARET A.Ş.,OK,ANA PAZAR,İMALAT / KİMYA İLAÇ PETROL LASTİK VE PLASTİK ÜRÜNLER,7,
SANKO,1066-sanko-pazarlama-ithalat-ihracat-a-s,SANKO PAZARLAMA İTHALAT İHRACAT A.Ş.,OK,ANA PAZAR,TOPTAN VE PERAKENDE TİCARET / TOPTAN TİCARET,7,
SARAE,6246-sa-ra-enerji-insaat-ticaret-ve-sanayi-a-s,ŞA-RA ENERJİ İNŞAAT TİCARET VE SANAYİ A.Ş.,OK,YILDIZ PAZAR,İMALAT / METAL EŞYA MAKİNE ELEKTRİKLİ CİHAZLAR VE ULAŞIM ARAÇLARI,7,
SARKY,1067-sarkuysan-elektrolitik-bakir-sanayi-ve-ticaret-a-s,SARKUYSAN ELEKTROLİTİK BAKIR SANAYİ VE TİCARET A.Ş.,OK,YILDIZ PAZAR,İMALAT / ANA METAL SANAYİ,16,
SARTN,1688-sarten-ambalaj-sanayi-ve-ticaret-a-s,SARTEN AMBALAJ SANAYİ VE TİCARET A.Ş.,ALAN_EKSIK,KESİN ALIM SATIM PAZARI-NİTELİKLİ YATIRIMCILAR ARASINDA,,0,"eksik: sektor, endeksler"
SASA,1068-sasa-polyester-sanayi-a-s,SASA POLYESTER SANAYİ A.Ş.,OK,YILDIZ PAZAR,İMALAT / KİMYA İLAÇ PETROL LASTİK VE PLASTİK ÜRÜNLER,12,
SAYAS,1983-say-yenilenebilir-enerji-ekipmanlari-sanayi-ve-ticaret-a-s,SAY YENİLENEBİLİR ENERJİ EKİPMANLARI SANAYİ VE TİCARET A.Ş.,OK,ANA PAZAR,İMALAT / METAL EŞYA MAKİNE ELEKTRİKLİ CİHAZLAR VE ULAŞIM ARAÇLARI,9,
SDTTR,5686-sdt-uzay-ve-savunma-teknolojileri-a-s,SDT UZAY VE SAVUNMA TEKNOLOJİLERİ A.Ş.,OK,YILDIZ PAZAR,TEKNOLOJİ / SAVUNMA,9,
SEGMN,5976-segmen-kardesler-gida-uretim-ve-ambalaj-sanayi-a-s,SEĞMEN KARDEŞLER GIDA ÜRETİM VE AMBALAJ SANAYİ A.Ş.,OK,ANA PAZAR,"İMALAT / GIDA, İÇECEK VE TÜTÜN",7,
SEGYO,5071-seker-gayrimenkul-yatirim-ortakligi-a-s,ŞEKER GAYRİMENKUL YATIRIM ORTAKLIĞI A.Ş.,OK,ANA PAZAR,MALİ KURULUŞLAR / GAYRİMENKUL YATIRIM ORTAKLIKLARI,6,
SEK/SKBNK,2418-sekerbank-t-a-s,ŞEKERBANK T.A.Ş.,OK,KESİN ALIM SATIM PAZARI-NİTELİKLİ YATIRIMCILAR ARASINDA / YILDIZ PAZAR,MALİ KURULUŞLAR / BANKALAR,9,
SEKFK,1392-seker-finansal-kiralama-a-s,ŞEKER FİNANSAL KİRALAMA A.Ş.,OK,ALT PAZAR,MALİ KURULUŞLAR / FİNANSAL KİRALAMA VE FAKTORİNG ŞİRKETLERİ,5,
SEKUR,2050-sekuro-plastik-ambalaj-sanayi-a-s,SEKURO PLASTİK AMBALAJ SANAYİ A.Ş.,OK,ALT PAZAR,İMALAT / KİMYA İLAÇ PETROL LASTİK VE PLASTİK ÜRÜNLER,5,
SELEC,1420-selcuk-ecza-deposu-ticaret-ve-sanayi-a-s,SELÇUK ECZA DEPOSU TİCARET VE SANAYİ A.Ş.,OK,KESİN ALIM SATIM PAZARI-NİTELİKLİ YATIRIMCILAR ARASINDA / YILDIZ PAZAR,TOPTAN VE PERAKENDE TİCARET / TOPTAN TİCARET,12,
SELVA,5362-selva-gida-sanayi-a-s,SELVA GIDA SANAYİ A.Ş.,OK,ANA PAZAR,"İMALAT / GIDA, İÇECEK VE TÜTÜN",9,
SERNT,6058-seranit-granit-seramik-sanayi-ve-ticaret-a-s,SERANİT GRANİT SERAMİK SANAYİ VE TİCARET A.Ş.,OK,ANA PAZAR,İMALAT / TAŞ VE TOPRAĞA DAYALI,7,
SEYKM,2500-seyitler-kimya-sanayi-a-s,SEYİTLER KİMYA SANAYİ A.Ş.,OK,ALT PAZAR,İMALAT / KİMYA İLAÇ PETROL LASTİK VE PLASTİK ÜRÜNLER,6,
SILVR,1436-silverline-endustri-ve-ticaret-a-s,SİLVERLİNE ENDÜSTRİ VE TİCARET A.Ş.,OK,ALT PAZAR,İMALAT / METAL EŞYA MAKİNE ELEKTRİKLİ CİHAZLAR VE ULAŞIM ARAÇLARI,5,
SISE,1087-turkiye-sise-ve-cam-fabrikalari-a-s,TÜRKİYE ŞİŞE VE CAM FABRİKALARI A.Ş.,OK,YILDIZ PAZAR,MALİ KURULUŞLAR / HOLDİNGLER VE YATIRIM ŞİRKETLERİ,15,
SKTAS,1073-soktas-tekstil-sanayi-ve-ticaret-a-s,SÖKTAŞ TEKSTİL SANAYİ VE TİCARET A.Ş.,OK,ANA PAZAR,"İMALAT / TEKSTİL, GİYİM EŞYASI VE DERİ",7,
SKY/SKYMD,1351-seker-yatirim-menkul-degerler-a-s,ŞEKER YATIRIM MENKUL DEĞERLER A.Ş.,OK,ANA PAZAR / KESİN ALIM SATIM PAZARI-NİTELİKLİ YATIRIMCILAR ARASINDA,MALİ KURULUŞLAR / ARACI KURUMLAR,6,
SKYLP,1602-skyalp-finansal-teknolojiler-ve-danismanlik-a-s,SKYALP FİNANSAL TEKNOLOJİLER VE DANIŞMANLIK A.Ş.,OK,ALT PAZAR,"MESLEKİ, BİLİMSEL VE TEKNİK FAALİYETLER / HUKUK VE MUHASEBE FAALİYETLERİ",4,
SMART,4872-smartiks-yazilim-a-s,SMARTİKS YAZILIM A.Ş.,OK,ANA PAZAR,TEKNOLOJİ / BİLİŞİM,8,
SMRFA,2411-sumer-faktoring-a-s,SÜMER FAKTORİNG A.Ş.,ALAN_EKSIK,KESİN ALIM SATIM PAZARI-NİTELİKLİ YATIRIMCILAR ARASINDA,,0,"eksik: sektor, endeksler"
SMRTG,5557-smart-gunes-enerjisi-teknolojileri-arastirma-gelistirme-uretim-sanayi-ve-ticaret-a-s,SMART GÜNEŞ ENERJİSİ TEKNOLOJİLERİ ARAŞTIRMA GELİŞTİRME ÜRETİM SANAYİ VE TİCARET A.Ş.,OK,YILDIZ PAZAR / KESİN ALIM SATIM PAZARI-NİTELİKLİ YATIRIMCILAR ARASINDA,ELEKTRİK GAZ VE SU / ELEKTRİK GAZ VE BUHAR,7,
SMRVA,3660-sumer-varlik-yonetim-a-s,SÜMER VARLIK YÖNETİM A.Ş.,OK,KESİN ALIM SATIM PAZARI-NİTELİKLİ YATIRIMCILAR ARASINDA / ANA PAZAR,MALİ KURULUŞLAR / VARLIK YÖNETİM ŞİRKETLERİ,7,
SNGYO,1459-sinpas-gayrimenkul-yatirim-ortakligi-a-s,SİNPAŞ GAYRİMENKUL YATIRIM ORTAKLIĞI A.Ş.,OK,YILDIZ PAZAR,MALİ KURULUŞLAR / GAYRİMENKUL YATIRIM ORTAKLIKLARI,8,
SNICA,5691-sanica-isi-sanayi-a-s,SANİCA ISI SANAYİ A.Ş.,OK,ANA PAZAR,İMALAT / METAL EŞYA MAKİNE ELEKTRİKLİ CİHAZLAR VE ULAŞIM ARAÇLARI,8,
SNPAM,1075-sonmez-pamuklu-sanayii-a-s,SÖNMEZ PAMUKLU SANAYİİ A.Ş.,ALAN_EKSIK,PİYASA ÖNCESİ İŞLEM PLATFORMU,"İMALAT / TEKSTİL, GİYİM EŞYASI VE DERİ",0,eksik: endeksler
SODSN,1583-sodas-sodyum-sanayii-a-s,SODAŞ SODYUM SANAYİİ A.Ş.,ALAN_EKSIK,PİYASA ÖNCESİ İŞLEM PLATFORMU,İMALAT / KİMYA İLAÇ PETROL LASTİK VE PLASTİK ÜRÜNLER,0,eksik: endeksler
SOHOE,6233-soho-giyim-ve-enerji-a-s,SOHO GİYİM VE ENERJİ A.Ş.,OK,ANA PAZAR,"İMALAT / TEKSTİL, GİYİM EŞYASI VE DERİ",8,
SOKE,4099-soke-degirmencilik-sanayi-ve-ticaret-a-s,SÖKE DEĞİRMENCİLİK SANAYİ VE TİCARET A.Ş.,OK,ANA PAZAR,"İMALAT / GIDA, İÇECEK VE TÜTÜN",8,
SOKM,3913-sok-marketler-ticaret-a-s,ŞOK MARKETLER TİCARET A.Ş.,OK,YILDIZ PAZAR,TOPTAN VE PERAKENDE TİCARET / PERAKENDE TİCARET,9,
SONME,1074-sonmez-filament-sentetik-iplik-ve-elyaf-sanayi-a-s,SÖNMEZ FİLAMENT SENTETİK İPLİK VE ELYAF SANAYİ A.Ş.,OK,ALT PAZAR,GAYRİMENKUL FAALİYETLERİ,4,
SRVGY,1705-servet-gayrimenkul-yatirim-ortakligi-a-s,SERVET GAYRİMENKUL YATIRIM ORTAKLIĞI A.Ş.,OK,YILDIZ PAZAR,MALİ KURULUŞLAR / GAYRİMENKUL YATIRIM ORTAKLIKLARI,8,
SSAAT,4184-saat-ve-saat-sanayi-ve-ticaret-a-s,SAAT VE SAAT SANAYİ VE TİCARET A.Ş.,OK,YILDIZ PAZAR,TOPTAN VE PERAKENDE TİCARET / PERAKENDE TİCARET,8,
SUMAS,2801-sumas-suni-tahta-ve-mobilya-sanayii-a-s,SUMAŞ SUNİ TAHTA VE MOBİLYA SANAYİİ A.Ş.,ALAN_EKSIK,PİYASA ÖNCESİ İŞLEM PLATFORMU,İMALAT / ORMAN ÜRÜNLERİ VE MOBİLYA,0,eksik: endeksler
SUNTK,5587-sun-tekstil-sanayi-ve-ticaret-a-s,SUN TEKSTİL SANAYİ VE TİCARET A.Ş.,OK,YILDIZ PAZAR,"İMALAT / TEKSTİL, GİYİM EŞYASI VE DERİ",14,
SURGY,5910-sur-tatil-evleri-gayrimenkul-yatirim-ortakligi-a-s,SUR TATİL EVLERİ GAYRİMENKUL YATIRIM ORTAKLIĞI A.Ş.,OK,YILDIZ PAZAR,MALİ KURULUŞLAR / GAYRİMENKUL YATIRIM ORTAKLIKLARI,8,
SUWEN,5332-suwen-tekstil-sanayi-pazarlama-a-s,SUWEN TEKSTİL SANAYİ PAZARLAMA A.Ş.,OK,YILDIZ PAZAR,TOPTAN VE PERAKENDE TİCARET / PERAKENDE TİCARET,10,
SVGYO,6198-savur-gayrimenkul-yatirim-ortakligi-a-s,SAVUR GAYRİMENKUL YATIRIM ORTAKLIĞI A.Ş.,OK,ANA PAZAR,MALİ KURULUŞLAR / GAYRİMENKUL YATIRIM ORTAKLIKLARI,7,
TABGD,4065-tab-gida-sanayi-ve-ticaret-a-s,TAB GIDA SANAYİ VE TİCARET A.Ş.,OK,YILDIZ PAZAR,OTELLER VE LOKANTALAR / YİYECEK VE İÇECEK HİZMETLERİ,10,
TAC/TCRYT,2522-tacirler-yatirim-menkul-degerler-a-s,TACİRLER YATIRIM MENKUL DEĞERLER A.Ş.,ALAN_EKSIK,KESİN ALIM SATIM PAZARI-NİTELİKLİ YATIRIMCILAR ARASINDA,,0,"eksik: sektor, endeksler"
TAE/TRBNK,5886-tera-yatirim-bankasi-a-s,TERA YATIRIM BANKASI A.Ş.,ALAN_EKSIK,KESİN ALIM SATIM PAZARI-NİTELİKLİ YATIRIMCILAR ARASINDA,,0,"eksik: sektor, endeksler"
TAMFA,2188-tam-finans-faktoring-a-s,TAM FİNANS FAKTORİNG A.Ş.,ALAN_EKSIK,KESİN ALIM SATIM PAZARI-NİTELİKLİ YATIRIMCILAR ARASINDA,,0,"eksik: sektor, endeksler"
TARFN,6030-tarfin-tarim-a-s,TARFİN TARIM A.Ş.,ALAN_EKSIK,KESİN ALIM SATIM PAZARI-NİTELİKLİ YATIRIMCILAR ARASINDA,,0,"eksik: sektor, endeksler"
TARKM,5023-tarkim-bitki-koruma-sanayi-ve-ticaret-a-s,TARKİM BİTKİ KORUMA SANAYİ VE TİCARET A.Ş.,OK,YILDIZ PAZAR,İMALAT / KİMYA İLAÇ PETROL LASTİK VE PLASTİK ÜRÜNLER,9,
TATEN,5850-tatlipinar-enerji-uretim-a-s,TATLIPINAR ENERJİ ÜRETİM A.Ş.,OK,YILDIZ PAZAR,ELEKTRİK GAZ VE SU / ELEKTRİK GAZ VE BUHAR,7,
TATGD,1091-tat-gida-sanayi-a-s,TAT GIDA SANAYİ A.Ş.,OK,ANA PAZAR / KESİN ALIM SATIM PAZARI-NİTELİKLİ YATIRIMCILAR ARASINDA,"İMALAT / GIDA, İÇECEK VE TÜTÜN",9,
TAVHL,1452-tav-havalimanlari-holding-a-s,TAV HAVALİMANLARI HOLDİNG A.Ş.,OK,YILDIZ PAZAR,MALİ KURULUŞLAR / HOLDİNGLER VE YATIRIM ŞİRKETLERİ,12,
TBORG,1088-turk-tuborg-bira-ve-malt-sanayii-a-s,TÜRK TUBORG BİRA VE MALT SANAYİİ A.Ş.,OK,ANA PAZAR,"İMALAT / GIDA, İÇECEK VE TÜTÜN",7,
TCELL,1103-turkcell-iletisim-hizmetleri-a-s,TURKCELL İLETİŞİM HİZMETLERİ A.Ş.,OK,KESİN ALIM SATIM PAZARI-NİTELİKLİ YATIRIMCILAR ARASINDA / YILDIZ PAZAR,BİLGİ VE İLETİŞİM / TELEKOMÜNİKASYON,15,
TCKRC,6010-kirac-galvaniz-telekominikasyon-metal-makine-insaat-elektrik-sanayi-ve-ticaret-a-s,KIRAÇ GALVANİZ TELEKOMİNİKASYON METAL MAKİNE İNŞAAT ELEKTRİK SANAYİ VE TİCARET A.Ş.,OK,YILDIZ PAZAR,İMALAT / ANA METAL SANAYİ,8,
TDGYO,4580-trend-gayrimenkul-yatirim-ortakligi-a-s,TREND GAYRİMENKUL YATIRIM ORTAKLIĞI A.Ş.,OK,ALT PAZAR,MALİ KURULUŞLAR / GAYRİMENKUL YATIRIM ORTAKLIKLARI,4,
TEBFA,3025-teb-faktoring-a-s,TEB FAKTORİNG A.Ş.,ALAN_EKSIK,KESİN ALIM SATIM PAZARI-NİTELİKLİ YATIRIMCILAR ARASINDA,,0,"eksik: sektor, endeksler"
TEHOL,968-tera-yatirim-teknoloji-holding-a-s,TERA YATIRIM TEKNOLOJİ HOLDİNG A.Ş.,OK,ANA PAZAR,MALİ KURULUŞLAR / HOLDİNGLER VE YATIRIM ŞİRKETLERİ,7,
TEKTU,1092-tek-art-insaat-ticaret-turizm-sanayi-ve-yatirimlar-a-s,TEK-ART İNŞAAT TİCARET TURİZM SANAYİ VE YATIRIMLAR A.Ş.,OK,ANA PAZAR,OTELLER VE LOKANTALAR / KONAKLAMA,8,
TERA/TRA,2464-tera-yatirim-menkul-degerler-a-s,TERA YATIRIM MENKUL DEĞERLER A.Ş.,OK,KESİN ALIM SATIM PAZARI-NİTELİKLİ YATIRIMCILAR ARASINDA / ANA PAZAR,MALİ KURULUŞLAR / ARACI KURUMLAR,6,
TEVKS,6193-tera-varlik-kiralama-a-s,TERA VARLIK KİRALAMA A.Ş.,ALAN_EKSIK,KESİN ALIM SATIM PAZARI-NİTELİKLİ YATIRIMCILAR ARASINDA,,0,"eksik: sektor, endeksler"
TEZOL,4838-europap-tezol-kagit-sanayi-ve-ticaret-a-s,EUROPAP TEZOL KAĞIT SANAYİ VE TİCARET A.Ş.,OK,YILDIZ PAZAR,İMALAT / KAĞIT VE KAĞIT ÜRÜNLERİ BASIM,11,
TFNVK,1711-tf-varlik-kiralama-a-s,TF VARLIK KİRALAMA A.Ş.,ALAN_EKSIK,KESİN ALIM SATIM PAZARI / KESİN ALIM SATIM PAZARI-NİTELİKLİ YATIRIMCILAR ARASINDA,,0,"eksik: sektor, endeksler"
TGSAS,1613-tgs-dis-ticaret-a-s,TGS DIŞ TİCARET A.Ş.,OK,ANA PAZAR,TOPTAN VE PERAKENDE TİCARET / TOPTAN TİCARET,9,
THYAO,1107-turk-hava-yollari-a-o,TÜRK HAVA YOLLARI A.O.,OK,YILDIZ PAZAR,ULAŞTIRMA VE DEPOLAMA,13,
TIMUR,2473-timur-gayrimenkul-gelistirme-yapi-ve-yatirim-a-s,TİMUR GAYRİMENKUL GELİŞTİRME YAPI VE YATIRIM A.Ş.,ALAN_EKSIK,KESİN ALIM SATIM PAZARI-NİTELİKLİ YATIRIMCILAR ARASINDA,,0,"eksik: sektor, endeksler"
TKFEN,1470-tekfen-holding-a-s,TEKFEN HOLDİNG A.Ş.,OK,YILDIZ PAZAR,MALİ KURULUŞLAR / HOLDİNGLER VE YATIRIM ŞİRKETLERİ,14,
TKNSA,1607-teknosa-ic-ve-dis-ticaret-a-s,TEKNOSA İÇ VE DIŞ TİCARET A.Ş.,OK,KESİN ALIM SATIM PAZARI-NİTELİKLİ YATIRIMCILAR ARASINDA / ANA PAZAR,TOPTAN VE PERAKENDE TİCARET / PERAKENDE TİCARET,11,
TLMAN,4570-trabzon-liman-isletmeciligi-a-s,TRABZON LİMAN İŞLETMECİLİĞİ A.Ş.,OK,ANA PAZAR,ULAŞTIRMA VE DEPOLAMA,6,
TMPOL,2075-temapol-polimer-plastik-ve-insaat-sanayi-ticaret-a-s,TEMAPOL POLİMER PLASTİK VE İNŞAAT SANAYİ TİCARET A.Ş.,OK,ANA PAZAR,İMALAT / KİMYA İLAÇ PETROL LASTİK VE PLASTİK ÜRÜNLER,8,
TMSN,1694-tumosan-motor-ve-traktor-sanayi-a-s,TÜMOSAN MOTOR VE TRAKTÖR SANAYİ A.Ş.,OK,YILDIZ PAZAR,İMALAT / METAL EŞYA MAKİNE ELEKTRİKLİ CİHAZLAR VE ULAŞIM ARAÇLARI,7,
TNZTP,5261-tapdi-oksijen-ozel-saglik-ve-egitim-hizmetleri-sanayi-ticaret-a-s,TAPDİ OKSİJEN ÖZEL SAĞLIK VE EĞİTİM HİZMETLERİ SANAYİ TİCARET A.Ş.,OK,YILDIZ PAZAR,EĞİTİM SAĞLIK SPOR VE EĞLENCE HİZMETLERİ / İNSAN SAĞLIĞI VE SOSYAL HİZMETLER,6,
TOASO,1096-tofas-turk-otomobil-fabrikasi-a-s,TOFAŞ TÜRK OTOMOBİL FABRİKASI A.Ş.,OK,YILDIZ PAZAR,İMALAT / METAL EŞYA MAKİNE ELEKTRİKLİ CİHAZLAR VE ULAŞIM ARAÇLARI,15,
TRALT,1500-turk-altin-isletmeleri-a-s,TÜRK ALTIN İŞLETMELERİ A.Ş.,OK,YILDIZ PAZAR,MADENCİLİK VE TAŞ OCAKÇILIĞI / METAL CEVHERİ MADENCİLİĞİ,11,
TRCAS,1102-turcas-holding-a-s,TURCAS HOLDİNG A.Ş.,OK,YILDIZ PAZAR,MALİ KURULUŞLAR / HOLDİNGLER VE YATIRIM ŞİRKETLERİ,9,
TRENJ,986-tr-dogal-enerji-kaynaklari-arastirma-ve-uretim-a-s,TR DOĞAL ENERJİ KAYNAKLARI ARAŞTIRMA VE ÜRETİM A.Ş.,OK,YILDIZ PAZAR,MADENCİLİK VE TAŞ OCAKÇILIĞI / HAM PETROL VE DOĞAL GAZ ÇIKARTILMASI,8,
TRFFA,2463-tera-finans-faktoring-a-s,TERA FİNANS FAKTORİNG A.Ş.,ALAN_EKSIK,KESİN ALIM SATIM PAZARI-NİTELİKLİ YATIRIMCILAR ARASINDA,,0,"eksik: sektor, endeksler"
TRGYO,1524-torunlar-gayrimenkul-yatirim-ortakligi-a-s,TORUNLAR GAYRİMENKUL YATIRIM ORTAKLIĞI A.Ş.,OK,YILDIZ PAZAR,MALİ KURULUŞLAR / GAYRİMENKUL YATIRIM ORTAKLIKLARI,7,
TRHOL,1089-tera-finansal-yatirimlar-holding-a-s,TERA FİNANSAL YATIRIMLAR HOLDİNG A.Ş.,OK,ALT PAZAR,MALİ KURULUŞLAR / HOLDİNGLER VE YATIRIM ŞİRKETLERİ,5,
TRILC,5263-turk-ilac-ve-serum-sanayi-a-s,TURK İLAÇ VE SERUM SANAYİ A.Ş.,ALAN_EKSIK,KESİN ALIM SATIM PAZARI-NİTELİKLİ YATIRIMCILAR ARASINDA / YAKIN İZLEME PAZARI,İMALAT / KİMYA İLAÇ PETROL LASTİK VE PLASTİK ÜRÜNLER,0,eksik: endeksler
TRKFN,4952-turk-finansman-a-s,TURK FİNANSMAN A.Ş.,ALAN_EKSIK,KESİN ALIM SATIM PAZARI-NİTELİKLİ YATIRIMCILAR ARASINDA,,0,"eksik: sektor, endeksler"
TRKNT,4874-turknet-iletisim-hizmetleri-a-s,TURKNET İLETİŞİM HİZMETLERİ A.Ş.,ALAN_EKSIK,KESİN ALIM SATIM PAZARI-NİTELİKLİ YATIRIMCILAR ARASINDA,,0,"eksik: sektor, endeksler"
TRMEN/TVM,1296-trive-yatirim-menkul-degerler-a-s,TRIVE YATIRIM MENKUL DEĞERLER A.Ş.,ALAN_EKSIK,KESİN ALIM SATIM PAZARI-NİTELİKLİ YATIRIMCILAR ARASINDA,,0,"eksik: sektor, endeksler"
TRMET,1010-tr-anadolu-metal-madencilik-isletmeleri-a-s,TR ANADOLU METAL MADENCİLİK İŞLETMELERİ A.Ş.,OK,YILDIZ PAZAR,MADENCİLİK VE TAŞ OCAKÇILIĞI / METAL CEVHERİ MADENCİLİĞİ,9,
TRYKI,2433-tiryaki-agro-gida-sanayi-ve-ticaret-a-s,TİRYAKİ AGRO GIDA SANAYİ VE TİCARET A.Ş.,ALAN_EKSIK,KESİN ALIM SATIM PAZARI-NİTELİKLİ YATIRIMCILAR ARASINDA,,0,"eksik: sektor, endeksler"
TSGYO,1502-tskb-gayrimenkul-yatirim-ortakligi-a-s,TSKB GAYRİMENKUL YATIRIM ORTAKLIĞI A.Ş.,OK,ANA PAZAR,MALİ KURULUŞLAR / GAYRİMENKUL YATIRIM ORTAKLIKLARI,5,
TSK/TSKB,2427-turkiye-sinai-kalkinma-bankasi-a-s,TÜRKİYE SINAİ KALKINMA BANKASI A.Ş.,OK,YILDIZ PAZAR,MALİ KURULUŞLAR / BANKALAR,10,
TSPOR,1400-trabzonspor-sportif-yatirim-ve-futbol-isletmeciligi-ticaret-a-s,TRABZONSPOR SPORTİF YATIRIM VE FUTBOL İŞLETMECİLİĞİ TİCARET A.Ş.,OK,YILDIZ PAZAR,EĞİTİM SAĞLIK SPOR VE EĞLENCE HİZMETLERİ / SPOR FAALİYETLERİ EĞLENCE VE OYUN FAALİYETLERİ,6,
TTKOM,1473-turk-telekomunikasyon-a-s,TÜRK TELEKOMÜNİKASYON A.Ş.,OK,YILDIZ PAZAR,BİLGİ VE İLETİŞİM / TELEKOMÜNİKASYON,12,
TTRAK,1393-turk-traktor-ve-ziraat-makineleri-a-s,TÜRK TRAKTÖR VE ZİRAAT MAKİNELERİ A.Ş.,OK,YILDIZ PAZAR,İMALAT / METAL EŞYA MAKİNE ELEKTRİKLİ CİHAZLAR VE ULAŞIM ARAÇLARI,10,
TUCLK,2264-tugcelik-aluminyum-ve-metal-mamulleri-sanayi-ve-ticaret-a-s,TUĞÇELİK ALÜMİNYUM VE METAL MAMÜLLERİ SANAYİ VE TİCARET A.Ş.,OK,ANA PAZAR,İMALAT / ANA METAL SANAYİ,8,
TUKAS,1101-tukas-gida-sanayi-ve-ticaret-a-s,TUKAŞ GIDA SANAYİ VE TİCARET A.Ş.,OK,YILDIZ PAZAR / KESİN ALIM SATIM PAZARI-NİTELİKLİ YATIRIMCILAR ARASINDA,"İMALAT / GIDA, İÇECEK VE TÜTÜN",12,
TUPRS,1105-tupras-turkiye-petrol-rafinerileri-a-s,TÜPRAŞ-TÜRKİYE PETROL RAFİNERİLERİ A.Ş.,OK,KESİN ALIM SATIM PAZARI-NİTELİKLİ YATIRIMCILAR ARASINDA / YILDIZ PAZAR,İMALAT / KİMYA İLAÇ PETROL LASTİK VE PLASTİK ÜRÜNLER,21,
TUREX,3986-tureks-turizm-tasimacilik-a-s,TUREKS TURİZM TAŞIMACILIK A.Ş.,OK,YILDIZ PAZAR,ULAŞTIRMA VE DEPOLAMA,11,
TURGG,1996-turker-proje-gayrimenkul-ve-yatirim-gelistirme-a-s,TÜRKER PROJE GAYRİMENKUL VE YATIRIM GELİŞTİRME A.Ş.,OK,ANA PAZAR,İNŞAAT VE BAYINDIRLIK / İNŞAAT VE BAYINDIRLIK İŞLERİ,8,
TURSG,975-turkiye-sigorta-a-s,TÜRKİYE SİGORTA A.Ş.,OK,YILDIZ PAZAR,MALİ KURULUŞLAR / SİGORTA ŞİRKETLERİ,13,
TV8TV,3548-tv8-tv-yayincilik-a-s,TV8 TV YAYINCILIK A.Ş.,ALAN_EKSIK,KESİN ALIM SATIM PAZARI-NİTELİKLİ YATIRIMCILAR ARASINDA,,0,"eksik: sektor, endeksler"
TVB/VAKBN,2428-turkiye-vakiflar-bankasi-t-a-o,TÜRKİYE VAKIFLAR BANKASI T.A.O.,OK,YILDIZ PAZAR / KESİN ALIM SATIM PAZARI / KESİN ALIM SATIM PAZARI-NİTELİKLİ YATIRIMCILAR ARASINDA,MALİ KURULUŞLAR / BANKALAR,12,
UCAYM,6182-ucay-muhendislik-enerji-ve-iklimlendirme-teknolojileri-a-s,ÜÇAY MÜHENDİSLİK ENERJİ VE İKLİMLENDİRME TEKNOLOJİLERİ A.Ş.,OK,YILDIZ PAZAR,İNŞAAT VE BAYINDIRLIK / İNŞAAT VE BAYINDIRLIK İŞLERİ,9,
UFUK,1444-ufuk-yatirim-yonetim-ve-gayrimenkul-a-s,UFUK YATIRIM YÖNETİM VE GAYRİMENKUL A.Ş.,OK,ANA PAZAR,MALİ KURULUŞLAR / HOLDİNGLER VE YATIRIM ŞİRKETLERİ,8,
ULAS,1677-ulaslar-turizm-enerji-tarim-gida-ve-insaat-yatirimlari-a-s,ULAŞLAR TURİZM ENERJİ TARIM GIDA VE İNŞAAT YATIRIMLARI A.Ş.,OK,ALT PAZAR,OTELLER VE LOKANTALAR / KONAKLAMA,6,
ULKER,859-ulker-biskuvi-sanayi-a-s,ÜLKER BİSKÜVİ SANAYİ A.Ş.,OK,YILDIZ PAZAR,"İMALAT / GIDA, İÇECEK VE TÜTÜN",11,
ULUFA,2149-ulusal-faktoring-a-s,ULUSAL FAKTORİNG A.Ş.,OK,ANA PAZAR / KESİN ALIM SATIM PAZARI-NİTELİKLİ YATIRIMCILAR ARASINDA,MALİ KURULUŞLAR / FİNANSAL KİRALAMA VE FAKTORİNG ŞİRKETLERİ,8,
ULUSE,2374-ulusoy-elektrik-imalat-taahhut-ve-ticaret-a-s,ULUSOY ELEKTRİK İMALAT TAAHHÜT VE TİCARET A.Ş.,OK,ANA PAZAR,İMALAT / METAL EŞYA MAKİNE ELEKTRİKLİ CİHAZLAR VE ULAŞIM ARAÇLARI,8,
ULUUN,2375-ulusoy-un-sanayi-ve-ticaret-a-s,ULUSOY UN SANAYİ VE TİCARET A.Ş.,OK,ANA PAZAR,"İMALAT / GIDA, İÇECEK VE TÜTÜN",6,
UMPAS,2065-umpas-holding-a-s,UMPAŞ HOLDİNG A.Ş.,ALAN_EKSIK,PİYASA ÖNCESİ İŞLEM PLATFORMU,MALİ KURULUŞLAR / HOLDİNGLER VE YATIRIM ŞİRKETLERİ,0,eksik: endeksler
UNLU,2474-unlu-yatirim-holding-a-s,ÜNLÜ YATIRIM HOLDİNG A.Ş.,OK,KESİN ALIM SATIM PAZARI-NİTELİKLİ YATIRIMCILAR ARASINDA / ANA PAZAR,MALİ KURULUŞLAR / HOLDİNGLER VE YATIRIM ŞİRKETLERİ,7,
USAK,1111-usak-seramik-sanayi-a-s,UŞAK SERAMİK SANAYİ A.Ş.,OK,KESİN ALIM SATIM PAZARI-NİTELİKLİ YATIRIMCILAR ARASINDA / YILDIZ PAZAR,İMALAT / TAŞ VE TOPRAĞA DAYALI,9,
VAKFA,2556-vakif-faktoring-a-s,VAKIF FAKTORİNG A.Ş.,OK,YILDIZ PAZAR,MALİ KURULUŞLAR / FİNANSAL KİRALAMA VE FAKTORİNG ŞİRKETLERİ,8,
VAKFN,1115-vakif-finansal-kiralama-a-s,VAKIF FİNANSAL KİRALAMA A.Ş.,OK,YILDIZ PAZAR,MALİ KURULUŞLAR / FİNANSAL KİRALAMA VE FAKTORİNG ŞİRKETLERİ,6,
VAKKO,1119-vakko-tekstil-ve-hazir-giyim-sanayi-isletmeleri-a-s,VAKKO TEKSTİL VE HAZIR GİYİM SANAYİ İŞLETMELERİ A.Ş.,OK,YILDIZ PAZAR,TOPTAN VE PERAKENDE TİCARET / PERAKENDE TİCARET,11,
VAKVK,4329-vakif-varlik-kiralama-a-s,VAKIF VARLIK KİRALAMA A.Ş.,ALAN_EKSIK,KESİN ALIM SATIM PAZARI-NİTELİKLİ YATIRIMCILAR ARASINDA / KESİN ALIM SATIM PAZARI,,0,"eksik: sektor, endeksler"
VANGD,1558-vanet-gida-sanayi-ic-ve-dis-ticaret-a-s,VANET GIDA SANAYİ İÇ VE DIŞ TİCARET A.Ş.,OK,ALT PAZAR,"İMALAT / GIDA, İÇECEK VE TÜTÜN",6,
VBTYZ,5369-vbt-yazilim-a-s,VBT YAZILIM A.Ş.,OK,ANA PAZAR,TEKNOLOJİ / BİLİŞİM,7,
VDFAS,2153-volkswagen-dogus-finansman-a-s,VOLKSWAGEN DOĞUŞ FİNANSMAN A.Ş.,ALAN_EKSIK,KESİN ALIM SATIM PAZARI-NİTELİKLİ YATIRIMCILAR ARASINDA,,0,"eksik: sektor, endeksler"
VDFLO,5080-vdf-filo-kiralama-a-s,VDF FİLO KİRALAMA A.Ş.,ALAN_EKSIK,KESİN ALIM SATIM PAZARI-NİTELİKLİ YATIRIMCILAR ARASINDA,,0,"eksik: sektor, endeksler"
VERTU,2048-verusaturk-girisim-sermayesi-yatirim-ortakligi-a-s,VERUSATURK GİRİŞİM SERMAYESİ YATIRIM ORTAKLIĞI A.Ş.,OK,ANA PAZAR,MALİ KURULUŞLAR / GİRİŞİM SERMAYESİ YATIRIM ORTAKLIKLARI,7,
VERUS,2059-verusa-holding-a-s,VERUSA HOLDİNG A.Ş.,OK,ANA PAZAR,MALİ KURULUŞLAR / HOLDİNGLER VE YATIRIM ŞİRKETLERİ,7,
VESBE,1419-vestel-beyaz-esya-sanayi-ve-ticaret-a-s,VESTEL BEYAZ EŞYA SANAYİ VE TİCARET A.Ş.,OK,YILDIZ PAZAR / KESİN ALIM SATIM PAZARI-NİTELİKLİ YATIRIMCILAR ARASINDA,İMALAT / METAL EŞYA MAKİNE ELEKTRİKLİ CİHAZLAR VE ULAŞIM ARAÇLARI,11,
VESTL,1122-vestel-elektronik-sanayi-ve-ticaret-a-s,VESTEL ELEKTRONİK SANAYİ VE TİCARET A.Ş.,OK,YILDIZ PAZAR / KESİN ALIM SATIM PAZARI-NİTELİKLİ YATIRIMCILAR ARASINDA,İMALAT / METAL EŞYA MAKİNE ELEKTRİKLİ CİHAZLAR VE ULAŞIM ARAÇLARI,10,
VKFYO,1117-vakif-menkul-kiymet-yatirim-ortakligi-a-s,VAKIF MENKUL KIYMET YATIRIM ORTAKLIĞI A.Ş.,OK,ALT PAZAR,MALİ KURULUŞLAR / MENKUL KIYMET YATIRIM ORTAKLIKLARI,1,
VKGYO,1116-vakif-gayrimenkul-yatirim-ortakligi-a-s,VAKIF GAYRİMENKUL YATIRIM ORTAKLIĞI A.Ş.,OK,YILDIZ PAZAR,MALİ KURULUŞLAR / GAYRİMENKUL YATIRIM ORTAKLIKLARI,8,
VKING,1123-viking-kagit-ve-seluloz-a-s,VİKİNG KAĞIT VE SELÜLOZ A.Ş.,OK,ANA PAZAR,İMALAT / KAĞIT VE KAĞIT ÜRÜNLERİ BASIM,7,
VRGYO,5885-vera-konsept-gayrimenkul-yatirim-ortakligi-a-s,VERA KONSEPT GAYRİMENKUL YATIRIM ORTAKLIĞI A.Ş.,OK,ANA PAZAR,MALİ KURULUŞLAR / GAYRİMENKUL YATIRIM ORTAKLIKLARI,6,
VSNMD,6060-visne-madencilik-uretim-sanayi-ve-ticaret-a-s,VİŞNE MADENCİLİK ÜRETİM SANAYİ VE TİCARET A.Ş.,OK,ANA PAZAR,MADENCİLİK VE TAŞ OCAKÇILIĞI / DİĞER MADENCİLİK VE TAŞ OCAKÇILIĞI,8,
YAPRK,2920-yaprak-sut-ve-besi-ciftlikleri-sanayi-ve-ticaret-a-s,YAPRAK SÜT VE BESİ ÇİFTLİKLERİ SANAYİ VE TİCARET A.Ş.,OK,ANA PAZAR,"TARIM, ORMANCILIK VE BALIKÇILIK / TARIM VE HAYVANCILIK AVCILIK VE İLGİLİ HİZMET FAALİYETLERİ",9,
YATAS,1129-yatas-yatak-ve-yorgan-sanayi-ticaret-a-s,YATAŞ YATAK VE YORGAN SANAYİ TİCARET A.Ş.,OK,YILDIZ PAZAR,"İMALAT / TEKSTİL, GİYİM EŞYASI VE DERİ",8,
YATVK,4977-yatirim-varlik-kiralama-a-s,YATIRIM VARLIK KİRALAMA A.Ş.,ALAN_EKSIK,KESİN ALIM SATIM PAZARI-NİTELİKLİ YATIRIMCILAR ARASINDA,,0,"eksik: sektor, endeksler"
YAYLA,2061-yayla-enerji-uretim-turizm-ve-insaat-ticaret-a-s,YAYLA ENERJİ ÜRETİM TURİZM VE İNŞAAT TİCARET A.Ş.,OK,ANA PAZAR,İNŞAAT VE BAYINDIRLIK / İNŞAAT VE BAYINDIRLIK İŞLERİ,7,
YBTAS,1595-yibitas-yozgat-isci-birligi-insaat-malzemeleri-ticaret-ve-sanayi-a-s,YİBİTAŞ YOZGAT İŞÇİ BİRLİĞİ İNŞAAT MALZEMELERİ TİCARET VE SANAYİ A.Ş.,ALAN_EKSIK,PİYASA ÖNCESİ İŞLEM PLATFORMU,İMALAT / TAŞ VE TOPRAĞA DAYALI,0,eksik: endeksler
YEOTK,2900-yeo-teknoloji-enerji-ve-endustri-a-s,YEO TEKNOLOJİ ENERJİ VE ENDÜSTRİ A.Ş.,OK,KESİN ALIM SATIM PAZARI-NİTELİKLİ YATIRIMCILAR ARASINDA / YILDIZ PAZAR,"MESLEKİ, BİLİMSEL VE TEKNİK FAALİYETLER / MİMARLIK VE MÜHENDİSLİK FAALİYETLERİ; TEKNİK MUAYENE VE ANALİZ",10,
YESIL,1386-yesil-yatirim-holding-a-s,YEŞİL YATIRIM HOLDİNG A.Ş.,OK,ANA PAZAR,MALİ KURULUŞLAR / HOLDİNGLER VE YATIRIM ŞİRKETLERİ,7,
YGGYO,2012-yeni-gimat-gayrimenkul-yatirim-ortakligi-a-s,YENİ GİMAT GAYRİMENKUL YATIRIM ORTAKLIĞI A.Ş.,OK,YILDIZ PAZAR,MALİ KURULUŞLAR / GAYRİMENKUL YATIRIM ORTAKLIKLARI,8,
YIGIT,5965-yigit-aku-malzemeleri-nakliyat-turizm-insaat-sanayi-ve-ticaret-a-s,YİĞİT AKÜ MALZEMELERİ NAKLİYAT TURİZM İNŞAAT SANAYİ VE TİCARET A.Ş.,OK,ANA PAZAR,İMALAT / METAL EŞYA MAKİNE ELEKTRİKLİ CİHAZLAR VE ULAŞIM ARAÇLARI,9,
YKB/YKBNK,2429-yapi-ve-kredi-bankasi-a-s,YAPI VE KREDİ BANKASI A.Ş.,OK,KESİN ALIM SATIM PAZARI-NİTELİKLİ YATIRIMCILAR ARASINDA / YILDIZ PAZAR,MALİ KURULUŞLAR / BANKALAR,12,
YKFIN,1124-yapi-kredi-finansal-kiralama-a-o,YAPI KREDİ FİNANSAL KİRALAMA A.O.,ALAN_EKSIK,KESİN ALIM SATIM PAZARI-NİTELİKLİ YATIRIMCILAR ARASINDA,,0,"eksik: sektor, endeksler"
YKFKT,2303-yapi-kredi-faktoring-a-s,YAPI KREDİ FAKTORİNG A.Ş.,ALAN_EKSIK,KESİN ALIM SATIM PAZARI-NİTELİKLİ YATIRIMCILAR ARASINDA,,0,"eksik: sektor, endeksler"
YKR/YKYAT,2532-yapi-kredi-yatirim-menkul-degerler-a-s,YAPI KREDİ YATIRIM MENKUL DEĞERLER A.Ş.,SAYFA_OKUNAMADI,,,0,"Özet sayfasının hiçbir çıpası bulunamadı (etiket yok, çip yok) — sayfa okunamadı. Bu 'alanlar boş' anlamına GELMEZ."
YKSLN,4873-yukselen-celik-a-s,YÜKSELEN ÇELİK A.Ş.,OK,ANA PAZAR,İMALAT / ANA METAL SANAYİ,8,
YONGA,1585-yonga-mobilya-sanayi-ve-ticaret-a-s,YONGA MOBİLYA SANAYİ VE TİCARET A.Ş.,ALAN_EKSIK,PİYASA ÖNCESİ İŞLEM PLATFORMU,İMALAT / ORMAN ÜRÜNLERİ VE MOBİLYA,0,eksik: endeksler
YUNSA,1132-yunsa-yunlu-sanayi-ve-ticaret-a-s,YÜNSA YÜNLÜ SANAYİ VE TİCARET A.Ş.,OK,ANA PAZAR,"İMALAT / TEKSTİL, GİYİM EŞYASI VE DERİ",14,
YYAPI,885-yesil-yapi-endustrisi-a-s,YEŞİL YAPI ENDÜSTRİSİ A.Ş.,ALAN_EKSIK,YAKIN İZLEME PAZARI,İNŞAAT VE BAYINDIRLIK / İNŞAAT VE BAYINDIRLIK İŞLERİ,0,eksik: endeksler
YYLGD,2759-yayla-agro-gida-sanayi-ve-ticaret-a-s,YAYLA AGRO GIDA SANAYİ VE TİCARET A.Ş.,OK,YILDIZ PAZAR,"İMALAT / GIDA, İÇECEK VE TÜTÜN",7,
ZEDUR,1539-zedur-enerji-elektrik-uretim-a-s,ZEDUR ENERJİ ELEKTRİK ÜRETİM A.Ş.,OK,ANA PAZAR,ELEKTRİK GAZ VE SU / ELEKTRİK GAZ VE BUHAR,7,
ZERGY,6166-zeray-gayrimenkul-yatirim-ortakligi-a-s,ZERAY GAYRİMENKUL YATIRIM ORTAKLIĞI A.Ş.,OK,YILDIZ PAZAR,MALİ KURULUŞLAR / GAYRİMENKUL YATIRIM ORTAKLIKLARI,9,
ZGYO,6178-z-gayrimenkul-yatirim-ortakligi-a-s,Z GAYRİMENKUL YATIRIM ORTAKLIĞI A.Ş.,OK,ANA PAZAR,MALİ KURULUŞLAR / GAYRİMENKUL YATIRIM ORTAKLIKLARI,7,
ZKBVK,2606-ziraat-katilim-varlik-kiralama-a-s,ZİRAAT KATILIM VARLIK KİRALAMA A.Ş.,ALAN_EKSIK,KESİN ALIM SATIM PAZARI-NİTELİKLİ YATIRIMCILAR ARASINDA,,0,"eksik: sektor, endeksler"
ZKBVR,4771-zkb-varlik-kiralama-a-s,ZKB VARLIK KİRALAMA A.Ş.,ALAN_EKSIK,KESİN ALIM SATIM PAZARI-NİTELİKLİ YATIRIMCILAR ARASINDA,,0,"eksik: sektor, endeksler"
ZOREN,1133-zorlu-enerji-elektrik-uretim-a-s,ZORLU ENERJİ ELEKTRİK ÜRETİM A.Ş.,OK,KESİN ALIM SATIM PAZARI-NİTELİKLİ YATIRIMCILAR ARASINDA / YILDIZ PAZAR,ELEKTRİK GAZ VE SU / ELEKTRİK GAZ VE BUHAR,9,
ZRGYO,4337-ziraat-gayrimenkul-yatirim-ortakligi-a-s,ZİRAAT GAYRİMENKUL YATIRIM ORTAKLIĞI A.Ş.,OK,YILDIZ PAZAR,MALİ KURULUŞLAR / GAYRİMENKUL YATIRIM ORTAKLIKLARI,7,
