ticker,unvan,kap_member_uuid,kap_kfif_slug,sehir,denetci,pazar,sektor,mali_sektor_muaf
ACSEL,ACISELSAN ACIPAYAM SELÜLOZ SANAYİ VE TİCARET A.Ş.,4028e4a2420327a4014209c55161144d,1626-aciselsan-acipayam-seluloz-sanayi-ve-ticaret-a-s,DENİZLİ,DRT BAĞIMSIZ DENETİM VE SERBEST MUHASEBECİ MALİ MÜŞAVİRLİK A.Ş.,,,HAYIR
ADEL,ADEL KALEMCİLİK TİCARET VE SANAYİ A.Ş.,4028e4a240e8d16e0140e8f159dc0033,832-adel-kalemcilik-ticaret-ve-sanayi-a-s,KOCAELİ,PwC BAĞIMSIZ DENETİM VE SERBEST MUHASEBECİ MALİ MÜŞAVİRLİK A.Ş,,,HAYIR
ADESE,ADESE GAYRİMENKUL YATIRIM A.Ş.,4028e4a140f2ed720141164431b905a5,1560-adese-gayrimenkul-yatirim-a-s,KONYA,TTK BAĞIMSIZ DENETİM VE YEMİNLİ MALİ MÜŞAVİRLİK A.Ş.,,,HAYIR
ADLVY,ADİL VARLIK YÖNETİM A.Ş.,8acae2c4998f24d80199e1a75ec6473e,6148-adil-varlik-yonetim-a-s,İSTANBUL,IŞIK YEMİNLİ MALİ MÜŞAVİRLİK VE BAĞIMSIZ DENETİM A.Ş.,,,EVET
ADGYO,ADRA GAYRİMENKUL YATIRIM ORTAKLIĞI A.Ş.,8acae2c586d22c53018a737800f804ae,5867-adra-gayrimenkul-yatirim-ortakligi-a-s,İZMİR,DENEYİM BAĞIMSIZ DENETİM VE DANIŞMANLIK A.Ş.,,,HAYIR
AFYON,AFYON ÇİMENTO SANAYİ T.A.Ş.,4028e4a24158e42401415af83d607fd3,833-afyon-cimento-sanayi-t-a-s,İSTANBUL,DRT BAĞIMSIZ DENETİM VE SERBEST MUHASEBECİ MALİ MÜŞAVİRLİK A.Ş.,,,HAYIR
AGHOL,AG ANADOLU GRUBU HOLDİNG A.Ş.,4028e4a240f2ef4c014101b18dc000f7,1131-ag-anadolu-grubu-holding-a-s,İSTANBUL,PwC BAĞIMSIZ DENETİM VE SERBEST MUHASEBECİ MALİ MÜŞAVİRLİK A.Ş,,,HAYIR
AGESA,AGESA HAYAT VE EMEKLİLİK A.Ş.,4028e4a140e95bea0140edeb7a54015d,2370-agesa-hayat-ve-emeklilik-a-s,İSTANBUL,DRT BAĞIMSIZ DENETİM VE SERBEST MUHASEBECİ MALİ MÜŞAVİRLİK A.Ş.,,,EVET
AGROT,AGROTECH YÜKSEK TEKNOLOJİ VE YATIRIM A.Ş.,8acae2c48b2fa259018bb9e449415e84,5899-agrotech-yuksek-teknoloji-ve-yatirim-a-s,İSTANBUL,ANALİZ BAĞIMSIZ DENETİM VE DANIŞMANLIK A.Ş.,,,HAYIR
AAGYO,AĞAOĞLU AVRASYA GAYRİMENKUL YATIRIM ORTAKLIĞI A.Ş.,8acae2c49c81f743019d2dfb40633db8,6216-agaoglu-avrasya-gayrimenkul-yatirim-ortakligi-a-s,İSTANBUL,REFORM BAĞIMSIZ DENETİM A.Ş.,,,HAYIR
AHSGY,AHES GAYRİMENKUL YATIRIM ORTAKLIĞI A.Ş.,8acae2c59145e00a01915a44a01d1179,6014-ahes-gayrimenkul-yatirim-ortakligi-a-s,İSTANBUL,RAM BAĞIMSIZ DENETİM VE DANIŞMANLIK A.Ş.,,,HAYIR
AHGAZ,AHLATCI DOĞAL GAZ DAĞITIM ENERJİ VE YATIRIM A.Ş.,4028e4a14203278a0142095715f914d0,3064-ahlatci-dogal-gaz-dagitim-enerji-ve-yatirim-a-s,İSTANBUL,HSY DANIŞMANLIK VE BAĞIMSIZ DENETİM A.Ş.,,,HAYIR
AKSFA,AK FAKTORİNG A.Ş.,4028e4a240e8d16e0140e8f24bd3003b,2085-ak-faktoring-a-s,İSTANBUL,ARTI DEĞER ULUSLARARASI BAĞIMSIZ DENETİM VE YMM A.Ş.,,,EVET
AKFK,AK FİNANSAL KİRALAMA A.Ş.,4028e4a240e8d16e0140e8f31069003f,2215-ak-finansal-kiralama-a-s,İSTANBUL,DRT BAĞIMSIZ DENETİM VE SERBEST MUHASEBECİ MALİ MÜŞAVİRLİK A.Ş.,,,EVET
AKM,AK YATIRIM MENKUL DEĞERLER A.Ş.,4028e4a240e8d16e0140e8f3d0fe0047,2485-ak-yatirim-menkul-degerler-a-s,İSTANBUL,DRT BAĞIMSIZ DENETİM VE SERBEST MUHASEBECİ MALİ MÜŞAVİRLİK A.Ş.,,,EVET
AKMEN,AK YATIRIM MENKUL DEĞERLER A.Ş.,4028e4a240e8d16e0140e8f3d0fe0047,2485-ak-yatirim-menkul-degerler-a-s,İSTANBUL,DRT BAĞIMSIZ DENETİM VE SERBEST MUHASEBECİ MALİ MÜŞAVİRLİK A.Ş.,,,EVET
AKCVR,AKADEMİ ÇEVRE ENTEGRE ATIK YÖNETİMİ ENDÜSTRİ A.Ş.,8acae2c4991b8c31019928545a1100fe,6131-akademi-cevre-entegre-atik-yonetimi-endustri-a-s,İSTANBUL,KAİZEN BAĞIMSIZ DENETİM A.Ş.,,,HAYIR
AKBNK,AKBANK T.A.Ş.,4028e4a240e8d1830140e905edcd0006,2413-akbank-t-a-s,İSTANBUL,DRT BAĞIMSIZ DENETİM VE SERBEST MUHASEBECİ MALİ MÜŞAVİRLİK A.Ş.,,,EVET
AKCNS,AKÇANSA ÇİMENTO SANAYİ VE TİCARET A.Ş.,4028e4a140e8cfa00140e92b0c380016,838-akcansa-cimento-sanayi-ve-ticaret-a-s,İSTANBUL,DRT BAĞIMSIZ DENETİM VE SERBEST MUHASEBECİ MALİ MÜŞAVİRLİK A.Ş.,,,HAYIR
AKDFA,AKDENİZ FAKTORİNG A.Ş.,4028e4a1415f4d990141601150cc3212,2377-akdeniz-faktoring-a-s,İSTANBUL,HLB SAYGIN BAĞIMSIZ DENETİM A.Ş.,,,EVET
AKYHO,AKDENİZ YATIRIM HOLDİNG A.Ş.,4028e4a1415f4d9901416dc64bd161cb,1623-akdeniz-yatirim-holding-a-s,İSTANBUL,NOTE OFFİCE ULUSLARARASI BAĞIMSIZ DENETİM DANIŞMANLIK A.Ş.,,,HAYIR
AKENR,AKENERJİ ELEKTRİK ÜRETİM A.Ş.,4028e4a14184e9cf01419bffce0b5a69,834-akenerji-elektrik-uretim-a-s,İSTANBUL,PwC BAĞIMSIZ DENETİM VE SERBEST MUHASEBECİ MALİ MÜŞAVİRLİK A.Ş,,,HAYIR
AKFGY,AKFEN GAYRİMENKUL YATIRIM ORTAKLIĞI A.Ş.,4028e4a141733b56014183c1c6ed426e,1545-akfen-gayrimenkul-yatirim-ortakligi-a-s,İSTANBUL,DRT BAĞIMSIZ DENETİM VE SERBEST MUHASEBECİ MALİ MÜŞAVİRLİK A.Ş.,,,HAYIR
AKFIS,AKFEN İNŞAAT TURİZM VE TİCARET A.Ş.,8acae2c59145e00a0192aedf5db86688,6036-akfen-insaat-turizm-ve-ticaret-a-s,ANKARA,DRT BAĞIMSIZ DENETİM VE SERBEST MUHASEBECİ MALİ MÜŞAVİRLİK A.Ş.,,,HAYIR
AKFYE,AKFEN YENİLENEBİLİR ENERJİ A.Ş.,8acae2c48304fe9e0186a66e7a9568ea,5792-akfen-yenilenebilir-enerji-a-s,ANKARA,DRT BAĞIMSIZ DENETİM VE SERBEST MUHASEBECİ MALİ MÜŞAVİRLİK A.Ş.,,,HAYIR
AKHAN,AKHAN UN FABRİKASI VE TARIM ÜRÜNLERİ GIDA SANAYİ TİCARET A.Ş.,8acae2c49b85f8ce019beef9720d5cc5,6188-akhan-un-fabrikasi-ve-tarim-urunleri-gida-sanayi-ticaret-a-s,ADANA,EREN BAĞIMSIZ DENETİM A.Ş.,,,HAYIR
ATEKS,AKIN TEKSTİL A.Ş.,4028e4a140f2ed7101412c13ba8303a8,839-akin-tekstil-a-s,İSTANBUL,KARAR BAĞIMSIZ DENETİM VE DANIŞMANLIK A.Ş.,,,HAYIR
AKSGY,AKİŞ GAYRİMENKUL YATIRIM ORTAKLIĞI A.Ş.,4028e4a14158e41f01415a865c0e4d13,1698-akis-gayrimenkul-yatirim-ortakligi-a-s,İSTANBUL,PwC BAĞIMSIZ DENETİM VE SERBEST MUHASEBECİ MALİ MÜŞAVİRLİK A.Ş,,,HAYIR
AKMGY,AKMERKEZ GAYRİMENKUL YATIRIM ORTAKLIĞI A.Ş.,4028e4a240e95dc30140ecc218b30032,1399-akmerkez-gayrimenkul-yatirim-ortakligi-a-s,İSTANBUL,PwC BAĞIMSIZ DENETİM VE SERBEST MUHASEBECİ MALİ MÜŞAVİRLİK A.Ş,,,HAYIR
AKSA,AKSA AKRİLİK KİMYA SANAYİİ A.Ş.,4028e4a240f2ef470141175e189f0453,840-aksa-akrilik-kimya-sanayii-a-s,YALOVA,PwC BAĞIMSIZ DENETİM VE SERBEST MUHASEBECİ MALİ MÜŞAVİRLİK A.Ş,,,HAYIR
AKSEN,AKSA ENERJİ ÜRETİM A.Ş.,4028e4a241733d42014179341a147ddb,1505-aksa-enerji-uretim-a-s,İSTANBUL,DRT BAĞIMSIZ DENETİM VE SERBEST MUHASEBECİ MALİ MÜŞAVİRLİK A.Ş.,,,HAYIR
AKGRT,AKSİGORTA A.Ş.,4028e4a140e95be70140ed12e1f4002c,841-aksigorta-a-s,İSTANBUL,DRT BAĞIMSIZ DENETİM VE SERBEST MUHASEBECİ MALİ MÜŞAVİRLİK A.Ş.,,,EVET
AKSUE,AKSU ENERJİ VE TİCARET A.Ş.,4028e4a140f2ed7201413a20480e0851,842-aksu-enerji-ve-ticaret-a-s,ISPARTA,GÜÇBİR BAĞIMSIZ DENETİM A.Ş.,,,HAYIR
AKTVK,AKTİF BANK SUKUK VARLIK KİRALAMA A.Ş.,4028e4a14371e097014371f9653d00c2,2203-aktif-bank-sukuk-varlik-kiralama-a-s,İSTANBUL,DENEYİM BAĞIMSIZ DENETİM VE DANIŞMANLIK A.Ş.,,,
AFB,AKTİF YATIRIM BANKASI A.Ş.,1DE05DAA8212073AE0530A4A622A2EBD,2212-aktif-yatirim-bankasi-a-s,İSTANBUL,DRT BAĞIMSIZ DENETİM VE SERBEST MUHASEBECİ MALİ MÜŞAVİRLİK A.Ş.,,,EVET
AKTIF,AKTİF YATIRIM BANKASI A.Ş.,1DE05DAA8212073AE0530A4A622A2EBD,2212-aktif-yatirim-bankasi-a-s,İSTANBUL,DRT BAĞIMSIZ DENETİM VE SERBEST MUHASEBECİ MALİ MÜŞAVİRLİK A.Ş.,,,EVET
ALCAR,ALARKO CARRIER SANAYİ VE TİCARET A.Ş.,4028e4a241558bd9014155e085e305fd,844-alarko-carrier-sanayi-ve-ticaret-a-s,İSTANBUL,KPMG BAĞIMSIZ DENETİM VE SERBEST MUHASEBECİ MALİ MÜŞAVİRLİK A.Ş.,,,HAYIR
ALGYO,ALARKO GAYRİMENKUL YATIRIM ORTAKLIĞI A.Ş.,4028e4a241462fd801415005df1c3612,845-alarko-gayrimenkul-yatirim-ortakligi-a-s,İSTANBUL,KPMG BAĞIMSIZ DENETİM VE SERBEST MUHASEBECİ MALİ MÜŞAVİRLİK A.Ş.,,,HAYIR
ALARK,ALARKO HOLDİNG A.Ş.,4028e4a241462fd80141500c738e36be,846-alarko-holding-a-s,İSTANBUL,KPMG BAĞIMSIZ DENETİM VE SERBEST MUHASEBECİ MALİ MÜŞAVİRLİK A.Ş.,,,HAYIR
ALBRK,ALBARAKA TÜRK KATILIM BANKASI A.Ş.,4028e4a240f2ef4c014106a1c5ef016d,2414-albaraka-turk-katilim-bankasi-a-s,İSTANBUL,PwC BAĞIMSIZ DENETİM VE SERBEST MUHASEBECİ MALİ MÜŞAVİRLİK A.Ş,,,EVET
ALK,ALBARAKA TÜRK KATILIM BANKASI A.Ş.,4028e4a240f2ef4c014106a1c5ef016d,2414-albaraka-turk-katilim-bankasi-a-s,İSTANBUL,PwC BAĞIMSIZ DENETİM VE SERBEST MUHASEBECİ MALİ MÜŞAVİRLİK A.Ş,,,EVET
ALBTN,ALBAYRAK HAZIR BETON SANAYİ VE TİCARET A.Ş.,8acae2c49f52d9d8019f6edc29f30cc2,6256-albayrak-hazir-beton-sanayi-ve-ticaret-a-s,İSTANBUL,ARSEN BAĞIMSIZ DENETİM HİZMETLERİ A.Ş.,,,HAYIR
ALCTL,ALCATEL LUCENT TELETAŞ TELEKOMÜNİKASYON A.Ş.,4028e4a140f2ed71014110e38acb01b5,847-alcatel-lucent-teletas-telekomunikasyon-a-s,İSTANBUL,DRT BAĞIMSIZ DENETİM VE SERBEST MUHASEBECİ MALİ MÜŞAVİRLİK A.Ş.,,,HAYIR
ALFAS,ALFA SOLAR ENERJİ SANAYİ VE TİCARET A.Ş.,8acae2c5830502c30183559e2336223e,5675-alfa-solar-enerji-sanayi-ve-ticaret-a-s,ANKARA,REFORM BAĞIMSIZ DENETİM A.Ş.,,,HAYIR
ALJF,ALJ FİNANSMAN A.Ş.,4028e4a2422d9a6e01427b2bed8d5347,2378-alj-finansman-a-s,İSTANBUL,DRT BAĞIMSIZ DENETİM VE SERBEST MUHASEBECİ MALİ MÜŞAVİRLİK A.Ş.,,,HAYIR
ALKIM,ALKİM ALKALİ KİMYA A.Ş.,4028e4a140e95be70140ed147846003c,849-alkim-alkali-kimya-a-s,İSTANBUL,RSM TURKEY ULUSLARARASI BAĞIMSIZ DENETİM A.Ş.,,,HAYIR
ALKA,ALKİM KAĞIT SANAYİ VE TİCARET A.Ş.,4028e4a2416e697d01416f39965a5eb5,850-alkim-kagit-sanayi-ve-ticaret-a-s,İZMİR,RSM TURKEY ULUSLARARASI BAĞIMSIZ DENETİM A.Ş.,,,HAYIR
ALNUS,ALNUS YATIRIM MENKUL DEĞERLER A.Ş.,4028e4a141da49e50141e085b2112b8a,1327-alnus-yatirim-menkul-degerler-a-s,İSTANBUL,ANY PARTNERS BAĞIMSIZ DENETİM A.Ş.,,,EVET
ANC,ALNUS YATIRIM MENKUL DEĞERLER A.Ş.,4028e4a141da49e50141e085b2112b8a,1327-alnus-yatirim-menkul-degerler-a-s,İSTANBUL,ANY PARTNERS BAĞIMSIZ DENETİM A.Ş.,,,EVET
AYCES,ALTIN YUNUS ÇEŞME TURİSTİK TESİSLER A.Ş.,4028e4a240e95dc90140ed1bc88e0071,855-altin-yunus-cesme-turistik-tesisler-a-s,İZMİR,KPMG BAĞIMSIZ DENETİM VE SERBEST MUHASEBECİ MALİ MÜŞAVİRLİK A.Ş.,,,HAYIR
ALTNY,ALTINAY SAVUNMA TEKNOLOJİLERİ A.Ş.,8acae2c58b2fa64e018f3d2d712476e2,5955-altinay-savunma-teknolojileri-a-s,İSTANBUL,EREN BAĞIMSIZ DENETİM A.Ş.,,,HAYIR
ALKLC,ALTINKILIÇ GIDA VE SÜT SANAYİ TİCARET A.Ş.,8acae2c48c3efac0018fabe7ce965048,5966-altinkilic-gida-ve-sut-sanayi-ticaret-a-s,İSTANBUL,EREN BAĞIMSIZ DENETİM A.Ş.,,,HAYIR
ALVES,ALVES KABLO SANAYİ VE TİCARET A.Ş.,8acae2c58b2fa64e018dc0263b1377aa,5935-alves-kablo-sanayi-ve-ticaret-a-s,ANKARA,NOTE OFFİCE ULUSLARARASI BAĞIMSIZ DENETİM DANIŞMANLIK A.Ş.,,,HAYIR
ANSGR,ANADOLU ANONİM TÜRK SİGORTA ŞİRKETİ,4028e4a140e95bea0140ed21b5c10078,856-anadolu-anonim-turk-sigorta-sirketi,İSTANBUL,PwC BAĞIMSIZ DENETİM VE SERBEST MUHASEBECİ MALİ MÜŞAVİRLİK A.Ş,,,EVET
AEFES,ANADOLU EFES BİRACILIK VE MALT SANAYİİ A.Ş.,4028e4a140e95bea0140ed2fde10009d,858-anadolu-efes-biracilik-ve-malt-sanayii-a-s,,PwC BAĞIMSIZ DENETİM VE SERBEST MUHASEBECİ MALİ MÜŞAVİRLİK A.Ş,,,HAYIR
ANHYT,ANADOLU HAYAT EMEKLİLİK A.Ş.,4028e4a140e95be70140ed40cb930098,860-anadolu-hayat-emeklilik-a-s,İSTANBUL,PwC BAĞIMSIZ DENETİM VE SERBEST MUHASEBECİ MALİ MÜŞAVİRLİK A.Ş,,,EVET
ASUZU,ANADOLU ISUZU OTOMOTİV SANAYİ VE TİCARET A.Ş.,4028e4a140e95be70140ed43c4fe00a9,861-anadolu-isuzu-otomotiv-sanayi-ve-ticaret-a-s,İSTANBUL,PwC BAĞIMSIZ DENETİM VE SERBEST MUHASEBECİ MALİ MÜŞAVİRLİK A.Ş,,,HAYIR
ADB,ANADOLUBANK A.Ş.,4028e4a140f2ed72014116e79df405db,2010-anadolubank-a-s,İSTANBUL,,,,EVET
ADBNK,ANADOLUBANK A.Ş.,4028e4a140f2ed72014116e79df405db,2010-anadolubank-a-s,İSTANBUL,,,,EVET
ANGEN,ANATOLİA TANI VE BİYOTEKNOLOJİ ÜRÜNLERİ ARAŞTIRMA GELİŞTİRME SANAYİ VE TİCARET A.Ş.,8acae2c47afb298b017bed9f037a7185,5424-anatolia-tani-ve-biyoteknoloji-urunleri-arastirma-gelistirme-sanayi-ve-ticaret-a-s,,VİZYON GRUP BAĞIMSIZ DENETİM.A.Ş.,,,HAYIR
ANELE,ANEL ELEKTRİK PROJE TAAHHÜT VE TİCARET A.Ş.,4028e4a1416e696301416ecd11a12b86,1475-anel-elektrik-proje-taahhut-ve-ticaret-a-s,İSTANBUL,CNS BAĞIMSIZ DENETİM A.Ş.,,,HAYIR
ARCLK,ARÇELİK A.Ş.,4028e4a240e95dc90140ed55b43900cf,863-arcelik-a-s,İSTANBUL,GÜNEY BAĞIMSIZ DENETİM VE SERBEST MUHASEBECİ MALİ MÜŞAVİRLİK A.Ş.,,,HAYIR
ARDYZ,ARD GRUP BİLİŞİM TEKNOLOJİLERİ A.Ş.,8acae2c46d7599a6016dde9d93aa2b52,4967-ard-grup-bilisim-teknolojileri-a-s,ANKARA,KARAR BAĞIMSIZ DENETİM VE DANIŞMANLIK A.Ş.,,,HAYIR
ARENA,ARENA BİLGİSAYAR SANAYİ VE TİCARET A.Ş.,4028e4a140e95bea0140ed5af3a000da,864-arena-bilgisayar-sanayi-ve-ticaret-a-s,İSTANBUL,DRT BAĞIMSIZ DENETİM VE SERBEST MUHASEBECİ MALİ MÜŞAVİRLİK A.Ş.,,,HAYIR
ARFYE,ARF BİO YENİLENEBİLİR ENERJİ ÜRETİM A.Ş.,8acae2c4998f24d8019b3576c66b77ad,6170-arf-bio-yenilenebilir-enerji-uretim-a-s,ANKARA,TİTANYUM BAĞIMSIZ DENETİM HİZMETLERİ A.Ş.,,,HAYIR
ARMGD,ARMADA GIDA TİCARET SANAYİ A.Ş.,8acae2c59145e00e0193f29ce775161c,6049-armada-gida-ticaret-sanayi-a-s,MERSİN,EREN BAĞIMSIZ DENETİM A.Ş.,,,HAYIR
ARSAN,ARSAN HOLDİNG A.Ş.,4028e4a14158e41f01415b1862696142,865-arsan-holding-a-s,KAHRAMANMARAŞ,YKY BAĞIMSIZ DENETİM VE YEMİNLİ MALİ MÜŞAVİRLİK A.Ş.,,,HAYIR
ARSVY,ARSAN VARLIK YÖNETİM A.Ş.,8acae2c569cee403016a8d2b85e8733f,4876-arsan-varlik-yonetim-a-s,İSTANBUL,HSY DANIŞMANLIK VE BAĞIMSIZ DENETİM A.Ş.,,,EVET
ARTMS,ARTEMİS HALI A.Ş.,8acae2c48c3efac0018dd4c742665c88,5936-artemis-hali-a-s,İSTANBUL,REHBER BAĞIMSIZ DENETİM VE YEMİNLİ MALİ MÜŞAVİRLİK A.Ş.,,,HAYIR
ARZUM,ARZUM ELEKTRİKLİ EV ALETLERİ SANAYİ VE TİCARET A.Ş.,4028e4a1415f4d990141600875c531b9,2087-arzum-elektrikli-ev-aletleri-sanayi-ve-ticaret-a-s,İSTANBUL,EREN BAĞIMSIZ DENETİM A.Ş.,,,HAYIR
ASGYO,ASCE GAYRİMENKUL YATIRIM ORTAKLIĞI A.Ş.,8acae2c562329bd1016464c3796e08a0,4687-asce-gayrimenkul-yatirim-ortakligi-a-s,GAZİANTEP,EREN BAĞIMSIZ DENETİM A.Ş.,,,HAYIR
ASELS,ASELSAN ELEKTRONİK SANAYİ VE TİCARET A.Ş.,4028e4a1413b7ef401413bc2251e0047,866-aselsan-elektronik-sanayi-ve-ticaret-a-s,ANKARA,KARAR BAĞIMSIZ DENETİM VE DANIŞMANLIK A.Ş.,,,HAYIR
ASTOR,ASTOR ENERJİ A.Ş.,8acae2c562329bd10164405fe6c17996,4680-astor-enerji-a-s,ANKARA,EREN BAĞIMSIZ DENETİM A.Ş.,,,HAYIR
ATAGY,ATA GAYRİMENKUL YATIRIM ORTAKLIĞI A.Ş.,4028e4a140e95bea0140eddf432a0115,867-ata-gayrimenkul-yatirim-ortakligi-a-s,İSTANBUL,GÜRELİ YEMİNLİ MALİ MÜŞAVİRLİK VE BAĞIMSIZ DENETİM HİZMETLERİ A.Ş.,,,HAYIR
ATATR,ATA TURİZM İŞLETMECİLİK TAŞIMACILIK MADENCİLİK KUYUMCULUK SANAYİ VE DIŞ TİCARET A.Ş.,8acae2c59b85fa06019c31d76d8707fb,6194-ata-turizm-isletmecilik-tasimacilik-madencilik-kuyumculuk-sanayi-ve-dis-ticaret-a-s,İSTANBUL,VİZYON GRUP BAĞIMSIZ DENETİM.A.Ş.,,,HAYIR
ATAVK,ATA VARLIK KİRALAMA A.Ş.,8acae2c494bafc93019634bf00163e28,6073-ata-varlik-kiralama-a-s,İSTANBUL,GÜRELİ YEMİNLİ MALİ MÜŞAVİRLİK VE BAĞIMSIZ DENETİM HİZMETLERİ A.Ş.,,,
ATA,ATA YATIRIM MENKUL KIYMETLER A.Ş.,4028e4a140e95bea0140ede507ca0145,1268-ata-yatirim-menkul-kiymetler-a-s,İSTANBUL,GÜRELİ YEMİNLİ MALİ MÜŞAVİRLİK VE BAĞIMSIZ DENETİM HİZMETLERİ A.Ş.,,,EVET
ATAYM,ATA YATIRIM MENKUL KIYMETLER A.Ş.,4028e4a140e95bea0140ede507ca0145,1268-ata-yatirim-menkul-kiymetler-a-s,İSTANBUL,GÜRELİ YEMİNLİ MALİ MÜŞAVİRLİK VE BAĞIMSIZ DENETİM HİZMETLERİ A.Ş.,,,EVET
ATAKP,ATAKEY PATATES GIDA SANAYİ VE TİCARET A.Ş.,8acae2c586d22c53018953500b004578,5841-atakey-patates-gida-sanayi-ve-ticaret-a-s,İSTANBUL,GÜNEY BAĞIMSIZ DENETİM VE SERBEST MUHASEBECİ MALİ MÜŞAVİRLİK A.Ş.,,,HAYIR
AGYO,ATAKULE GAYRİMENKUL YATIRIM ORTAKLIĞI A.Ş.,4028e4a240f2ef4c0141164a06d8043a,868-atakule-gayrimenkul-yatirim-ortakligi-a-s,ANKARA,EREN BAĞIMSIZ DENETİM A.Ş.,,,HAYIR
ATLFA,ATILIM FAKTORİNG A.Ş.,4028e4a140f2ed7101413af757590466,2088-atilim-faktoring-a-s,İSTANBUL,HLB SAYGIN BAĞIMSIZ DENETİM A.Ş.,,,EVET
ATSYH,ATLANTİS YATIRIM HOLDİNG A.Ş.,4028e4a241558bd9014155dde60a05e7,869-atlantis-yatirim-holding-a-s,İSTANBUL,TTK BAĞIMSIZ DENETİM VE YEMİNLİ MALİ MÜŞAVİRLİK A.Ş.,,,HAYIR
ATLAS,ATLAS MENKUL KIYMETLER YATIRIM ORTAKLIĞI A.Ş.,4028e4a240f2ef4c0141029fff920169,870-atlas-menkul-kiymetler-yatirim-ortakligi-a-s,İSTANBUL,BD BAĞIMSIZ DENETİM VE YEMİNLİ MALİ MÜŞAVİRLİK A.Ş.,,,EVET
ATATP,ATP YAZILIM VE TEKNOLOJİ A.Ş.,8acae2c4794d364801798f781baf0fad,5348-atp-yazilim-ve-teknoloji-a-s,İSTANBUL,GÜRELİ YEMİNLİ MALİ MÜŞAVİRLİK VE BAĞIMSIZ DENETİM HİZMETLERİ A.Ş.,,,HAYIR
AVOD,A.V.O.D. KURUTULMUŞ GIDA VE TARIM ÜRÜNLERİ SANAYİ TİCARET A.Ş.,4028e4a140f2ed72014107916fed023d,1564-a-v-o-d-kurutulmus-gida-ve-tarim-urunleri-sanayi-ticaret-a-s,İZMİR,ARTI DEĞER ULUSLARARASI BAĞIMSIZ DENETİM VE YMM A.Ş.,,,HAYIR
AVGYO,AVRASYA GAYRİMENKUL YATIRIM ORTAKLIĞI A.Ş.,4028e4a240f2ef4c0141029cf7680164,871-avrasya-gayrimenkul-yatirim-ortakligi-a-s,İSTANBUL,BD BAĞIMSIZ DENETİM VE YEMİNLİ MALİ MÜŞAVİRLİK A.Ş.,,,HAYIR
AVTUR,AVRASYA PETROL VE TURİSTİK TESİSLER YATIRIMLAR A.Ş.,4028e4a241733d42014182b942a247e4,1454-avrasya-petrol-ve-turistik-tesisler-yatirimlar-a-s,İSTANBUL,BD BAĞIMSIZ DENETİM VE YEMİNLİ MALİ MÜŞAVİRLİK A.Ş.,,,HAYIR
AVHOL,AVRUPA YATIRIM HOLDİNG A.Ş.,1DE05DAA81E9073AE0530A4A622A2EBD,1691-avrupa-yatirim-holding-a-s,İSTANBUL,ULUSAL BAĞIMSIZ DENETİM VE YEMİNLİ MALİ MÜŞAVİRLİK A.Ş.,,,HAYIR
AVPGY,AVRUPAKENT GAYRİMENKUL YATIRIM ORTAKLIĞI A.Ş.,8acae2c48c3efabf018c4824da4a0623,5912-avrupakent-gayrimenkul-yatirim-ortakligi-a-s,İSTANBUL,PwC BAĞIMSIZ DENETİM VE SERBEST MUHASEBECİ MALİ MÜŞAVİRLİK A.Ş,,,HAYIR
AYDEM,AYDEM YENİLENEBİLİR ENERJİ A.Ş.,8acae2c4782a4d580178b56e7c5c4404,5317-aydem-yenilenebilir-enerji-a-s,DENİZLİ,PwC BAĞIMSIZ DENETİM VE SERBEST MUHASEBECİ MALİ MÜŞAVİRLİK A.Ş,,,HAYIR
AYEN,AYEN ENERJİ A.Ş.,4028e4a240e95dc90140edf072ef0165,872-ayen-enerji-a-s,ANKARA,PwC BAĞIMSIZ DENETİM VE SERBEST MUHASEBECİ MALİ MÜŞAVİRLİK A.Ş,,,HAYIR
AYES,AYES ÇELİK HASIR VE ÇİT SANAYİ A.Ş.,4028e4a1416f846101416f85f6730028,1584-ayes-celik-hasir-ve-cit-sanayi-a-s,İSTANBUL,ARILAR BAĞIMSIZ DENETİM VE YEMİNLİ MALİ MÜŞAVİRLİK A.Ş.,,,HAYIR
AYGAZ,AYGAZ A.Ş.,4028e4a140e95be70140ee03bd6000e0,873-aygaz-a-s,İSTANBUL,GÜNEY BAĞIMSIZ DENETİM VE SERBEST MUHASEBECİ MALİ MÜŞAVİRLİK A.Ş.,,,HAYIR
AZTEK,AZTEK TEKNOLOJİ ÜRÜNLERİ TİCARET A.Ş.,8acae2c4819d0efe01826e96dd896e0e,5649-aztek-teknoloji-urunleri-ticaret-a-s,İSTANBUL,KPMG BAĞIMSIZ DENETİM VE SERBEST MUHASEBECİ MALİ MÜŞAVİRLİK A.Ş.,,,HAYIR
A1CAP,A1 CAPİTAL YATIRIM MENKUL DEĞERLER A.Ş.,4028e4a1416e696301416f37201c5f2e,1303-a1-capital-yatirim-menkul-degerler-a-s,İSTANBUL,PKF ADAY BAĞIMSIZ DENETİM A.Ş.,,,EVET
ACP,A1 CAPİTAL YATIRIM MENKUL DEĞERLER A.Ş.,4028e4a1416e696301416f37201c5f2e,1303-a1-capital-yatirim-menkul-degerler-a-s,İSTANBUL,PKF ADAY BAĞIMSIZ DENETİM A.Ş.,,,EVET
A1YEN,A1 YENİLENEBİLİR ENERJİ ÜRETİM A.Ş.,8acae2c5794d3d66017a62a693be689d,5376-a1-yenilenebilir-enerji-uretim-a-s,İSTANBUL,PKF ADAY BAĞIMSIZ DENETİM A.Ş.,,,HAYIR
BAGFS,BAGFAŞ BANDIRMA GÜBRE FABRİKALARI A.Ş.,4028e4a240f2ef4701410810f53601c4,874-bagfas-bandirma-gubre-fabrikalari-a-s,İSTANBUL,HSY DANIŞMANLIK VE BAĞIMSIZ DENETİM A.Ş.,,,HAYIR
BAHKM,BAHADIR KİMYA SANAYİ VE TİCARET A.Ş.,8acae2c48c3efabf0191137b972152e7,6005-bahadir-kimya-sanayi-ve-ticaret-a-s,KIRIKKALE,DENEYİM BAĞIMSIZ DENETİM VE DANIŞMANLIK A.Ş.,,,HAYIR
BAKAB,BAK AMBALAJ SANAYİ VE TİCARET A.Ş.,4028e4a1415f4d9b01415fdc75f12f64,875-bak-ambalaj-sanayi-ve-ticaret-a-s,İZMİR,GÜNEY BAĞIMSIZ DENETİM VE SERBEST MUHASEBECİ MALİ MÜŞAVİRLİK A.Ş.,,,HAYIR
BALAT,BALATACILAR BALATACILIK SANAYİ VE TİCARET A.Ş.,4028e4a1416e696501416ee5a3d939ad,1627-balatacilar-balatacilik-sanayi-ve-ticaret-a-s,İZMİR,PKF ADAY BAĞIMSIZ DENETİM A.Ş.,,,HAYIR
BALSU,BALSU GIDA SANAYİ VE TİCARET A.Ş.,8acae2c580e9103101811f4715cc1821,5614-balsu-gida-sanayi-ve-ticaret-a-s,İSTANBUL,EREN BAĞIMSIZ DENETİM A.Ş.,,,HAYIR
BNTAS,BANTAŞ BANDIRMA AMBALAJ SANAYİ VE TİCARET A.Ş.,402821824da3aa9b014ef2c4cda22947,2468-bantas-bandirma-ambalaj-sanayi-ve-ticaret-a-s,BALIKESİR,ULUSLARARASI BAĞIMSIZ DENETİM A.Ş.,,,HAYIR
BANVT,BANVİT BANDIRMA VİTAMİNLİ YEM SANAYİ A.Ş.,4028e4a1415f4d990141601902e33250,876-banvit-bandirma-vitaminli-yem-sanayi-a-s,BALIKESİR,EREN BAĞIMSIZ DENETİM A.Ş.,,,HAYIR
BARMA,BAREM AMBALAJ SANAYİ VE TİCARET A.Ş.,8acae2c47f7cb491017fb5f0afdf174a,5567-barem-ambalaj-sanayi-ve-ticaret-a-s,İZMİR,EDİT BAĞIMSIZ DENETİM HİZMETLERİ A.Ş.,,,HAYIR
BASGZ,BAŞKENT DOĞALGAZ DAĞITIM GAYRİMENKUL YATIRIM ORTAKLIĞI A.Ş.,4028e4a240f2ef4701413a3410a605ce,2840-baskent-dogalgaz-dagitim-gayrimenkul-yatirim-ortakligi-a-s,ANKARA,VİZYON GRUP BAĞIMSIZ DENETİM.A.Ş.,,,HAYIR
BASCM,BAŞTAŞ BAŞKENT ÇİMENTO SANAYİ VE TİCARET A.Ş.,4028e4a140f2ed7201413a4092720892,1582-bastas-baskent-cimento-sanayi-ve-ticaret-a-s,ANKARA,DRT BAĞIMSIZ DENETİM VE SERBEST MUHASEBECİ MALİ MÜŞAVİRLİK A.Ş.,,,HAYIR
BEGYO,BATI EGE GAYRİMENKUL YATIRIM ORTAKLIĞI A.Ş.,8acae2c48b2fa25a018c01ae7c3973de,5906-bati-ege-gayrimenkul-yatirim-ortakligi-a-s,DENİZLİ,ARSEN BAĞIMSIZ DENETİM HİZMETLERİ A.Ş.,,,HAYIR
BTCIM,BATIÇİM BATI ANADOLU SANAYİ VE TİCARET A.Ş.,4028e4a140e95be70140ee07044700eb,877-baticim-bati-anadolu-sanayi-ve-ticaret-a-s,İZMİR,KARAR BAĞIMSIZ DENETİM VE DANIŞMANLIK A.Ş.,,,HAYIR
BSOKE,BATIÇİM ÇİMENTO SANAYİ A.Ş.,4028e4a24158e42401415920fc3308c5,878-baticim-cimento-sanayi-a-s,İZMİR,KARAR BAĞIMSIZ DENETİM VE DANIŞMANLIK A.Ş.,,,HAYIR
BYDNR,BAYDÖNER RESTORANLARI A.Ş.,8acae2c586d22c510189de64baa92725,5853-baydoner-restoranlari-a-s,İZMİR,SUN BAĞIMSIZ DENETİM VE YEMİNLİ MALİ MÜŞAVİRLİK A.Ş.,,,HAYIR
BAYRK,BAYRAK EBT TABAN SANAYİ VE TİCARET A.Ş.,8acae2c56faf888c0170a0e2d88d77c3,5054-bayrak-ebt-taban-sanayi-ve-ticaret-a-s,İSTANBUL,NEVADOS BAĞIMSIZ DENETİM A.Ş.,,,HAYIR
BERA,BERA HOLDİNG A.Ş.,4028e4a241733d42014174023cb0192b,1693-bera-holding-a-s,KONYA,EREN BAĞIMSIZ DENETİM A.Ş.,,,HAYIR
BRKT,BEREKET VARLIK KİRALAMA A.Ş.,8acae2c4508ff7260151497fffa30e9e,2278-bereket-varlik-kiralama-a-s,İSTANBUL,PwC BAĞIMSIZ DENETİM VE SERBEST MUHASEBECİ MALİ MÜŞAVİRLİK A.Ş,,,
BRKSN,BERKOSAN YALITIM VE TECRİT MADDELERİ ÜRETİM VE TİCARET A.Ş.,4028e4a1413b7ef4014144cf3f7b0075,1537-berkosan-yalitim-ve-tecrit-maddeleri-uretim-ve-ticaret-a-s,İSTANBUL,RSM TURKEY ULUSLARARASI BAĞIMSIZ DENETİM A.Ş.,,,HAYIR
BESLR,BESLER GIDA VE KİMYA SANAYİ VE TİCARET A.Ş.,4028e4a1416e696301416ec5743e289d,1002-besler-gida-ve-kimya-sanayi-ve-ticaret-a-s,İSTANBUL,DRT BAĞIMSIZ DENETİM VE SERBEST MUHASEBECİ MALİ MÜŞAVİRLİK A.Ş.,,,HAYIR
BESTE,BEST BRANDS GRUP ENERJİ YATIRIM A.Ş.,8acae2c49b85f8ce019c0d9c2cc26b56,6190-best-brands-grup-enerji-yatirim-a-s,İSTANBUL,ÇÖZÜM ÜNLÜER BAĞIMSIZ DENETİM VE YEMİNLİ MALİ MÜŞAVİRLİK A.Ş.,,,HAYIR
BJKAS,BEŞİKTAŞ FUTBOL YATIRIMLARI SANAYİ VE TİCARET A.Ş.,4028e4a241a25fcb0141a276cda10189,881-besiktas-futbol-yatirimlari-sanayi-ve-ticaret-a-s,İSTANBUL,RSM TURKEY ULUSLARARASI BAĞIMSIZ DENETİM A.Ş.,,,HAYIR
BETAE,BETA ENERJİ VE TEKNOLOJİ A.Ş.,8acae2c5794d3d6a01797a0d1ebd088c,5345-beta-enerji-ve-teknoloji-a-s,ADANA,EREN BAĞIMSIZ DENETİM A.Ş.,,,HAYIR
BEYAZ,BEYAZ FİLO OTO KİRALAMA A.Ş.,4028e4a141558bdd01415619e62c0577,1518-beyaz-filo-oto-kiralama-a-s,ANKARA,DENEYİM BAĞIMSIZ DENETİM VE DANIŞMANLIK A.Ş.,,,HAYIR
BIENY,BİEN YAPI ÜRÜNLERİ SANAYİ TURİZM VE TİCARET A.Ş.,4028e4a24a5df6e7014ba1e60b464173,2952-bien-yapi-urunleri-sanayi-turizm-ve-ticaret-a-s,ANKARA,NEVADOS BAĞIMSIZ DENETİM A.Ş.,,,HAYIR
BIGTK,BİG MEDYA TEKNOLOJİ A.Ş.,4028e4a240ee866c0140f2066a0400b8,918-big-medya-teknoloji-a-s,İSTANBUL,DENEYİM BAĞIMSIZ DENETİM VE DANIŞMANLIK A.Ş.,,,HAYIR
BLCYT,BİLİCİ YATIRIM SANAYİ VE TİCARET A.Ş.,4028e4a2413b80d1014144caf7b90037,1544-bilici-yatirim-sanayi-ve-ticaret-a-s,ADANA,GÜRELİ YEMİNLİ MALİ MÜŞAVİRLİK VE BAĞIMSIZ DENETİM HİZMETLERİ A.Ş.,,,HAYIR
BLKOM,BİLKOM BİLİŞİM HİZMETLERİ A.Ş.,4028e4a14a5df521014b02a116c7424a,3592-bilkom-bilisim-hizmetleri-a-s,İSTANBUL,GÜNEY BAĞIMSIZ DENETİM VE SERBEST MUHASEBECİ MALİ MÜŞAVİRLİK A.Ş.,,,HAYIR
BIMAS,BİM BİRLEŞİK MAĞAZALAR A.Ş.,4028e4a140e95be70140ee1b7b030119,1406-bim-birlesik-magazalar-a-s,İSTANBUL,GÜNEY BAĞIMSIZ DENETİM VE SERBEST MUHASEBECİ MALİ MÜŞAVİRLİK A.Ş.,,,HAYIR
BINBN,BİN ULAŞIM VE AKILLI ŞEHİR TEKNOLOJİLERİ A.Ş.,8acae2c49145e00b01922d34585110b6,6026-bin-ulasim-ve-akilli-sehir-teknolojileri-a-s,İSTANBUL,DENEYİM BAĞIMSIZ DENETİM VE DANIŞMANLIK A.Ş.,,,HAYIR
BIOEN,BİOTREND ÇEVRE VE ENERJİ YATIRIMLARI A.Ş.,8acae2c4780814e2017826e1e07318d8,5289-biotrend-cevre-ve-enerji-yatirimlari-a-s,İSTANBUL,EREN BAĞIMSIZ DENETİM A.Ş.,,,HAYIR
BRKVY,BİRİKİM VARLIK YÖNETİM A.Ş.,8acae2c562329bd10162b9ff7a6b53d6,4623-birikim-varlik-yonetim-a-s,İSTANBUL,HSY DANIŞMANLIK VE BAĞIMSIZ DENETİM A.Ş.,,,EVET
BRKO,BİRKO BİRLEŞİK KOYUNLULULAR MENSUCAT TİCARET VE SANAYİ A.Ş.,4028e4a240e95dc90140ee21c40601aa,1493-birko-birlesik-koyunlulular-mensucat-ticaret-ve-sanayi-a-s,NİĞDE,VİZYON GRUP BAĞIMSIZ DENETİM.A.Ş.,,,HAYIR
BIGEN,BİRLEŞİM GRUP ENERJİ YATIRIMLARI A.Ş.,8acae2c49145e00b01949842f70b1a46,6059-birlesim-grup-enerji-yatirimlari-a-s,İSTANBUL,YEDİTEPE BAĞIMSIZ DENETİM VE YEMİNLİ MALİ MÜŞAVİRLİK A.Ş.,,,HAYIR
BRLSM,BİRLEŞİM MÜHENDİSLİK ISITMA SOĞUTMA HAVALANDIRMA SANAYİ VE TİCARET A.Ş.,8acae2c4794d3648017aa01a43690c1f,5391-birlesim-muhendislik-isitma-sogutma-havalandirma-sanayi-ve-ticaret-a-s,İSTANBUL,YEDİTEPE BAĞIMSIZ DENETİM VE YEMİNLİ MALİ MÜŞAVİRLİK A.Ş.,,,HAYIR
BRMEN,BİRLİK MENSUCAT TİCARET VE SANAYİ İŞLETMESİ A.Ş.,4028e4a240e95dc90140ee243b5b01ba,882-birlik-mensucat-ticaret-ve-sanayi-isletmesi-a-s,KAYSERİ,BD BAĞIMSIZ DENETİM VE YEMİNLİ MALİ MÜŞAVİRLİK A.Ş.,,,HAYIR
BIZIM,BİZİM TOPTAN SATIŞ MAĞAZALARI A.Ş.,4028e4a1416e696301416ec4471d280d,1536-bizim-toptan-satis-magazalari-a-s,İSTANBUL,DRT BAĞIMSIZ DENETİM VE SERBEST MUHASEBECİ MALİ MÜŞAVİRLİK A.Ş.,,,HAYIR
BLUME,BLUME METAL KİMYA A.Ş.,4028e4a240f2ef4c0140f2f8fdcd0002,1032-blume-metal-kimya-a-s,İSTANBUL,VENTERA BAĞIMSIZ DENETİM A.Ş.,,,HAYIR
BMSTL,BMS BİRLEŞİK METAL SANAYİ VE TİCARET A.Ş.,8acae2c47f7cb49201802bda6cbf6b77,5590-bms-birlesik-metal-sanayi-ve-ticaret-a-s,İSTANBUL,ATA ULUSLARARASI BAĞIMSIZ DENETİM VE SMMM A.Ş.,,,HAYIR
BMSCH,BMS ÇELİK HASIR SANAYİ VE TİCARET A.Ş.,8acae2c56eccfc0c016f18f5b1e21747,5007-bms-celik-hasir-sanayi-ve-ticaret-a-s,MANİSA,PKF ADAY BAĞIMSIZ DENETİM A.Ş.,,,HAYIR
BNPPI,BNP PARIBAS ISSUANCE B.V.,8acae2c486d22a3b018848b0fe6233c7,5822-bnp-paribas-issuance-b-v,,,,,HAYIR
BOBET,BOĞAZİÇİ BETON SANAYİ VE TİCARET A.Ş.,8acae2c4782a4d560178d45481dc5948,5320-bogazici-beton-sanayi-ve-ticaret-a-s,İSTANBUL,REANDA AREN BAĞIMSIZ DENETİM VE SMMM A.Ş.,,,HAYIR
BORSK,BOR ŞEKER A.Ş.,8acae2c58b2fa64e018d63bcd2684e71,5929-bor-seker-a-s,İSTANBUL,YEDİTEPE BAĞIMSIZ DENETİM VE YEMİNLİ MALİ MÜŞAVİRLİK A.Ş.,,,HAYIR
BORLS,BORLEASE OTOMOTİV A.Ş.,8acae2c486d22a3a018b03b5cfbe29b8,5878-borlease-otomotiv-a-s,İSTANBUL,ARSEN BAĞIMSIZ DENETİM HİZMETLERİ A.Ş.,,,HAYIR
BRSAN,BORUSAN BİRLEŞİK BORU FABRİKALARI SANAYİ VE TİCARET A.Ş.,4028e4a140f2ed7201412ac9ca5d06e6,886-borusan-birlesik-boru-fabrikalari-sanayi-ve-ticaret-a-s,İSTANBUL,GÜNEY BAĞIMSIZ DENETİM VE SERBEST MUHASEBECİ MALİ MÜŞAVİRLİK A.Ş.,,,HAYIR
BRYAT,BORUSAN YATIRIM VE PAZARLAMA A.Ş.,4028e4a1415f4d9b0141603cd3904103,887-borusan-yatirim-ve-pazarlama-a-s,İSTANBUL,GÜNEY BAĞIMSIZ DENETİM VE SERBEST MUHASEBECİ MALİ MÜŞAVİRLİK A.Ş.,,,HAYIR
BFREN,BOSCH FREN SİSTEMLERİ SANAYİ VE TİCARET A.Ş.,4028e4a140e95bea0140ee30fb6001b9,888-bosch-fren-sistemleri-sanayi-ve-ticaret-a-s,BURSA,GÜNEY BAĞIMSIZ DENETİM VE SERBEST MUHASEBECİ MALİ MÜŞAVİRLİK A.Ş.,,,HAYIR
BOSSA,BOSSA TİCARET VE SANAYİ İŞLETMELERİ T.A.Ş.,4028e4a1415f4d9b014160053ed13d39,889-bossa-ticaret-ve-sanayi-isletmeleri-t-a-s,ADANA,GÜNEY BAĞIMSIZ DENETİM VE SERBEST MUHASEBECİ MALİ MÜŞAVİRLİK A.Ş.,,,HAYIR
BRISA,BRİSA BRİDGESTONE SABANCI LASTİK SANAYİ VE TİCARET A.Ş.,4028e4a140e95bea0140ee33bff201cd,891-brisa-bridgestone-sabanci-lastik-sanayi-ve-ticaret-a-s,İSTANBUL,DRT BAĞIMSIZ DENETİM VE SERBEST MUHASEBECİ MALİ MÜŞAVİRLİK A.Ş.,,,HAYIR
BULGS,BULLS GİRİŞİM SERMAYESİ YATIRIM ORTAKLIĞI A.Ş.,8acae2c47afb298b017ceaa8534b5036,5458-bulls-girisim-sermayesi-yatirim-ortakligi-a-s,İSTANBUL,MİTRA BAĞIMSIZ DENETİM A.Ş.,,,HAYIR
BLS,BULLS YATIRIM MENKUL DEĞERLER A.Ş.,4028e4a2415f4f8401415ffac5a034a9,1343-bulls-yatirim-menkul-degerler-a-s,İSTANBUL,ANY PARTNERS BAĞIMSIZ DENETİM A.Ş.,,,EVET
BLSMD,BULLS YATIRIM MENKUL DEĞERLER A.Ş.,4028e4a2415f4f8401415ffac5a034a9,1343-bulls-yatirim-menkul-degerler-a-s,İSTANBUL,ANY PARTNERS BAĞIMSIZ DENETİM A.Ş.,,,EVET
BURCE,BURÇELİK BURSA ÇELİK DÖKÜM SANAYİİ A.Ş.,4028e4a14158e41e01415b2636586ca7,894-burcelik-bursa-celik-dokum-sanayii-a-s,BURSA,KAVRAM BAĞIMSIZ DENETİM VE DANIŞMANLIK A.Ş.,,,HAYIR
BURVA,BURÇELİK VANA SANAYİ VE TİCARET A.Ş.,4028e4a14158e41e01415b2789266cb6,1388-burcelik-vana-sanayi-ve-ticaret-a-s,BURSA,KAVRAM BAĞIMSIZ DENETİM VE DANIŞMANLIK A.Ş.,,,HAYIR
BRGAN,BURGAN BANK A.Ş.,4028e4a140ee35c70140ee3e44840009,2494-burgan-bank-a-s,İSTANBUL,KPMG BAĞIMSIZ DENETİM VE SERBEST MUHASEBECİ MALİ MÜŞAVİRLİK A.Ş.,,,EVET
BUR,BURGAN BANK A.Ş.,4028e4a140ee35c70140ee3e44840009,2494-burgan-bank-a-s,İSTANBUL,KPMG BAĞIMSIZ DENETİM VE SERBEST MUHASEBECİ MALİ MÜŞAVİRLİK A.Ş.,,,EVET
BRGFK,BURGAN FİNANSAL KİRALAMA A.Ş.,4028e4a241462fd8014155181e226ec8,2434-burgan-finansal-kiralama-a-s,İSTANBUL,KPMG BAĞIMSIZ DENETİM VE SERBEST MUHASEBECİ MALİ MÜŞAVİRLİK A.Ş.,,,EVET
BUCIM,BURSA ÇİMENTO FABRİKASI A.Ş.,4028e4a140ee35c00140ee41a5e4000f,895-bursa-cimento-fabrikasi-a-s,BURSA,SUN BAĞIMSIZ DENETİM VE YEMİNLİ MALİ MÜŞAVİRLİK A.Ş.,,,HAYIR
BVSAN,BÜLBÜLOĞLU VİNÇ SANAYİ VE TİCARET A.Ş.,8acae2c5830502c30185dea8694c5722,5769-bulbuloglu-vinc-sanayi-ve-ticaret-a-s,ANKARA,TESLA BAĞIMSIZ DENETİM A.Ş.,,,HAYIR
BIGCH,BÜYÜK ŞEFLER GIDA TURİZM TEKSTİL DANIŞMANLIK ORGANİZASYON EĞİTİM SANAYİ VE TİCARET A.Ş.,8acae2c486d22a3a0187c6822e7324e6,5819-buyuk-sefler-gida-turizm-tekstil-danismanlik-organizasyon-egitim-sanayi-ve-ticaret-a-s,İSTANBUL,PwC BAĞIMSIZ DENETİM VE SERBEST MUHASEBECİ MALİ MÜŞAVİRLİK A.Ş,,,HAYIR
CRFSA,CARREFOURSA CARREFOUR SABANCI TİCARET MERKEZİ A.Ş.,4028e4a140ee35c00140ee56930f0024,1440-carrefoursa-carrefour-sabanci-ticaret-merkezi-a-s,İSTANBUL,DRT BAĞIMSIZ DENETİM VE SERBEST MUHASEBECİ MALİ MÜŞAVİRLİK A.Ş.,,,HAYIR
CASA,CASA EMTİA PETROL KİMYEVİ VE TÜREVLERİ SANAYİ VE TİCARET A.Ş.,4028e4a240f2ef4c01413acf8cda06cc,1679-casa-emtia-petrol-kimyevi-ve-turevleri-sanayi-ve-ticaret-a-s,İSTANBUL,VİZYON GRUP BAĞIMSIZ DENETİM.A.Ş.,,,HAYIR
CEMZY,CEM ZEYTİN A.Ş.,8acae2c49145e00b01918463cdec27bb,6019-cem-zeytin-a-s,İZMİR,DENEYİM BAĞIMSIZ DENETİM VE DANIŞMANLIK A.Ş.,,,HAYIR
CEOEM,CEO EVENT MEDYA A.Ş.,8acae2c469cee2a20169ed8afa9112ee,4856-ceo-event-medya-a-s,İSTANBUL,KAİZEN BAĞIMSIZ DENETİM A.Ş.,,,HAYIR
CCOLA,COCA-COLA İÇECEK A.Ş.,4028e4a140ee35c00140ee586bdd0034,1424-coca-cola-icecek-a-s,İSTANBUL,PwC BAĞIMSIZ DENETİM VE SERBEST MUHASEBECİ MALİ MÜŞAVİRLİK A.Ş,,,HAYIR
CONSE,CONSUS ENERJİ İŞLETMECİLİĞİ VE HİZMETLERİ A.Ş.,8acae2c57f7cbb48018007c3ad6154d4,5582-consus-enerji-isletmeciligi-ve-hizmetleri-a-s,İSTANBUL,PKF ADAY BAĞIMSIZ DENETİM A.Ş.,,,HAYIR
COSMO,COSMOS YATIRIM HOLDİNG A.Ş.,4028e4a24158e42401415ada104f7e44,893-cosmos-yatirim-holding-a-s,İSTANBUL,REHBER BAĞIMSIZ DENETİM VE YEMİNLİ MALİ MÜŞAVİRLİK A.Ş.,,,HAYIR
CRDFA,CREDITWEST FAKTORİNG A.Ş.,4028e4a141558bdd0141561c84700589,1097-creditwest-faktoring-a-s,İSTANBUL,HSY DANIŞMANLIK VE BAĞIMSIZ DENETİM A.Ş.,,,EVET
CVKMD,CVK MADEN İŞLETMELERİ SANAYİ VE TİCARET A.Ş.,8acae2c586d22c510187381ba299429a,5807-cvk-maden-isletmeleri-sanayi-ve-ticaret-a-s,İSTANBUL,RAM BAĞIMSIZ DENETİM VE DANIŞMANLIK A.Ş.,,,HAYIR
CWENE,CW ENERJİ MÜHENDİSLİK TİCARET VE SANAYİ A.Ş.,8acae2c56faf888c016fd6c2036e0a5d,5033-cw-enerji-muhendislik-ticaret-ve-sanayi-a-s,ANTALYA,VARLIK GLOBAL BAĞIMSIZ DENETİM VE SERBEST MUHASEBECİ MALİ MÜŞAVİRLİK A.Ş.,,,HAYIR
CGCAM,ÇAĞDAŞ CAM SANAYİ VE TİCARET A.Ş.,8acae2c59145e00e01939c2384406d96,6045-cagdas-cam-sanayi-ve-ticaret-a-s,AYDIN,ÇÖZÜM ÜNLÜER BAĞIMSIZ DENETİM VE YEMİNLİ MALİ MÜŞAVİRLİK A.Ş.,,,HAYIR
CAGFA,ÇAĞDAŞ FAKTORİNG A.Ş.,4028e4a1486ec80a0148b0f695d4648d,2150-cagdas-faktoring-a-s,İSTANBUL,DRT BAĞIMSIZ DENETİM VE SERBEST MUHASEBECİ MALİ MÜŞAVİRLİK A.Ş.,,,EVET
CMSAN,ÇAMSAN ENTEGRE AĞAÇ SANAYİ VE TİCARET A.Ş.,8acae2c4998f24d8019ad909b0f14c09,6165-camsan-entegre-agac-sanayi-ve-ticaret-a-s,İSTANBUL,EREN BAĞIMSIZ DENETİM A.Ş.,,,HAYIR
CANTE,ÇAN2 TERMİK A.Ş.,8acae2c578080f31017811f4dca6032d,5284-can2-termik-a-s,İSTANBUL,AS BAĞIMSIZ DENETİM VE YEMİNLİ MALİ MÜŞAVİRLİK A.Ş.,,,HAYIR
CATES,ÇATES ELEKTRİK ÜRETİM A.Ş.,8acae2c58b2fa64e018bfaefef6b6fcd,5905-cates-elektrik-uretim-a-s,ZONGULDAK,PwC BAĞIMSIZ DENETİM VE SERBEST MUHASEBECİ MALİ MÜŞAVİRLİK A.Ş,,,HAYIR
CLEBI,ÇELEBİ HAVA SERVİSİ A.Ş.,4028e4a140ee84900140f1f1584c0015,903-celebi-hava-servisi-a-s,İSTANBUL,GÜNEY BAĞIMSIZ DENETİM VE SERBEST MUHASEBECİ MALİ MÜŞAVİRLİK A.Ş.,,,HAYIR
CELHA,ÇELİK HALAT VE TEL SANAYİİ A.Ş.,4028e4a240f2ef4c0141164dd92d044c,904-celik-halat-ve-tel-sanayii-a-s,KOCAELİ,RASYONEL BAĞIMSIZ DENETİM VE YEMİNLİ MALİ MÜŞAVİRLİK A.Ş.,,,HAYIR
CLKMT,ÇELİK MOTOR TİCARET A.Ş.,4028e4a1415f4d9b01416002f6573cff,2106-celik-motor-ticaret-a-s,İSTANBUL,PwC BAĞIMSIZ DENETİM VE SERBEST MUHASEBECİ MALİ MÜŞAVİRLİK A.Ş,,,HAYIR
CEMAS,ÇEMAŞ DÖKÜM SANAYİ A.Ş.,4028e4a140f2ed7201413b14392508fb,1510-cemas-dokum-sanayi-a-s,KIRŞEHİR,ANALİZ BAĞIMSIZ DENETİM VE DANIŞMANLIK A.Ş.,,,HAYIR
CEMTS,ÇEMTAŞ ÇELİK MAKİNA SANAYİ VE TİCARET A.Ş.,4028e4a140ee84900140f1f334ce0025,905-cemtas-celik-makina-sanayi-ve-ticaret-a-s,BURSA,SUN BAĞIMSIZ DENETİM VE YEMİNLİ MALİ MÜŞAVİRLİK A.Ş.,,,HAYIR
CMBTN,ÇİMBETON HAZIRBETON VE PREFABRİK YAPI ELEMANLARI SANAYİ VE TİCARET A.Ş.,4028e4a24158e42401415ad0dece7d3a,906-cimbeton-hazirbeton-ve-prefabrik-yapi-elemanlari-sanayi-ve-ticaret-a-s,İZMİR,BDO DENET BAĞIMSIZ DENETİM VE DANIŞMANLIK A.Ş.,,,HAYIR
CMENT,ÇİMENTAŞ İZMİR ÇİMENTO FABRİKASI T.A.Ş.,4028e4a24158e42401415ad34c7f7db7,907-cimentas-izmir-cimento-fabrikasi-t-a-s,İZMİR,BDO DENET BAĞIMSIZ DENETİM VE DANIŞMANLIK A.Ş.,,,HAYIR
CIMSA,ÇİMSA ÇİMENTO SANAYİ VE TİCARET A.Ş.,4028e4a240ee866c0140f1f64bdb0014,908-cimsa-cimento-sanayi-ve-ticaret-a-s,İSTANBUL,DRT BAĞIMSIZ DENETİM VE SERBEST MUHASEBECİ MALİ MÜŞAVİRLİK A.Ş.,,,HAYIR
CUSAN,ÇUHADAROĞLU METAL SANAYİ VE PAZARLAMA A.Ş.,8acae2c552495f6401529d6a45d10598,2592-cuhadaroglu-metal-sanayi-ve-pazarlama-a-s,İSTANBUL,YEDİTEPE BAĞIMSIZ DENETİM VE YEMİNLİ MALİ MÜŞAVİRLİK A.Ş.,,,HAYIR
DVRLK,D VARLIK KİRALAMA A.Ş.,8acae2c49145e00b01928aa470dd5fda,6031-d-varlik-kiralama-a-s,İSTANBUL,DRT BAĞIMSIZ DENETİM VE SERBEST MUHASEBECİ MALİ MÜŞAVİRLİK A.Ş.,,,
DYBNK,D YATIRIM BANKASI A.Ş.,8acae2c4757dba8c01759d4015520c73,5226-d-yatirim-bankasi-a-s,İSTANBUL,DRT BAĞIMSIZ DENETİM VE SERBEST MUHASEBECİ MALİ MÜŞAVİRLİK A.Ş.,,,EVET
DAGI,DAGİ GİYİM SANAYİ VE TİCARET A.Ş.,4028e4a140f2ed7101411160c8c6020f,1546-dagi-giyim-sanayi-ve-ticaret-a-s,İSTANBUL,PKF ADAY BAĞIMSIZ DENETİM A.Ş.,,,HAYIR
DAPGM,DAP GAYRİMENKUL GELİŞTİRME A.Ş.,8acae2c47d3bee4e017ea0492b6a0595,5532-dap-gayrimenkul-gelistirme-a-s,İSTANBUL,ATA ULUSLARARASI BAĞIMSIZ DENETİM VE SMMM A.Ş.,,,HAYIR
DARDL,DARDANEL ÖNENTAŞ GIDA SANAYİ A.Ş.,4028e4a144a0804e014521a6ca1c0705,910-dardanel-onentas-gida-sanayi-a-s,ÇANAKKALE,KPMG BAĞIMSIZ DENETİM VE SERBEST MUHASEBECİ MALİ MÜŞAVİRLİK A.Ş.,,,HAYIR
DGATE,DATAGATE BİLGİSAYAR MALZEMELERİ TİCARET A.Ş.,4028e4a2416e697d01416eabc02d14f8,1416-datagate-bilgisayar-malzemeleri-ticaret-a-s,İSTANBUL,MGI BAĞIMSIZ DENETİM A.Ş.,,,HAYIR
DCTTR,DCT TRADİNG DIŞ TİCARET A.Ş.,8acae2c48c3efac00190dade5a963277,5997-dct-trading-dis-ticaret-a-s,İSTANBUL,NEVADOS BAĞIMSIZ DENETİM A.Ş.,,,HAYIR
DGRVK,DEĞER VARLIK KİRALAMA A.Ş.,8acae2c575a1b5b60176707955d239ff,5245-deger-varlik-kiralama-a-s,İSTANBUL,PwC BAĞIMSIZ DENETİM VE SERBEST MUHASEBECİ MALİ MÜŞAVİRLİK A.Ş,,,
DMSAS,DEMİSAŞ DÖKÜM EMAYE MAMÜLLERİ SANAYİ A.Ş.,4028e4a240f2ef4c0140f326817e0041,911-demisas-dokum-emaye-mamulleri-sanayi-a-s,KOCAELİ,GÜRELİ YEMİNLİ MALİ MÜŞAVİRLİK VE BAĞIMSIZ DENETİM HİZMETLERİ A.Ş.,,,HAYIR
DENVA,DENGE VARLIK YÖNETİM A.Ş.,8acae2c56d759b01016df39c37ac2af9,4972-denge-varlik-yonetim-a-s,İSTANBUL,KPMG BAĞIMSIZ DENETİM VE SERBEST MUHASEBECİ MALİ MÜŞAVİRLİK A.Ş.,,,EVET
DENGE,DENGE YATIRIM HOLDİNG A.Ş.,4028e4a240ee866c0140f1f80b55002b,1678-denge-yatirim-holding-a-s,İSTANBUL,MİTRA BAĞIMSIZ DENETİM A.Ş.,,,HAYIR
DNZEN,DENİZ EKO ENERJİ VE GERİ DÖNÜŞÜM A.Ş.,8acae2c4998f24d8019abf7bb7eb4396,6164-deniz-eko-enerji-ve-geri-donusum-a-s,İSTANBUL,ULUSLARARASI BAĞIMSIZ DENETİM A.Ş.,,,HAYIR
DENFA,DENİZ FAKTORİNG A.Ş.,4028e4a140f2ed71014117912e3102bf,2160-deniz-faktoring-a-s,İSTANBUL,GÜNEY BAĞIMSIZ DENETİM VE SERBEST MUHASEBECİ MALİ MÜŞAVİRLİK A.Ş.,,,EVET
DNFIN,DENİZ FİNANSAL KİRALAMA A.Ş.,4028e4a140f2ed7101411793bae502d5,2163-deniz-finansal-kiralama-a-s,İSTANBUL,GÜNEY BAĞIMSIZ DENETİM VE SERBEST MUHASEBECİ MALİ MÜŞAVİRLİK A.Ş.,,,EVET
DZGYO,DENİZ GAYRİMENKUL YATIRIM ORTAKLIĞI A.Ş.,4028e4a240ee866c0140f1fad94e0047,912-deniz-gayrimenkul-yatirim-ortakligi-a-s,İSTANBUL,GÜNEY BAĞIMSIZ DENETİM VE SERBEST MUHASEBECİ MALİ MÜŞAVİRLİK A.Ş.,,,HAYIR
DERIM,DERİMOD KONFEKSİYON AYAKKABI DERİ SANAYİ VE TİCARET A.Ş.,4028e4a140f2ed710141116818390237,915-derimod-konfeksiyon-ayakkabi-deri-sanayi-ve-ticaret-a-s,TEKİRDAĞ,DRT BAĞIMSIZ DENETİM VE SERBEST MUHASEBECİ MALİ MÜŞAVİRLİK A.Ş.,,,HAYIR
DERHL,DERLÜKS YATIRIM HOLDİNG A.Ş.,8acae2c469cee2a4016a5492160c43c3,4864-derluks-yatirim-holding-a-s,İSTANBUL,ANALİZ BAĞIMSIZ DENETİM VE DANIŞMANLIK A.Ş.,,,HAYIR
DESA,DESA DERİ SANAYİ VE TİCARET A.Ş.,4028e4a240ee866c0140f1fe48fa0070,1389-desa-deri-sanayi-ve-ticaret-a-s,İSTANBUL,REFORM BAĞIMSIZ DENETİM A.Ş.,,,HAYIR
DESPC,DESPEC BİLGİSAYAR PAZARLAMA VE TİCARET A.Ş.,4028e4a2416e697d01416ea9d5741424,1529-despec-bilgisayar-pazarlama-ve-ticaret-a-s,İSTANBUL,GÜRELİ YEMİNLİ MALİ MÜŞAVİRLİK VE BAĞIMSIZ DENETİM HİZMETLERİ A.Ş.,,,HAYIR
DSTKF,DESTEK FİNANS FAKTORİNG A.Ş.,4028e4a1415f4d9b01415fe0caa830df,2191-destek-finans-faktoring-a-s,İSTANBUL,GÜRELİ YEMİNLİ MALİ MÜŞAVİRLİK VE BAĞIMSIZ DENETİM HİZMETLERİ A.Ş.,,,EVET
DMD,DESTEK YATIRIM MENKUL DEĞERLER A.Ş.,fb4e3f58d05d4f01a5f15679e90748e9,6039-destek-yatirim-menkul-degerler-a-s,İSTANBUL,GÜRELİ YEMİNLİ MALİ MÜŞAVİRLİK VE BAĞIMSIZ DENETİM HİZMETLERİ A.Ş.,,,EVET
DSYAT,DESTEK YATIRIM MENKUL DEĞERLER A.Ş.,fb4e3f58d05d4f01a5f15679e90748e9,6039-destek-yatirim-menkul-degerler-a-s,İSTANBUL,GÜRELİ YEMİNLİ MALİ MÜŞAVİRLİK VE BAĞIMSIZ DENETİM HİZMETLERİ A.Ş.,,,EVET
DEVA,DEVA HOLDİNG A.Ş.,4028e4a140f2ed710141116ab1d60241,916-deva-holding-a-s,İSTANBUL,DRT BAĞIMSIZ DENETİM VE SERBEST MUHASEBECİ MALİ MÜŞAVİRLİK A.Ş.,,,HAYIR
DIMES,DİMES GIDA SANAYİ VE TİCARET A.Ş.,01575ca846a34134b5c6bb879b7d0bc4,6116-dimes-gida-sanayi-ve-ticaret-a-s,TOKAT,GÜNEY BAĞIMSIZ DENETİM VE SERBEST MUHASEBECİ MALİ MÜŞAVİRLİK A.Ş.,,,HAYIR
DNISI,DİNAMİK ISI MAKİNA YALITIM MALZEMELERİ SANAYİ VE TİCARET A.Ş.,8acae2c473646c5e017410b3f4b16fae,5185-dinamik-isi-makina-yalitim-malzemeleri-sanayi-ve-ticaret-a-s,İZMİR,ARTI DEĞER ULUSLARARASI BAĞIMSIZ DENETİM VE YMM A.Ş.,,,HAYIR
DIRIT,DİRİTEKS DİRİLİŞ TEKSTİL SANAYİ VE TİCARET A.Ş.,4028e4a24158e42201415afbaa14606c,1580-diriteks-dirilis-tekstil-sanayi-ve-ticaret-a-s,ISPARTA,VİZYON GRUP BAĞIMSIZ DENETİM.A.Ş.,,,HAYIR
DITAS,DİTAŞ BDY YEDEK PARÇA İMALAT VE TEKNİK A.Ş.,4028e4a140f2ed710141179798bb02ed,917-ditas-bdy-yedek-parca-imalat-ve-teknik-a-s,NİĞDE,RAM BAĞIMSIZ DENETİM VE DANIŞMANLIK A.Ş.,,,HAYIR
DKVRL,DK VARLIK KİRALAMA A.Ş.,8acae2c5991b90af01992916f11d02c7,6133-dk-varlik-kiralama-a-s,İSTANBUL,PwC BAĞIMSIZ DENETİM VE SERBEST MUHASEBECİ MALİ MÜŞAVİRLİK A.Ş,,,
DMRGD,DMR UNLU MAMULLER ÜRETİM GIDA TOPTAN PERAKENDE İHRACAT A.Ş.,8acae2c486d22a3b018a97c880c913d6,5870-dmr-unlu-mamuller-uretim-gida-toptan-perakende-ihracat-a-s,İSTANBUL,ARSEN BAĞIMSIZ DENETİM HİZMETLERİ A.Ş.,,,HAYIR
DOCO,DO & CO AKTIENGESELLSCHAFT,1DE05DAA82B4073AE0530A4A622A2EBD,1530-do-co-aktiengesellschaft,,PwC BAĞIMSIZ DENETİM VE SERBEST MUHASEBECİ MALİ MÜŞAVİRLİK A.Ş,,,HAYIR
DOFRB,DOF ROBOTİK SANAYİ A.Ş.,8acae2c494bafc930198f4d3cccb4dbb,6130-dof-robotik-sanayi-a-s,İSTANBUL,PKF ADAY BAĞIMSIZ DENETİM A.Ş.,,,HAYIR
DOFER,DOFER YAPI MALZEMELERİ SANAYİ VE TİCARET A.Ş.,8acae2c486d22a3a018b03b62cd429bd,5879-dofer-yapi-malzemeleri-sanayi-ve-ticaret-a-s,ANKARA,GÜNCEL BAĞIMSIZ DENETİM DANIŞMANLIK A.Ş.,,,HAYIR
DOHOL,DOĞAN ŞİRKETLER GRUBU HOLDİNG A.Ş.,4028e4a141462df201414ff732983087,919-dogan-sirketler-grubu-holding-a-s,İSTANBUL,DRT BAĞIMSIZ DENETİM VE SERBEST MUHASEBECİ MALİ MÜŞAVİRLİK A.Ş.,,,HAYIR
DGNMO,DOĞANLAR MOBİLYA GRUBU İMALAT SANAYİ VE TİCARET A.Ş.,4028e4a240f27df70140f2eae68c0032,999-doganlar-mobilya-grubu-imalat-sanayi-ve-ticaret-a-s,İSTANBUL,EREN BAĞIMSIZ DENETİM A.Ş.,,,HAYIR
DOGVY,DOĞRU VARLIK YÖNETİM A.Ş.,8acae2c469cee2a4016a2aff6ed42fb3,4862-dogru-varlik-yonetim-a-s,İSTANBUL,HSY DANIŞMANLIK VE BAĞIMSIZ DENETİM A.Ş.,,,EVET
ARASE,DOĞU ARAS ENERJİ YATIRIMLARI A.Ş.,8acae2c47afb298b017ccb97632144e5,5457-dogu-aras-enerji-yatirimlari-a-s,ERZURUM,DRT BAĞIMSIZ DENETİM VE SERBEST MUHASEBECİ MALİ MÜŞAVİRLİK A.Ş.,,,HAYIR
DOGUB,DOĞUSAN BORU SANAYİ VE TİCARET A.Ş.,4028e4a141e536460141ee618a972cf0,921-dogusan-boru-sanayi-ve-ticaret-a-s,ERZİNCAN,REPORT BAĞIMSIZ DENETİM A.Ş.,,,HAYIR
DGGYO,DOĞUŞ GAYRİMENKUL YATIRIM ORTAKLIĞI A.Ş.,4028e4a140e8cfa00140e9497d32002f,960-dogus-gayrimenkul-yatirim-ortakligi-a-s,İSTANBUL,KPMG BAĞIMSIZ DENETİM VE SERBEST MUHASEBECİ MALİ MÜŞAVİRLİK A.Ş.,,,HAYIR
DOAS,DOĞUŞ OTOMOTİV SERVİS VE TİCARET A.Ş.,4028e4a240e8d16e0140e951bf04007b,1391-dogus-otomotiv-servis-ve-ticaret-a-s,İSTANBUL,KPMG BAĞIMSIZ DENETİM VE SERBEST MUHASEBECİ MALİ MÜŞAVİRLİK A.Ş.,,,HAYIR
DFKTR,DORUK FAKTORİNG A.Ş.,4028e4a141462dfe01414b0e029d286f,3021-doruk-faktoring-a-s,İSTANBUL,DRT BAĞIMSIZ DENETİM VE SERBEST MUHASEBECİ MALİ MÜŞAVİRLİK A.Ş.,,,EVET
DOKTA,DÖKTAŞ DÖKÜMCÜLÜK TİCARET VE SANAYİ A.Ş.,4028e4a241558bd9014155c9b19e03b7,922-doktas-dokumculuk-ticaret-ve-sanayi-a-s,BURSA,PwC BAĞIMSIZ DENETİM VE SERBEST MUHASEBECİ MALİ MÜŞAVİRLİK A.Ş,,,HAYIR
DURDO,DURAN DOĞAN BASIM VE AMBALAJ SANAYİ A.Ş.,4028e4a141effedc0141fe14e2b41807,923-duran-dogan-basim-ve-ambalaj-sanayi-a-s,İSTANBUL,GÜRELİ YEMİNLİ MALİ MÜŞAVİRLİK VE BAĞIMSIZ DENETİM HİZMETLERİ A.Ş.,,,HAYIR
DURKN,DURUKAN ŞEKERLEME SANAYİ VE TİCARET A.Ş.,8acae2c49145e00d0191c6164e8e4aca,6023-durukan-sekerleme-sanayi-ve-ticaret-a-s,ANKARA,GÜNCEL BAĞIMSIZ DENETİM DANIŞMANLIK A.Ş.,,,HAYIR
DUNYH,DÜNYA HOLDİNG A.Ş.,4028e4a141733b51014173e7419c13f1,1069-dunya-holding-a-s,İSTANBUL,MİTRA BAĞIMSIZ DENETİM A.Ş.,,,HAYIR
DNYVA,DÜNYA VARLIK YÖNETİM A.Ş.,8acae2c569cee403016b991858035a54,4902-dunya-varlik-yonetim-a-s,İSTANBUL,EREN BAĞIMSIZ DENETİM A.Ş.,,,EVET
DYOBY,DYO BOYA FABRİKALARI SANAYİ VE TİCARET A.Ş.,4028e4a140e8cf9d0140e95835a30033,924-dyo-boya-fabrikalari-sanayi-ve-ticaret-a-s,İZMİR,KPMG BAĞIMSIZ DENETİM VE SERBEST MUHASEBECİ MALİ MÜŞAVİRLİK A.Ş.,,,HAYIR
EBEBK,EBEBEK MAĞAZACILIK A.Ş.,8acae2c586d22c51018a2b6c8f5963cd,5861-ebebek-magazacilik-a-s,İSTANBUL,PwC BAĞIMSIZ DENETİM VE SERBEST MUHASEBECİ MALİ MÜŞAVİRLİK A.Ş,,,HAYIR
ECOGR,ECOGREEN ENERJİ HOLDİNG A.Ş.,8acae2c5991b90af019975bc2a6c244d,6140-ecogreen-enerji-holding-a-s,DENİZLİ,AS BAĞIMSIZ DENETİM VE YEMİNLİ MALİ MÜŞAVİRLİK A.Ş.,,,HAYIR
ECZYT,ECZACIBAŞI YATIRIM HOLDİNG ORTAKLIĞI A.Ş.,4028e4a1415f4d9901416012a278321f,926-eczacibasi-yatirim-holding-ortakligi-a-s,İSTANBUL,DRT BAĞIMSIZ DENETİM VE SERBEST MUHASEBECİ MALİ MÜŞAVİRLİK A.Ş.,,,HAYIR
EDATA,E-DATA TEKNOLOJİ PAZARLAMA A.Ş.,8acae2c47902e75101792325d43f2419,5333-e-data-teknoloji-pazarlama-a-s,ANKARA,DENGE ANKARA BAĞIMSIZ DENETİM VE YEMİNLİ MALİ MÜŞAVİRLİK A.Ş.,,,HAYIR
EDIP,EDİP GAYRİMENKUL YATIRIM SANAYİ VE TİCARET A.Ş.,4028e4a240e95dc90140ecc568850014,928-edip-gayrimenkul-yatirim-sanayi-ve-ticaret-a-s,İSTANBUL,GÜRELİ YEMİNLİ MALİ MÜŞAVİRLİK VE BAĞIMSIZ DENETİM HİZMETLERİ A.Ş.,,,HAYIR
EFOR,EFOR YATIRIM SANAYİ TİCARET A.Ş.,8acae2c5819d0efb0182923c4c307fbf,5654-efor-yatirim-sanayi-ticaret-a-s,İSTANBUL,DENEYİM BAĞIMSIZ DENETİM VE DANIŞMANLIK A.Ş.,,,HAYIR
EGEEN,EGE ENDÜSTRİ VE TİCARET A.Ş.,1DE05DAA8254073AE0530A4A622A2EBD,930-ege-endustri-ve-ticaret-a-s,İZMİR,PwC BAĞIMSIZ DENETİM VE SERBEST MUHASEBECİ MALİ MÜŞAVİRLİK A.Ş,,,HAYIR
EGGUB,EGE GÜBRE SANAYİİ A.Ş.,4028e4a2422d9a78014304d729e3673d,931-ege-gubre-sanayii-a-s,İZMİR,ANIL YEMİNLİ MALİ MÜŞAVİRLİK VE BAĞIMSIZ DENETİM A.Ş.,,,HAYIR
EGPRO,EGE PROFİL TİCARET VE SANAYİ A.Ş.,4028e4a240f2ef4701413a5c97b805ea,932-ege-profil-ticaret-ve-sanayi-a-s,İZMİR,PwC BAĞIMSIZ DENETİM VE SERBEST MUHASEBECİ MALİ MÜŞAVİRLİK A.Ş,,,HAYIR
EGSER,EGE SERAMİK SANAYİ VE TİCARET A.Ş.,4028e4a1415f4d9b01415ff0ece83aa8,933-ege-seramik-sanayi-ve-ticaret-a-s,İZMİR,MBK BAĞIMSIZ DENETİM VE SMMM A.Ş.,,,HAYIR
EPLAS,EGEPLAST EGE PLASTİK TİCARET VE SANAYİ A.Ş.,4028e4a14158e41e01415aa30e206011,934-egeplast-ege-plastik-ticaret-ve-sanayi-a-s,İZMİR,EREN BAĞIMSIZ DENETİM A.Ş.,,,HAYIR
EGEGY,EGEYAPI AVRUPA GAYRİMENKUL YATIRIM ORTAKLIĞI A.Ş.,8acae2c59145e00e019406e89bc4222c,6051-egeyapi-avrupa-gayrimenkul-yatirim-ortakligi-a-s,İSTANBUL,EREN BAĞIMSIZ DENETİM A.Ş.,,,HAYIR
ECZIP,EİP ECZACIBAŞI İLAÇ PAZARLAMA A.Ş.,4028e4a2462cc71d014694521292040f,3175-eip-eczacibasi-ilac-pazarlama-a-s,İSTANBUL,DRT BAĞIMSIZ DENETİM VE SERBEST MUHASEBECİ MALİ MÜŞAVİRLİK A.Ş.,,,HAYIR
ECILC,EİS ECZACIBAŞI İLAÇ SINAİ VE FİNANSAL YATIRIMLAR SANAYİ VE TİCARET A.Ş.,4028e4a1415f4d99014160034b683108,939-eis-eczacibasi-ilac-sinai-ve-finansal-yatirimlar-sanayi-ve-ticaret-a-s,İSTANBUL,DRT BAĞIMSIZ DENETİM VE SERBEST MUHASEBECİ MALİ MÜŞAVİRLİK A.Ş.,,,HAYIR
EKER,EKER SÜT ÜRÜNLERİ GIDA SANAYİ VE TİCARET A.Ş.,1af4bb0512df41c599b6ff93a4468ac5,5933-eker-sut-urunleri-gida-sanayi-ve-ticaret-a-s,BURSA,PwC BAĞIMSIZ DENETİM VE SERBEST MUHASEBECİ MALİ MÜŞAVİRLİK A.Ş,,,HAYIR
EKIM,EKİM TURİZM TİCARET VE SANAYİ A.Ş.,4028e4a141da49e50141dad016780396,2444-ekim-turizm-ticaret-ve-sanayi-a-s,İSTANBUL,REANDA AREN BAĞIMSIZ DENETİM VE SMMM A.Ş.,,,HAYIR
EKDMR,EKİNCİLER DEMİR VE ÇELİK SANAYİ A.Ş.,4028e4a241558bd9014155d8e91505c8,3089-ekinciler-demir-ve-celik-sanayi-a-s,İSTANBUL,,,,HAYIR
EKIZ,EKİZ KİMYA SANAYİ VE TİCARET A.Ş.,4028e4a240e95dc30140ed19d1b80064,1515-ekiz-kimya-sanayi-ve-ticaret-a-s,İZMİR,HLB SAYGIN BAĞIMSIZ DENETİM A.Ş.,,,HAYIR
EKOFA,EKO FAKTORİNG A.Ş.,4028e4a1420a2d8001420d4c56f30c2e,2109-eko-faktoring-a-s,İSTANBUL,CONSULTA BAĞIMSIZ DENETİM VE Y.M.M. A.Ş.,,,EVET
EKOS,EKOS TEKNOLOJİ VE ELEKTRİK A.Ş.,8acae2c48b2fa25a018bb9a255865895,5898-ekos-teknoloji-ve-elektrik-a-s,BALIKESİR,VİZYON GRUP BAĞIMSIZ DENETİM.A.Ş.,,,HAYIR
EKSUN,EKSUN GIDA TARIM SANAYİ VE TİCARET A.Ş.,8acae2c48304fe9c0186ca8287b67657,5796-eksun-gida-tarim-sanayi-ve-ticaret-a-s,İSTANBUL,VEZİN BAĞIMSIZ DENETİM A.Ş.,,,HAYIR
ELITE,ELİTE NATUREL ORGANİK GIDA SANAYİ VE TİCARET A.Ş.,8acae2c4794d364a017aa049a089099f,5392-elite-naturel-organik-gida-sanayi-ve-ticaret-a-s,ANKARA,GÜNCEL BAĞIMSIZ DENETİM DANIŞMANLIK A.Ş.,,,HAYIR
EMKEL,EMEK ELEKTRİK ENDÜSTRİSİ A.Ş.,4028e4a241a25fcb0141a289218b0302,940-emek-elektrik-endustrisi-a-s,ANKARA,GÜRELİ YEMİNLİ MALİ MÜŞAVİRLİK VE BAĞIMSIZ DENETİM HİZMETLERİ A.Ş.,,,HAYIR
EMNIS,EMİNİŞ AMBALAJ SANAYİ VE TİCARET A.Ş.,4028e4a241e538ab0141ef8f97934765,941-eminis-ambalaj-sanayi-ve-ticaret-a-s,KOCAELİ,CNS BAĞIMSIZ DENETİM A.Ş.,,,HAYIR
EMIRV,EMİR VARLIK YÖNETİM A.Ş.,8acae2c569cee403016bfffc3245069f,4915-emir-varlik-yonetim-a-s,İSTANBUL,KPMG BAĞIMSIZ DENETİM VE SERBEST MUHASEBECİ MALİ MÜŞAVİRLİK A.Ş.,,,EVET
EKTVK,EMLAK KATILIM VARLIK KİRALAMA A.Ş.,8acae2c56faf888c017139d3005854da,5064-emlak-katilim-varlik-kiralama-a-s,İSTANBUL,PwC BAĞIMSIZ DENETİM VE SERBEST MUHASEBECİ MALİ MÜŞAVİRLİK A.Ş,,,
DMLKT,EMLAK KONUT DAMLA KENT GMS,8acae2c494bafc93019837471b7c2e6f,6121-emlak-konut-damla-kent-gms,İSTANBUL,,,,HAYIR
EKGYO,EMLAK KONUT GAYRİMENKUL YATIRIM ORTAKLIĞI A.Ş.,4028e4a2422d9a780142513cda5b232e,1531-emlak-konut-gayrimenkul-yatirim-ortakligi-a-s,İSTANBUL,PwC BAĞIMSIZ DENETİM VE SERBEST MUHASEBECİ MALİ MÜŞAVİRLİK A.Ş,,,HAYIR
EMVAR,EMLAK VARLIK KİRALAMA A.Ş.,8acae2c56cc265e9016d204e39f71dbc,4944-emlak-varlik-kiralama-a-s,İSTANBUL,PwC BAĞIMSIZ DENETİM VE SERBEST MUHASEBECİ MALİ MÜŞAVİRLİK A.Ş,,,
EMPAE,EMPA ELEKTRONİK SANAYİ VE TİCARET A.Ş.,8acae2c562329bd101626c30f98c1590,4611-empa-elektronik-sanayi-ve-ticaret-a-s,İSTANBUL,VARLIK GLOBAL BAĞIMSIZ DENETİM VE SERBEST MUHASEBECİ MALİ MÜŞAVİRLİK A.Ş.,,,HAYIR
ENDAE,ENDA ENERJİ HOLDİNG A.Ş.,8acae2c49145e00b01949751383218b4,6057-enda-enerji-holding-a-s,İZMİR,DRT BAĞIMSIZ DENETİM VE SERBEST MUHASEBECİ MALİ MÜŞAVİRLİK A.Ş.,,,HAYIR
ENJSA,ENERJİSA ENERJİ A.Ş.,4028e4a1422d98690142bceaa31957cf,3494-enerjisa-enerji-a-s,İSTANBUL,DRT BAĞIMSIZ DENETİM VE SERBEST MUHASEBECİ MALİ MÜŞAVİRLİK A.Ş.,,,HAYIR
ENERY,ENERYA ENERJİ A.Ş.,4028e4a241733d4201417937d4337e22,2872-enerya-enerji-a-s,İSTANBUL,HSY DANIŞMANLIK VE BAĞIMSIZ DENETİM A.Ş.,,,HAYIR
ENKAI,ENKA İNŞAAT VE SANAYİ A.Ş.,4028e4a240e95dc90140ed3883fe0093,942-enka-insaat-ve-sanayi-a-s,İSTANBUL,DRT BAĞIMSIZ DENETİM VE SERBEST MUHASEBECİ MALİ MÜŞAVİRLİK A.Ş.,,,HAYIR
ENPRA,ENPARA BANK A.Ş.,8acae2c49145e00d01929fc2fbc85d02,6034-enpara-bank-a-s,İSTANBUL,GÜNEY BAĞIMSIZ DENETİM VE SERBEST MUHASEBECİ MALİ MÜŞAVİRLİK A.Ş.,,,EVET
ENSRI,ENSARİ SINAİ YATIRIMLAR A.Ş.,8acae2c47d3bee50017f77c935000e69,5560-ensari-sinai-yatirimlar-a-s,İSTANBUL,YEDİTEPE BAĞIMSIZ DENETİM VE YEMİNLİ MALİ MÜŞAVİRLİK A.Ş.,,,HAYIR
ERBOS,ERBOSAN ERCİYAS BORU SANAYİ VE TİCARET A.Ş.,4028e4a14184e9cf01419c006da45a78,943-erbosan-erciyas-boru-sanayi-ve-ticaret-a-s,KAYSERİ,GÜÇBİR BAĞIMSIZ DENETİM A.Ş.,,,HAYIR
ERCB,ERCİYAS ÇELİK BORU SANAYİ A.Ş.,2af53003ee3c4464b0b653225816518d,5516-erciyas-celik-boru-sanayi-a-s,İSTANBUL,İRFAN BAĞIMSIZ DENETİM VE YEMİNLİ MALİ MÜŞAVİRLİK A.Ş.,,,HAYIR
EREGL,EREĞLİ DEMİR VE ÇELİK FABRİKALARI T.A.Ş.,4028e4a240e95dc90140ede4c12a0133,944-eregli-demir-ve-celik-fabrikalari-t-a-s,İSTANBUL,GÜNEY BAĞIMSIZ DENETİM VE SERBEST MUHASEBECİ MALİ MÜŞAVİRLİK A.Ş.,,,HAYIR
ERGLI,EREĞLİ TEKSTİL TURİZM SANAYİ VE TİCARET A.Ş.,4028e4a24337209001434898a6893468,2112-eregli-tekstil-turizm-sanayi-ve-ticaret-a-s,İSTANBUL,TENET BAĞIMSIZ DENETİM A.Ş.,,,HAYIR
KIMMR,ERSAN ALIŞVERİŞ HİZMETLERİ VE GIDA SANAYİ TİCARET A.Ş.,8acae2c5794d3d6a01795f597b820707,5342-ersan-alisveris-hizmetleri-ve-gida-sanayi-ticaret-a-s,İSTANBUL,BOĞAZİÇİ BAĞIMSIZ DENETİM VE YEMİNLİ MALİ MÜŞAVİRLİK A.Ş.,,,HAYIR
ERSU,ERSU MEYVE VE GIDA SANAYİ A.Ş.,4028e4a140f2ed7201411160fbeb057e,945-ersu-meyve-ve-gida-sanayi-a-s,ANKARA,NOTE OFFİCE ULUSLARARASI BAĞIMSIZ DENETİM DANIŞMANLIK A.Ş.,,,HAYIR
ESCAR,ESCAR FİLO KİRALAMA HİZMETLERİ A.Ş.,8acae2c4782a4d560178f8929f486aed,5327-escar-filo-kiralama-hizmetleri-a-s,İSTANBUL,DRT BAĞIMSIZ DENETİM VE SERBEST MUHASEBECİ MALİ MÜŞAVİRLİK A.Ş.,,,HAYIR
ESCOM,ESCORT TEKNOLOJİ YATIRIM A.Ş.,4028e4a142140a8d01421437e3fb036a,946-escort-teknoloji-yatirim-a-s,İSTANBUL,REHBER BAĞIMSIZ DENETİM VE YEMİNLİ MALİ MÜŞAVİRLİK A.Ş.,,,HAYIR
ESEN,ESENBOĞA ELEKTRİK ÜRETİM A.Ş.,8acae2c57436079f0174486159f4072f,5190-esenboga-elektrik-uretim-a-s,ANKARA,EREN BAĞIMSIZ DENETİM A.Ş.,,,HAYIR
ETILR,ETİLER GIDA VE TİCARİ YATIRIMLAR SANAYİ VE TİCARET A.Ş.,4028e4a240f2ef4701413b24736d0655,1625-etiler-gida-ve-ticari-yatirimlar-sanayi-ve-ticaret-a-s,İSTANBUL,GÜNCEL BAĞIMSIZ DENETİM DANIŞMANLIK A.Ş.,,,HAYIR
EUKYO,EURO KAPİTAL YATIRIM ORTAKLIĞI A.Ş.,4028e4a140e95bea0140ed45272800bb,1557-euro-kapital-yatirim-ortakligi-a-s,ANKARA,GÜNCEL BAĞIMSIZ DENETİM DANIŞMANLIK A.Ş.,,,
EUYO,EURO MENKUL KIYMET YATIRIM ORTAKLIĞI A.Ş.,4028e4a240e95dc90140ed419b5d00a4,1427-euro-menkul-kiymet-yatirim-ortakligi-a-s,ANKARA,GÜNCEL BAĞIMSIZ DENETİM DANIŞMANLIK A.Ş.,,,EVET
ETYAT,EURO TREND YATIRIM ORTAKLIĞI A.Ş.,4028e4a240e95dc30140edba6a660099,1471-euro-trend-yatirim-ortakligi-a-s,ANKARA,GÜNCEL BAĞIMSIZ DENETİM DANIŞMANLIK A.Ş.,,,
EUHOL,EURO YATIRIM HOLDİNG A.Ş.,4028e4a240e95dc30140edbd5ca900a3,1508-euro-yatirim-holding-a-s,İSTANBUL,KARAR BAĞIMSIZ DENETİM VE DANIŞMANLIK A.Ş.,,,HAYIR
TEZOL,EUROPAP TEZOL KAĞIT SANAYİ VE TİCARET A.Ş.,8acae2c468aeffb7016949376d695d6c,4838-europap-tezol-kagit-sanayi-ve-ticaret-a-s,İZMİR,PwC BAĞIMSIZ DENETİM VE SERBEST MUHASEBECİ MALİ MÜŞAVİRLİK A.Ş,,,HAYIR
EUREN,EUROPEN ENDÜSTRİ İNŞAAT SANAYİ VE TİCARET A.Ş.,8acae2c580e91030018105632b470bcd,5612-europen-endustri-insaat-sanayi-ve-ticaret-a-s,ESKİŞEHİR,PKF ADAY BAĞIMSIZ DENETİM A.Ş.,,,HAYIR
EUPWR,EUROPOWER ENERJİ VE OTOMASYON TEKNOLOJİLERİ SANAYİ TİCARET A.Ş.,8acae2c486d22a3b01875b5644ea61c4,5810-europower-enerji-ve-otomasyon-teknolojileri-sanayi-ticaret-a-s,ANKARA,GÜNCEL BAĞIMSIZ DENETİM DANIŞMANLIK A.Ş.,,,HAYIR
EYGYO,EYG GAYRİMENKUL YATIRIM ORTAKLIĞI A.Ş.,8acae2c48304fe9c01843d2398a50797,5711-eyg-gayrimenkul-yatirim-ortakligi-a-s,İSTANBUL,VİZYON GRUP BAĞIMSIZ DENETİM.A.Ş.,,,HAYIR
FADE,FADE GIDA YATIRIM SANAYİ TİCARET A.Ş.,8acae2c46e7fdc6d016f85a87ec9674e,5021-fade-gida-yatirim-sanayi-ticaret-a-s,İZMİR,HSY DANIŞMANLIK VE BAĞIMSIZ DENETİM A.Ş.,,,HAYIR
FAIRF,FAİR FİNANSMAN A.Ş.,8acae2c5991b90af019961c939bd1e63,6138-fair-finansman-a-s,İSTANBUL,IŞIK YEMİNLİ MALİ MÜŞAVİRLİK VE BAĞIMSIZ DENETİM A.Ş.,,,HAYIR
FMIZP,FEDERAL MOGUL İZMİT PİSTON VE PİM ÜRETİM TESİSLERİ A.Ş.,4028e4a240f2ef4701410bb5cdab01cf,951-federal-mogul-izmit-piston-ve-pim-uretim-tesisleri-a-s,KOCAELİ,EREN BAĞIMSIZ DENETİM A.Ş.,,,HAYIR
FENER,FENERBAHÇE FUTBOL A.Ş.,4028e4a240e95dc90140ede7351a013d,1383-fenerbahce-futbol-a-s,İSTANBUL,BDO DENET BAĞIMSIZ DENETİM VE DANIŞMANLIK A.Ş.,,,HAYIR
FBB,FİBABANKA A.Ş.,1DE05DAA820D073AE0530A4A622A2EBD,2067-fibabanka-a-s,İSTANBUL,DRT BAĞIMSIZ DENETİM VE SERBEST MUHASEBECİ MALİ MÜŞAVİRLİK A.Ş.,,,EVET
FBBNK,FİBABANKA A.Ş.,1DE05DAA820D073AE0530A4A622A2EBD,2067-fibabanka-a-s,İSTANBUL,DRT BAĞIMSIZ DENETİM VE SERBEST MUHASEBECİ MALİ MÜŞAVİRLİK A.Ş.,,,EVET
FIGOF,FİGO FİNANS FAKTORİNG A.Ş.,4028e4a141733b51014174353d302167,2142-figo-finans-faktoring-a-s,İSTANBUL,EREN BAĞIMSIZ DENETİM A.Ş.,,,EVET
FKPET,FİKRET PETROL ÜRÜNLERİ PAZARLAMA SANAYİ VE TİCARET A.Ş.,8acae2c59b85fa03019c74a8114c4f4c,6196-fikret-petrol-urunleri-pazarlama-sanayi-ve-ticaret-a-s,İSTANBUL,ANY PARTNERS BAĞIMSIZ DENETİM A.Ş.,,,HAYIR
FLAP,FLAP KONGRE TOPLANTI HİZMETLERİ OTOMOTİV VE TURİZM A.Ş.,4028e4a141558bdd01415620c00705ad,1617-flap-kongre-toplanti-hizmetleri-otomotiv-ve-turizm-a-s,ANKARA,DENEYİM BAĞIMSIZ DENETİM VE DANIŞMANLIK A.Ş.,,,HAYIR
FONET,FONET BİLGİ TEKNOLOJİLERİ A.Ş.,8acae2c55a980119015b435875566776,4412-fonet-bilgi-teknolojileri-a-s,ANKARA,EREN BAĞIMSIZ DENETİM A.Ş.,,,HAYIR
FROTO,FORD OTOMOTİV SANAYİ A.Ş.,4028e4a140f2ed71014106890fae0138,956-ford-otomotiv-sanayi-a-s,İSTANBUL,GÜNEY BAĞIMSIZ DENETİM VE SERBEST MUHASEBECİ MALİ MÜŞAVİRLİK A.Ş.,,,HAYIR
FORMT,FORMET METAL VE CAM SANAYİ A.Ş.,8acae2c562329bd101633953d02b0477,4639-formet-metal-ve-cam-sanayi-a-s,KAYSERİ,KARAR BAĞIMSIZ DENETİM VE DANIŞMANLIK A.Ş.,,,HAYIR
FRMPL,FORMÜL PLASTİK VE METAL SANAYİ A.Ş.,8acae2c5998f25d7019b732d9c623a64,6179-formul-plastik-ve-metal-sanayi-a-s,İSTANBUL,AKADEMİK BAĞIMSIZ DENETİM A.Ş.,,,HAYIR
FORTE,FORTE BİLGİ İLETİŞİM TEKNOLOJİLERİ VE SAVUNMA SANAYİ A.Ş.,8acae2c47f7cb492018094784f6f309a,5598-forte-bilgi-iletisim-teknolojileri-ve-savunma-sanayi-a-s,ANKARA,EREN BAĞIMSIZ DENETİM A.Ş.,,,HAYIR
FRIGO,FRİGO-PAK GIDA MADDELERİ SANAYİ VE TİCARET A.Ş.,4028e4a1415f4d9b01415fee1db939f4,957-frigo-pak-gida-maddeleri-sanayi-ve-ticaret-a-s,İSTANBUL,ÇÖZÜM ÜNLÜER BAĞIMSIZ DENETİM VE YEMİNLİ MALİ MÜŞAVİRLİK A.Ş.,,,HAYIR
FZLGY,FUZUL GAYRİMENKUL YATIRIM ORTAKLIĞI A.Ş.,8acae2c586d22c530189534dc2624568,5840-fuzul-gayrimenkul-yatirim-ortakligi-a-s,İSTANBUL,KARAR BAĞIMSIZ DENETİM VE DANIŞMANLIK A.Ş.,,,HAYIR
GWIND,GALATA WIND ENERJİ A.Ş.,8acae2c46d7599a6016dee0b5aec36b2,4969-galata-wind-enerji-a-s,İSTANBUL,DRT BAĞIMSIZ DENETİM VE SERBEST MUHASEBECİ MALİ MÜŞAVİRLİK A.Ş.,,,HAYIR
GSRAY,GALATASARAY SPORTİF SINAİ VE TİCARİ YATIRIMLAR A.Ş.,4028e4a14203278a0142095598f114ba,958-galatasaray-sportif-sinai-ve-ticari-yatirimlar-a-s,İSTANBUL,EREN BAĞIMSIZ DENETİM A.Ş.,,,HAYIR
GARFL,GARANTİ BBVA OPERASYONEL KİRALAMA HİZMETLERİ A.Ş.,4028e4a240f2ef4c01413a53aa850684,2113-garanti-bbva-operasyonel-kiralama-hizmetleri-a-s,İSTANBUL,GÜNEY BAĞIMSIZ DENETİM VE SERBEST MUHASEBECİ MALİ MÜŞAVİRLİK A.Ş.,,,HAYIR
GARFA,GARANTİ FAKTORİNG A.Ş.,4028e4a240e95dc90140ee1ab24b0189,959-garanti-faktoring-a-s,İSTANBUL,GÜNEY BAĞIMSIZ DENETİM VE SERBEST MUHASEBECİ MALİ MÜŞAVİRLİK A.Ş.,,,EVET
GRM,GARANTİ YATIRIM MENKUL KIYMETLER A.Ş.,4028e4a141da49e50141e08580772b86,1304-garanti-yatirim-menkul-kiymetler-a-s,İSTANBUL,,,,EVET
GRYAT,GARANTİ YATIRIM MENKUL KIYMETLER A.Ş.,4028e4a141da49e50141e08580772b86,1304-garanti-yatirim-menkul-kiymetler-a-s,İSTANBUL,,,,EVET
GRNYO,GARANTİ YATIRIM ORTAKLIĞI A.Ş.,4028e4a240f2ef470141271e9d5104d3,961-garanti-yatirim-ortakligi-a-s,İSTANBUL,GÜNEY BAĞIMSIZ DENETİM VE SERBEST MUHASEBECİ MALİ MÜŞAVİRLİK A.Ş.,,,
GATEG,GATE GROUP TEKNOLOJİ MEDYA VE SİBER GÜVENLİK HİZMETLERİ A.Ş.,402821824bf524dd014c27907cd65b79,2437-gate-group-teknoloji-medya-ve-siber-guvenlik-hizmetleri-a-s,İSTANBUL,BİLGİN GLOBAL BAĞIMSIZ DENETİM A.Ş.,,,HAYIR
GEDIK,GEDİK YATIRIM MENKUL DEĞERLER A.Ş.,4028e4a140e95bea0140ee1edd700174,1517-gedik-yatirim-menkul-degerler-a-s,İSTANBUL,PKF ADAY BAĞIMSIZ DENETİM A.Ş.,,,EVET
GEDZA,GEDİZ AMBALAJ SANAYİ VE TİCARET A.Ş.,4028e4a14158e41e01415b2a655f6cca,2209-gediz-ambalaj-sanayi-ve-ticaret-a-s,KÜTAHYA,YKY BAĞIMSIZ DENETİM VE YEMİNLİ MALİ MÜŞAVİRLİK A.Ş.,,,HAYIR
GLCVY,GELECEK VARLIK YÖNETİMİ A.Ş.,8acae2c465a51c3801683c2840c516cb,4811-gelecek-varlik-yonetimi-a-s,İSTANBUL,DRT BAĞIMSIZ DENETİM VE SERBEST MUHASEBECİ MALİ MÜŞAVİRLİK A.Ş.,,,EVET
GENIL,GEN İLAÇ VE SAĞLIK ÜRÜNLERİ SANAYİ VE TİCARET A.Ş.,8acae2c5794d3d6a017a89f2678a1118,5385-gen-ilac-ve-saglik-urunleri-sanayi-ve-ticaret-a-s,ANKARA,DENGE ANKARA BAĞIMSIZ DENETİM VE YEMİNLİ MALİ MÜŞAVİRLİK A.Ş.,,,HAYIR
GENTS,GENTAŞ DEKORATİF YÜZEYLER SANAYİ VE TİCARET A.Ş.,4028e4a2416e696c01416f1e03364c9d,963-gentas-dekoratif-yuzeyler-sanayi-ve-ticaret-a-s,BOLU,YEDİTEPE BAĞIMSIZ DENETİM VE YEMİNLİ MALİ MÜŞAVİRLİK A.Ş.,,,HAYIR
GENKM,GENTAŞ KİMYA SANAYİ VE TİCARET PAZARLAMA A.Ş.,8acae2c49c81f746019c9a20ca2419a9,6201-gentas-kimya-sanayi-ve-ticaret-pazarlama-a-s,KOCAELİ,DENEYİM BAĞIMSIZ DENETİM VE DANIŞMANLIK A.Ş.,,,HAYIR
GEREL,GERSAN ELEKTRİK TİCARET VE SANAYİ A.Ş.,4028e4a14158e41e01415aaad2ae618b,964-gersan-elektrik-ticaret-ve-sanayi-a-s,İSTANBUL,KARAR BAĞIMSIZ DENETİM VE DANIŞMANLIK A.Ş.,,,HAYIR
GZNMI,GEZİNOMİ SEYAHAT TURİZM TİCARET A.Ş.,8acae2c47d3bee50017e3445b465578f,5519-gezinomi-seyahat-turizm-ticaret-a-s,ANTALYA,NEVADOS BAĞIMSIZ DENETİM A.Ş.,,,HAYIR
GIPTA,GIPTA OFİS KIRTASİYE VE PROMOSYON ÜRÜNLERİ İMALAT SANAYİ A.Ş.,8acae2c486d22a3a018a5106156c5c3d,5864-gipta-ofis-kirtasiye-ve-promosyon-urunleri-imalat-sanayi-a-s,ANKARA,VEZİN BAĞIMSIZ DENETİM A.Ş.,,,HAYIR
GMTAS,GİMAT MAĞAZACILIK SANAYİ VE TİCARET A.Ş.,a3ff494df37b408aa9088106fe98f59e,3697-gimat-magazacilik-sanayi-ve-ticaret-a-s,ANKARA,KARAR BAĞIMSIZ DENETİM VE DANIŞMANLIK A.Ş.,,,HAYIR
GESAN,GİRİŞİM ELEKTRİK SANAYİ TAAHHÜT VE TİCARET A.Ş.,8acae2c4794d364a017af66863e41bae,5400-girisim-elektrik-sanayi-taahhut-ve-ticaret-a-s,ANKARA,GÜNCEL BAĞIMSIZ DENETİM DANIŞMANLIK A.Ş.,,,HAYIR
GLB,GLOBAL MENKUL DEĞERLER A.Ş.,4028e4a140e95bea0140ee21b10d0188,1554-global-menkul-degerler-a-s,İSTANBUL,PKF ADAY BAĞIMSIZ DENETİM A.Ş.,,,EVET
GLBMD,GLOBAL MENKUL DEĞERLER A.Ş.,4028e4a140e95bea0140ee21b10d0188,1554-global-menkul-degerler-a-s,İSTANBUL,PKF ADAY BAĞIMSIZ DENETİM A.Ş.,,,EVET
GLYHO,GLOBAL YATIRIM HOLDİNG A.Ş.,4028e4a140e95bea0140ee24416e0197,967-global-yatirim-holding-a-s,İSTANBUL,PKF ADAY BAĞIMSIZ DENETİM A.Ş.,,,HAYIR
GOLDA,GOLDA GIDA SANAYİ VE TİCARET A.Ş.,4028e4a244a081800145b2cb692413b4,3523-golda-gida-sanayi-ve-ticaret-a-s,KONYA,EREN BAĞIMSIZ DENETİM A.Ş.,,,HAYIR
GGBVK,GOLDEN GLOBAL VARLIK KİRALAMA A.Ş.,8acae2c5830502c2018451afb35c132d,5714-golden-global-varlik-kiralama-a-s,İSTANBUL,GÜRELİ YEMİNLİ MALİ MÜŞAVİRLİK VE BAĞIMSIZ DENETİM HİZMETLERİ A.Ş.,,,
GSIPD,GOLDMAN SACHS INTERNATIONAL,8acae2c57afb2d71017d143527b66d28,5463-goldman-sachs-international,,,,,HAYIR
GOODY,GOODYEAR LASTİKLERİ T.A.Ş.,4028e4a140f2ed7101412bfc6f340359,970-goodyear-lastikleri-t-a-s,İSTANBUL,RSM TURKEY ULUSLARARASI BAĞIMSIZ DENETİM A.Ş.,,,HAYIR
GOKNR,GÖKNUR GIDA MADDELERİ ENERJİ İMALAT İTHALAT İHRACAT TİCARET VE SANAYİ A.Ş.,4028e4a1462cc5dd0146673d70055928,3518-goknur-gida-maddeleri-enerji-imalat-ithalat-ihracat-ticaret-ve-sanayi-a-s,ANKARA,VEZİN BAĞIMSIZ DENETİM A.Ş.,,,HAYIR
GOLTS,GÖLTAŞ GÖLLER BÖLGESİ ÇİMENTO SANAYİ VE TİCARET A.Ş.,4028e4a140e95be70140ee27ccd40129,972-goltas-goller-bolgesi-cimento-sanayi-ve-ticaret-a-s,İSTANBUL,DENGE ANKARA BAĞIMSIZ DENETİM VE YEMİNLİ MALİ MÜŞAVİRLİK A.Ş.,,,HAYIR
GOZDE,GÖZDE GİRİŞİM SERMAYESİ YATIRIM ORTAKLIĞI A.Ş.,4028e4a24158e42201415b0210ba60ef,1499-gozde-girisim-sermayesi-yatirim-ortakligi-a-s,İSTANBUL,DRT BAĞIMSIZ DENETİM VE SERBEST MUHASEBECİ MALİ MÜŞAVİRLİK A.Ş.,,,HAYIR
GRTHO,GRAINTURK HOLDİNG A.Ş.,8acae2c48304fe9c018466742a3b2960,5717-grainturk-holding-a-s,İSTANBUL,ANY PARTNERS BAĞIMSIZ DENETİM A.Ş.,,,HAYIR
GSDDE,GSD DENİZCİLİK GAYRİMENKUL İNŞAAT SANAYİ VE TİCARET A.Ş.,4028e4a140e95be70140ee2a7f39013b,1094-gsd-denizcilik-gayrimenkul-insaat-sanayi-ve-ticaret-a-s,İSTANBUL,PwC BAĞIMSIZ DENETİM VE SERBEST MUHASEBECİ MALİ MÜŞAVİRLİK A.Ş,,,HAYIR
GSDHO,GSD HOLDİNG A.Ş.,4028e4a140e95be70140ee2be54b014a,973-gsd-holding-a-s,İSTANBUL,PwC BAĞIMSIZ DENETİM VE SERBEST MUHASEBECİ MALİ MÜŞAVİRLİK A.Ş,,,HAYIR
GUBRF,GÜBRE FABRİKALARI T.A.Ş.,4028e4a241733d4a01417989f3760a4d,974-gubre-fabrikalari-t-a-s,İSTANBUL,DENEYİM BAĞIMSIZ DENETİM VE DANIŞMANLIK A.Ş.,,,HAYIR
GLRYH,GÜLER YATIRIM HOLDİNG A.Ş.,4028e4a240f2ef4c01410cf733f303d9,1428-guler-yatirim-holding-a-s,İSTANBUL,PKF ADAY BAĞIMSIZ DENETİM A.Ş.,,,HAYIR
GLRMK,GÜLERMAK AĞIR SANAYİ İNŞAAT VE TAAHHÜT A.Ş.,4028e4a1416e696301416f392897603f,3545-gulermak-agir-sanayi-insaat-ve-taahhut-a-s,ANKARA,EREN BAĞIMSIZ DENETİM A.Ş.,,,HAYIR
GUNDG,GÜNDOĞDU GIDA SÜT ÜRÜNLERİ SANAYİ VE DIŞ TİCARET A.Ş.,8acae2c59145e00a019146a7cde301bc,6011-gundogdu-gida-sut-urunleri-sanayi-ve-dis-ticaret-a-s,İSTANBUL,KARAR BAĞIMSIZ DENETİM VE DANIŞMANLIK A.Ş.,,,HAYIR
GRSEL,GÜR-SEL TURİZM TAŞIMACILIK VE SERVİS TİCARET A.Ş.,8acae2c47d3bee50017f2c2fc65150e6,5553-gur-sel-turizm-tasimacilik-ve-servis-ticaret-a-s,İSTANBUL,PKF ADAY BAĞIMSIZ DENETİM A.Ş.,,,HAYIR
GYVAR,GY VARLIK KİRALAMA A.Ş.,8acae2c49c81f746019d5211d7a44714,6217-gy-varlik-kiralama-a-s,İSTANBUL,,,,
SAHOL,HACI ÖMER SABANCI HOLDİNG A.Ş.,4028e4a240ee37a90140ee50087e000b,976-haci-omer-sabanci-holding-a-s,İSTANBUL,DRT BAĞIMSIZ DENETİM VE SERBEST MUHASEBECİ MALİ MÜŞAVİRLİK A.Ş.,,,HAYIR
HALKF,HALK FİNANSAL KİRALAMA A.Ş.,4028e4a240f2ef470140f39a7f7600b1,1685-halk-finansal-kiralama-a-s,İSTANBUL,KPMG BAĞIMSIZ DENETİM VE SERBEST MUHASEBECİ MALİ MÜŞAVİRLİK A.Ş.,,,EVET
HLGYO,HALK GAYRİMENKUL YATIRIM ORTAKLIĞI A.Ş.,4028e4a240ee37a30140ee53e47c0057,1701-halk-gayrimenkul-yatirim-ortakligi-a-s,İSTANBUL,KPMG BAĞIMSIZ DENETİM VE SERBEST MUHASEBECİ MALİ MÜŞAVİRLİK A.Ş.,,,HAYIR
HLVKS,HALK VARLIK KİRALAMA A.Ş.,8acae2c45fc5ff9c016002b79772115e,4538-halk-varlik-kiralama-a-s,İSTANBUL,KPMG BAĞIMSIZ DENETİM VE SERBEST MUHASEBECİ MALİ MÜŞAVİRLİK A.Ş.,,,
HALKI,HALK YATIRIM MENKUL DEĞERLER A.Ş.,4028e4a240f2ef4c01411654e5fc0479,1312-halk-yatirim-menkul-degerler-a-s,İSTANBUL,KPMG BAĞIMSIZ DENETİM VE SERBEST MUHASEBECİ MALİ MÜŞAVİRLİK A.Ş.,,,EVET
HLY,HALK YATIRIM MENKUL DEĞERLER A.Ş.,4028e4a240f2ef4c01411654e5fc0479,1312-halk-yatirim-menkul-degerler-a-s,İSTANBUL,KPMG BAĞIMSIZ DENETİM VE SERBEST MUHASEBECİ MALİ MÜŞAVİRLİK A.Ş.,,,EVET
HRKET,HAREKET PROJE TAŞIMACILIĞI VE YÜK MÜHENDİSLİĞİ A.Ş.,8acae2c48c3efabf018f632d8d082913,5959-hareket-proje-tasimaciligi-ve-yuk-muhendisligi-a-s,İSTANBUL,EREN BAĞIMSIZ DENETİM A.Ş.,,,HAYIR
HATEK,HATEKS HATAY TEKSTİL İŞLETMELERİ A.Ş.,4028e4a141e536460141e5859f40059b,1532-hateks-hatay-tekstil-isletmeleri-a-s,HATAY,KARAR BAĞIMSIZ DENETİM VE DANIŞMANLIK A.Ş.,,,HAYIR
HATSN,HAT-SAN GEMİ İNŞAA BAKIM ONARIM DENİZ NAKLİYAT SANAYİ VE TİCARET A.Ş.,8acae2c586d22c51018a739bad647f5a,5868-hat-san-gemi-insaa-bakim-onarim-deniz-nakliyat-sanayi-ve-ticaret-a-s,İSTANBUL,AKC BAĞIMSIZ DENETİM A.Ş.,,,HAYIR
HAYVK,HAYAT VARLIK KİRALAMA A.Ş.,8acae2c59145e00e0197bff60dc62a30,6104-hayat-varlik-kiralama-a-s,İSTANBUL,PwC BAĞIMSIZ DENETİM VE SERBEST MUHASEBECİ MALİ MÜŞAVİRLİK A.Ş,,,
HDFFL,HEDEF ARAÇ KİRALAMA VE SERVİS A.Ş.,4028e4a246b4c5ad0147c4b464893865,4038-hedef-arac-kiralama-ve-servis-a-s,İSTANBUL,GÜNEY BAĞIMSIZ DENETİM VE SERBEST MUHASEBECİ MALİ MÜŞAVİRLİK A.Ş.,,,HAYIR
HDFGS,HEDEF GİRİŞİM SERMAYESİ YATIRIM ORTAKLIĞI A.Ş.,4028e4a242140a9601422820b6da43f8,2003-hedef-girisim-sermayesi-yatirim-ortakligi-a-s,İSTANBUL,ARTI DEĞER ULUSLARARASI BAĞIMSIZ DENETİM VE YMM A.Ş.,,,HAYIR
HEDEF,HEDEF HOLDİNG A.Ş.,8acae2c4794d3648017a8bd7bc0103df,5387-hedef-holding-a-s,İSTANBUL,HSY DANIŞMANLIK VE BAĞIMSIZ DENETİM A.Ş.,,,HAYIR
HDFVK,HEDEF VARLIK KİRALAMA A.Ş.,8acae2c58b2fa64e018e0edc8c8619eb,5940-hedef-varlik-kiralama-a-s,İSTANBUL,PKF ADAY BAĞIMSIZ DENETİM A.Ş.,,,
HDFYB,HEDEF YATIRIM BANKASI A.Ş.,8acae2c48c3efabf018d10fc19010119,5926-hedef-yatirim-bankasi-a-s,İSTANBUL,KPMG BAĞIMSIZ DENETİM VE SERBEST MUHASEBECİ MALİ MÜŞAVİRLİK A.Ş.,,,EVET
HYB,HEDEF YATIRIM BANKASI A.Ş.,8acae2c48c3efabf018d10fc19010119,5926-hedef-yatirim-bankasi-a-s,İSTANBUL,KPMG BAĞIMSIZ DENETİM VE SERBEST MUHASEBECİ MALİ MÜŞAVİRLİK A.Ş.,,,EVET
HEKTS,HEKTAŞ TİCARET T.A.Ş.,4028e4a140ee35c00140ee5d194a0055,978-hektas-ticaret-t-a-s,KOCAELİ,GÜNEY BAĞIMSIZ DENETİM VE SERBEST MUHASEBECİ MALİ MÜŞAVİRLİK A.Ş.,,,HAYIR
HKTM,HİDROPAR HAREKET KONTROL TEKNOLOJİLERİ MERKEZİ SANAYİ VE TİCARET A.Ş.,8acae2c5812b84a401816252165513b1,5625-hidropar-hareket-kontrol-teknolojileri-merkezi-sanayi-ve-ticaret-a-s,KOCAELİ,NOTE OFFİCE ULUSLARARASI BAĞIMSIZ DENETİM DANIŞMANLIK A.Ş.,,,HAYIR
HTTBT,HİTİT BİLGİSAYAR HİZMETLERİ A.Ş.,8acae2c57d3bf002017e016f30e442c6,5499-hitit-bilgisayar-hizmetleri-a-s,İSTANBUL,PwC BAĞIMSIZ DENETİM VE SERBEST MUHASEBECİ MALİ MÜŞAVİRLİK A.Ş,,,HAYIR
HOROZ,HOROZ LOJİSTİK KARGO HİZMETLERİ VE TİCARET A.Ş.,8acae2c58b2fa64e018fabc0441664a1,5964-horoz-lojistik-kargo-hizmetleri-ve-ticaret-a-s,İSTANBUL,GÜRELİ YEMİNLİ MALİ MÜŞAVİRLİK VE BAĞIMSIZ DENETİM HİZMETLERİ A.Ş.,,,HAYIR
HUBVC,HUB GİRİŞİM SERMAYESİ YATIRIM ORTAKLIĞI A.Ş.,4028e4a240f2ef4c01413b59d12c0749,1446-hub-girisim-sermayesi-yatirim-ortakligi-a-s,İSTANBUL,ANALİZ BAĞIMSIZ DENETİM VE DANIŞMANLIK A.Ş.,,,HAYIR
HUNER,HUN YENİLENEBİLİR ENERJİ ÜRETİM A.Ş.,8acae2c47d3bee4e017e347a3f5a5b1a,5520-hun-yenilenebilir-enerji-uretim-a-s,İSTANBUL,BM BAĞIMSIZ DENETİM A.Ş.,,,HAYIR
HUZFA,HUZUR FAKTORİNG A.Ş.,4028e4a241558bd9014155ce6dec03e8,2367-huzur-faktoring-a-s,İSTANBUL,HSY DANIŞMANLIK VE BAĞIMSIZ DENETİM A.Ş.,,,EVET
HURGZ,HÜRRİYET GAZETECİLİK VE MATBAACILIK A.Ş.,4028e4a140ee35c70140ee6408650041,979-hurriyet-gazetecilik-ve-matbaacilik-a-s,İSTANBUL,KAİZEN BAĞIMSIZ DENETİM A.Ş.,,,HAYIR
ENTRA,IC ENTERRA YENİLENEBİLİR ENERJİ A.Ş.,8acae2c48c3efabf018e64e77b5d3e77,5943-ic-enterra-yenilenebilir-enerji-a-s,ANKARA,PwC BAĞIMSIZ DENETİM VE SERBEST MUHASEBECİ MALİ MÜŞAVİRLİK A.Ş,,,HAYIR
ICB,ICBC TURKEY BANK A.Ş.,4028e4a24158e42401415a700e104f3f,2420-icbc-turkey-bank-a-s,İSTANBUL,GÜNEY BAĞIMSIZ DENETİM VE SERBEST MUHASEBECİ MALİ MÜŞAVİRLİK A.Ş.,,,EVET
ICBCT,ICBC TURKEY BANK A.Ş.,4028e4a24158e42401415a700e104f3f,2420-icbc-turkey-bank-a-s,İSTANBUL,GÜNEY BAĞIMSIZ DENETİM VE SERBEST MUHASEBECİ MALİ MÜŞAVİRLİK A.Ş.,,,EVET
ICUGS,ICU GİRİŞİM SERMAYESİ YATIRIM ORTAKLIĞI A.Ş.,4028e4a141e536460141e53ba7790052,1118-icu-girisim-sermayesi-yatirim-ortakligi-a-s,İZMİR,VİZYON GRUP BAĞIMSIZ DENETİM.A.Ş.,,,HAYIR
INGRM,INGRAM MİCRO BİLİŞİM SİSTEMLERİ A.Ş.,4028e4a241462fd80141556f6a9308a2,1435-ingram-micro-bilisim-sistemleri-a-s,İSTANBUL,PwC BAĞIMSIZ DENETİM VE SERBEST MUHASEBECİ MALİ MÜŞAVİRLİK A.Ş,,,HAYIR
INVEO,INVEO YATIRIM HOLDİNG A.Ş.,4028e4a140f2ed7201413b67b22f0929,962-inveo-yatirim-holding-a-s,İSTANBUL,PKF ADAY BAĞIMSIZ DENETİM A.Ş.,,,HAYIR
IAZ,INVEST-AZ YATIRIM MENKUL DEĞERLER A.Ş.,4028e4a14184e9cf0141934f00662c2e,2640-invest-az-yatirim-menkul-degerler-a-s,İSTANBUL,ULUSAL BAĞIMSIZ DENETİM VE YEMİNLİ MALİ MÜŞAVİRLİK A.Ş.,,,EVET
INVAZ,INVEST-AZ YATIRIM MENKUL DEĞERLER A.Ş.,4028e4a14184e9cf0141934f00662c2e,2640-invest-az-yatirim-menkul-degerler-a-s,İSTANBUL,ULUSAL BAĞIMSIZ DENETİM VE YEMİNLİ MALİ MÜŞAVİRLİK A.Ş.,,,EVET
INVES,INVESTCO HOLDİNG A.Ş.,8acae2c47d3bee50017f0bbbbbfa3c0e,5549-investco-holding-a-s,İSTANBUL,DRT BAĞIMSIZ DENETİM VE SERBEST MUHASEBECİ MALİ MÜŞAVİRLİK A.Ş.,,,HAYIR
ISKPL,IŞIK PLASTİK SANAYİ VE DIŞ TİCARET PAZARLAMA A.Ş.,8acae2c575a1b5b601770603623b7c43,5254-isik-plastik-sanayi-ve-dis-ticaret-pazarlama-a-s,İSTANBUL,EREN BAĞIMSIZ DENETİM A.Ş.,,,HAYIR
IEYHO,IŞIKLAR ENERJİ VE YAPI HOLDİNG A.Ş.,4028e4a140f2ed7201410d315d200314,1031-isiklar-enerji-ve-yapi-holding-a-s,İSTANBUL,EREN BAĞIMSIZ DENETİM A.Ş.,,,HAYIR
IDGYO,İDEALİST GAYRİMENKUL YATIRIM ORTAKLIĞI A.Ş.,4028e4a14184e9c901419d6d716e6b19,1506-idealist-gayrimenkul-yatirim-ortakligi-a-s,İSTANBUL,KARAR BAĞIMSIZ DENETİM VE DANIŞMANLIK A.Ş.,,,HAYIR
IHEVA,İHLAS EV ALETLERİ İMALAT SANAYİ VE TİCARET A.Ş.,4028e4a240ee37a30140ee7a98160079,981-ihlas-ev-aletleri-imalat-sanayi-ve-ticaret-a-s,İSTANBUL,İRFAN BAĞIMSIZ DENETİM VE YEMİNLİ MALİ MÜŞAVİRLİK A.Ş.,,,HAYIR
IHLGM,İHLAS GAYRİMENKUL PROJE GELİŞTİRME VE TİCARET A.Ş.,4028e4a141a25dcb0141a2a7a0060471,1044-ihlas-gayrimenkul-proje-gelistirme-ve-ticaret-a-s,İSTANBUL,İRFAN BAĞIMSIZ DENETİM VE YEMİNLİ MALİ MÜŞAVİRLİK A.Ş.,,,HAYIR
IHGZT,İHLAS GAZETECİLİK A.Ş.,4028e4a140ee84900140f1f8d5bc003c,1507-ihlas-gazetecilik-a-s,İSTANBUL,İRFAN BAĞIMSIZ DENETİM VE YEMİNLİ MALİ MÜŞAVİRLİK A.Ş.,,,HAYIR
IHAAS,İHLAS HABER AJANSI A.Ş.,8acae2c57afb2d70017bdf2f5af067ed,5420-ihlas-haber-ajansi-a-s,İSTANBUL,İRFAN BAĞIMSIZ DENETİM VE YEMİNLİ MALİ MÜŞAVİRLİK A.Ş.,,,HAYIR
IHLAS,İHLAS HOLDİNG A.Ş.,4028e4a140ee84900140f1fbc6b1004f,983-ihlas-holding-a-s,İSTANBUL,İRFAN BAĞIMSIZ DENETİM VE YEMİNLİ MALİ MÜŞAVİRLİK A.Ş.,,,HAYIR
IHYAY,İHLAS YAYIN HOLDİNG A.Ş.,4028e4a140ee847b0140f205c4270035,1526-ihlas-yayin-holding-a-s,İSTANBUL,İRFAN BAĞIMSIZ DENETİM VE YEMİNLİ MALİ MÜŞAVİRLİK A.Ş.,,,HAYIR
IMASM,İMAŞ MAKİNA SANAYİ A.Ş.,8acae2c47f7cb49201802cedfbb46d26,5592-imas-makina-sanayi-a-s,KONYA,TTK BAĞIMSIZ DENETİM VE YEMİNLİ MALİ MÜŞAVİRLİK A.Ş.,,,HAYIR
INDES,İNDEKS BİLGİSAYAR SİSTEMLERİ MÜHENDİSLİK SANAYİ VE TİCARET A.Ş.,4028e4a2416e697d01416ead8a0615a7,1390-indeks-bilgisayar-sistemleri-muhendislik-sanayi-ve-ticaret-a-s,İSTANBUL,GÜRELİ YEMİNLİ MALİ MÜŞAVİRLİK VE BAĞIMSIZ DENETİM HİZMETLERİ A.Ş.,,,HAYIR
INFO,İNFO YATIRIM MENKUL DEĞERLER A.Ş.,4028e4a2416e696c01416edd30ca3148,1559-info-yatirim-menkul-degerler-a-s,İSTANBUL,PKF ADAY BAĞIMSIZ DENETİM A.Ş.,,,EVET
IYF,İNFO YATIRIM MENKUL DEĞERLER A.Ş.,4028e4a2416e696c01416edd30ca3148,1559-info-yatirim-menkul-degerler-a-s,İSTANBUL,PKF ADAY BAĞIMSIZ DENETİM A.Ş.,,,EVET
INTEK,İNNOSA TEKNOLOJİ A.Ş.,402821824bf524dc014bff15df9f2027,1587-innosa-teknoloji-a-s,İSTANBUL,DRT BAĞIMSIZ DENETİM VE SERBEST MUHASEBECİ MALİ MÜŞAVİRLİK A.Ş.,,,HAYIR
INTEM,İNTEMA İNŞAAT VE TESİSAT MALZEMELERİ YATIRIM VE PAZARLAMA A.Ş.,4028e4a241e538b40141e572868704e7,985-intema-insaat-ve-tesisat-malzemeleri-yatirim-ve-pazarlama-a-s,İSTANBUL,DRT BAĞIMSIZ DENETİM VE SERBEST MUHASEBECİ MALİ MÜŞAVİRLİK A.Ş.,,,HAYIR
ISDMR,İSKENDERUN DEMİR VE ÇELİK A.Ş.,4028e4a2416e696c01416ee8eb7b3770,2528-iskenderun-demir-ve-celik-a-s,HATAY,GÜNEY BAĞIMSIZ DENETİM VE SERBEST MUHASEBECİ MALİ MÜŞAVİRLİK A.Ş.,,,HAYIR
ISTFK,İSTANBUL FAKTORİNG A.Ş.,4028e4a244a081810145d6e6f59b75cf,3221-istanbul-faktoring-a-s,İSTANBUL,İRFAN BAĞIMSIZ DENETİM VE YEMİNLİ MALİ MÜŞAVİRLİK A.Ş.,,,EVET
ISTVY,İSTANBUL VARLIK YÖNETİM A.Ş.,4028e4a142140a8c014222e455c72489,3076-istanbul-varlik-yonetim-a-s,İSTANBUL,PwC BAĞIMSIZ DENETİM VE SERBEST MUHASEBECİ MALİ MÜŞAVİRLİK A.Ş,,,EVET
ISVEA,İSVEA SERAMİK VE BANYO ÜRÜNLERİ SANAYİ A.Ş.,8acae2c59ee1b2d8019eff2b840a0df8,6235-isvea-seramik-ve-banyo-urunleri-sanayi-a-s,ÇORUM,REFORM BAĞIMSIZ DENETİM A.Ş.,,,HAYIR
ISFAK,İŞ FAKTORİNG A.Ş.,4028e4a2413b80ca01413bb4d2580033,2274-is-faktoring-a-s,İSTANBUL,PwC BAĞIMSIZ DENETİM VE SERBEST MUHASEBECİ MALİ MÜŞAVİRLİK A.Ş,,,EVET
ISFIN,İŞ FİNANSAL KİRALAMA A.Ş.,4028e4a140f2ed7101410d272d690188,988-is-finansal-kiralama-a-s,İSTANBUL,PwC BAĞIMSIZ DENETİM VE SERBEST MUHASEBECİ MALİ MÜŞAVİRLİK A.Ş,,,EVET
ISGYO,İŞ GAYRİMENKUL YATIRIM ORTAKLIĞI A.Ş.,4028e4a140f2ed7201412acbeb8b06f7,987-is-gayrimenkul-yatirim-ortakligi-a-s,İSTANBUL,PwC BAĞIMSIZ DENETİM VE SERBEST MUHASEBECİ MALİ MÜŞAVİRLİK A.Ş,,,HAYIR
ISGSY,İŞ GİRİŞİM SERMAYESİ YATIRIM ORTAKLIĞI A.Ş.,4028e4a240ee866c0140f273ea66014d,1398-is-girisim-sermayesi-yatirim-ortakligi-a-s,İSTANBUL,PwC BAĞIMSIZ DENETİM VE SERBEST MUHASEBECİ MALİ MÜŞAVİRLİK A.Ş,,,HAYIR
ISMEN,İŞ YATIRIM MENKUL DEĞERLER A.Ş.,4028e4a140f275530140f277aa100008,1533-is-yatirim-menkul-degerler-a-s,İSTANBUL,PwC BAĞIMSIZ DENETİM VE SERBEST MUHASEBECİ MALİ MÜŞAVİRLİK A.Ş,,,EVET
IYM,İŞ YATIRIM MENKUL DEĞERLER A.Ş.,4028e4a140f275530140f277aa100008,1533-is-yatirim-menkul-degerler-a-s,İSTANBUL,PwC BAĞIMSIZ DENETİM VE SERBEST MUHASEBECİ MALİ MÜŞAVİRLİK A.Ş,,,EVET
ISYAT,İŞ YATIRIM ORTAKLIĞI A.Ş.,4028e4a240ee866c0140f2710c33013d,989-is-yatirim-ortakligi-a-s,İSTANBUL,PwC BAĞIMSIZ DENETİM VE SERBEST MUHASEBECİ MALİ MÜŞAVİRLİK A.Ş,,,
ISBIR,İŞBİR HOLDİNG A.Ş.,4028e4a240f2ef4c0141017954a000b4,1684-isbir-holding-a-s,ANKARA,EREN BAĞIMSIZ DENETİM A.Ş.,,,HAYIR
ISSEN,İŞBİR SENTETİK DOKUMA SANAYİ A.Ş.,8acae2c452495e0b0152ef57ae190f85,4135-isbir-sentetik-dokuma-sanayi-a-s,BALIKESİR,EREN BAĞIMSIZ DENETİM A.Ş.,,,HAYIR
IZINV,İZ YATIRIM HOLDİNG A.Ş.,1DE05DAA82FC073AE0530A4A622A2EBD,2060-iz-yatirim-holding-a-s,İSTANBUL,AKADEMİK BAĞIMSIZ DENETİM A.Ş.,,,HAYIR
IZENR,İZDEMİR ENERJİ ELEKTRİK ÜRETİM A.Ş.,8acae2c5534651ff0153612ea22a02ec,4131-izdemir-enerji-elektrik-uretim-a-s,İZMİR,KPMG BAĞIMSIZ DENETİM VE SERBEST MUHASEBECİ MALİ MÜŞAVİRLİK A.Ş.,,,HAYIR
IZMDC,İZMİR DEMİR ÇELİK SANAYİ A.Ş.,4028e4a140f275550140f27e319401ca,991-izmir-demir-celik-sanayi-a-s,İZMİR,KPMG BAĞIMSIZ DENETİM VE SERBEST MUHASEBECİ MALİ MÜŞAVİRLİK A.Ş.,,,HAYIR
IZFAS,İZMİR FIRÇA SANAYİ VE TİCARET A.Ş.,4028e4a146b4c41301485f8c72095698,2273-izmir-firca-sanayi-ve-ticaret-a-s,İZMİR,AKT BAĞIMSIZ DENETİM A.Ş.,,,HAYIR
JANTS,JANTSA JANT SANAYİ VE TİCARET A.Ş.,4028e4a240f2ef4c01413b1b57300719,1682-jantsa-jant-sanayi-ve-ticaret-a-s,AYDIN,SUN BAĞIMSIZ DENETİM VE YEMİNLİ MALİ MÜŞAVİRLİK A.Ş.,,,HAYIR
KFEIN,KAFEİN YAZILIM HİZMETLERİ TİCARET A.Ş.,8acae2c55835f84c015848477328085a,4320-kafein-yazilim-hizmetleri-ticaret-a-s,İSTANBUL,ANY PARTNERS BAĞIMSIZ DENETİM A.Ş.,,,HAYIR
KLKIM,KALEKİM KİMYEVİ MADDELER SANAYİ VE TİCARET A.Ş.,4028e4a144a0804f01452d35e88a3208,3979-kalekim-kimyevi-maddeler-sanayi-ve-ticaret-a-s,İSTANBUL,PwC BAĞIMSIZ DENETİM VE SERBEST MUHASEBECİ MALİ MÜŞAVİRLİK A.Ş,,,HAYIR
KLSER,KALESERAMİK ÇANAKKALE KALEBODUR SERAMİK SANAYİ A.Ş.,4028e4a140f275550140f285f6cf0246,2630-kaleseramik-canakkale-kalebodur-seramik-sanayi-a-s,İSTANBUL,PwC BAĞIMSIZ DENETİM VE SERBEST MUHASEBECİ MALİ MÜŞAVİRLİK A.Ş,,,HAYIR
KLVKS,KALKINMA YATIRIM VARLIK KİRALAMA A.Ş.,8acae2c47afb298b017b638d20d840cd,5408-kalkinma-yatirim-varlik-kiralama-a-s,İSTANBUL,GÜNEY BAĞIMSIZ DENETİM VE SERBEST MUHASEBECİ MALİ MÜŞAVİRLİK A.Ş.,,,
KLYPV,KALYON GÜNEŞ TEKNOLOJİLERİ ÜRETİM A.Ş.,8acae2c494bafc930194bb236113010e,6061-kalyon-gunes-teknolojileri-uretim-a-s,ANKARA,EREN BAĞIMSIZ DENETİM A.Ş.,,,HAYIR
KPTGY,KAPİTAL GAYRİMENKUL YATIRIMI GELİŞTİRME VE İŞLETMECİLİK A.Ş.,d21618f6aa554dd8a570f41dd0f46700,6155-kapital-gayrimenkul-yatirimi-gelistirme-ve-isletmecilik-a-s,İSTANBUL,,,,HAYIR
KAPLM,KAPLAMİN AMBALAJ SANAYİ VE TİCARET A.Ş.,4028e4a1416e696501416f314a3960dc,993-kaplamin-ambalaj-sanayi-ve-ticaret-a-s,İZMİR,EREN BAĞIMSIZ DENETİM A.Ş.,,,HAYIR
KARCL,KARDEMİR ÇELİK SANAYİ A.Ş.,4028e4a1422d986901426b87f6a905e5,3200-kardemir-celik-sanayi-a-s,DENİZLİ,AKADEMİK BAĞIMSIZ DENETİM A.Ş.,,,HAYIR
KRDMA,KARDEMİR KARABÜK DEMİR ÇELİK SANAYİ VE TİCARET A.Ş.,4028e4a140f2ed7201412ace3ada0707,994-kardemir-karabuk-demir-celik-sanayi-ve-ticaret-a-s,KARABÜK,PwC BAĞIMSIZ DENETİM VE SERBEST MUHASEBECİ MALİ MÜŞAVİRLİK A.Ş,,,HAYIR
KRDMB,KARDEMİR KARABÜK DEMİR ÇELİK SANAYİ VE TİCARET A.Ş.,4028e4a140f2ed7201412ace3ada0707,994-kardemir-karabuk-demir-celik-sanayi-ve-ticaret-a-s,KARABÜK,PwC BAĞIMSIZ DENETİM VE SERBEST MUHASEBECİ MALİ MÜŞAVİRLİK A.Ş,,,HAYIR
KRDMD,KARDEMİR KARABÜK DEMİR ÇELİK SANAYİ VE TİCARET A.Ş.,4028e4a140f2ed7201412ace3ada0707,994-kardemir-karabuk-demir-celik-sanayi-ve-ticaret-a-s,KARABÜK,PwC BAĞIMSIZ DENETİM VE SERBEST MUHASEBECİ MALİ MÜŞAVİRLİK A.Ş,,,HAYIR
KAREL,KAREL ELEKTRONİK SANAYİ VE TİCARET A.Ş.,4028e4a246b4c5a90147d42c754a6bba,1442-karel-elektronik-sanayi-ve-ticaret-a-s,İSTANBUL,DRT BAĞIMSIZ DENETİM VE SERBEST MUHASEBECİ MALİ MÜŞAVİRLİK A.Ş.,,,HAYIR
KARSN,KARSAN OTOMOTİV SANAYİİ VE TİCARET A.Ş.,4028e4a140f275530140f2e357a501f7,995-karsan-otomotiv-sanayii-ve-ticaret-a-s,BURSA,PwC BAĞIMSIZ DENETİM VE SERBEST MUHASEBECİ MALİ MÜŞAVİRLİK A.Ş,,,HAYIR
KRTEK,KARSU TEKSTİL SANAYİİ VE TİCARET A.Ş.,4028e4a240f2ef47014106bb724601b1,996-karsu-tekstil-sanayii-ve-ticaret-a-s,KAYSERİ,REHBER BAĞIMSIZ DENETİM VE YEMİNLİ MALİ MÜŞAVİRLİK A.Ş.,,,HAYIR
KARTN,KARTONSAN KARTON SANAYİ VE TİCARET A.Ş.,4028e4a2416e697d01416e969af50d2e,997-kartonsan-karton-sanayi-ve-ticaret-a-s,İSTANBUL,MGI BAĞIMSIZ DENETİM A.Ş.,,,HAYIR
KATVK,KATILIM VARLIK KİRALAMA A.Ş.,8acae2c45835eb6501589126d8f220fc,4330-katilim-varlik-kiralama-a-s,İSTANBUL,DRT BAĞIMSIZ DENETİM VE SERBEST MUHASEBECİ MALİ MÜŞAVİRLİK A.Ş.,,,
KTLEV,KATILIMEVİM TASARRUF FİNANSMAN A.Ş.,8acae2c5830502c20185a9e2e5ac488b,5763-katilimevim-tasarruf-finansman-a-s,İSTANBUL,AKSİS ULUSLARARASI BAĞIMSIZ DENETİM A.Ş.,,,
KATMR,KATMERCİLER ARAÇ ÜSTÜ EKİPMAN SANAYİ VE TİCARET A.Ş.,4028e4a14184e9cf01419c001e945a74,1528-katmerciler-arac-ustu-ekipman-sanayi-ve-ticaret-a-s,İZMİR,HSY DANIŞMANLIK VE BAĞIMSIZ DENETİM A.Ş.,,,HAYIR
KFILO,KAYATUR FİLO KİRALAMA A.Ş.,8acae2c4991b8c3201992881244b00c6,6132-kayatur-filo-kiralama-a-s,ANKARA,ÖNDER BAĞIMSIZ DENETİM VE DANIŞMANLIK A.Ş.,,,HAYIR
KAYSE,KAYSERİ ŞEKER FABRİKASI A.Ş.,4028e4a144a0804f0145a837a7ad0a66,3723-kayseri-seker-fabrikasi-a-s,KAYSERİ,KPMG BAĞIMSIZ DENETİM VE SERBEST MUHASEBECİ MALİ MÜŞAVİRLİK A.Ş.,,,HAYIR
KNTFA,KENT FİNANS FAKTORİNG A.Ş.,4028e4a14184e9c901419d1119ca6579,2114-kent-finans-faktoring-a-s,İSTANBUL,BDO DENET BAĞIMSIZ DENETİM VE DANIŞMANLIK A.Ş.,,,EVET
KENT,KENT GIDA MADDELERİ SANAYİİ VE TİCARET A.Ş.,4028e4a14184e9cf01419c41a8125db1,1000-kent-gida-maddeleri-sanayii-ve-ticaret-a-s,KOCAELİ,PwC BAĞIMSIZ DENETİM VE SERBEST MUHASEBECİ MALİ MÜŞAVİRLİK A.Ş,,,HAYIR
KRVGD,KERVAN GIDA SANAYİ VE TİCARET A.Ş.,4028e4a246b4c5a90148127e32eb47e9,3456-kervan-gida-sanayi-ve-ticaret-a-s,İSTANBUL,YEDİTEPE BAĞIMSIZ DENETİM VE YEMİNLİ MALİ MÜŞAVİRLİK A.Ş.,,,HAYIR
KERVN,KERVANSARAY YATIRIM HOLDİNG A.Ş.,4028e4a1415f4d9901416004afc13142,897-kervansaray-yatirim-holding-a-s,İSTANBUL,MEGA GLOBAL ULUSLARARASI BAĞIMSIZ DENETİM A.Ş.,,,HAYIR
TCKRC,KIRAÇ GALVANİZ TELEKOMİNİKASYON METAL MAKİNE İNŞAAT ELEKTRİK SANAYİ VE TİCARET A.Ş.,8acae2c48c3efac0019137973fd07e5e,6010-kirac-galvaniz-telekominikasyon-metal-makine-insaat-elektrik-sanayi-ve-ticaret-a-s,BURSA,HSY DANIŞMANLIK VE BAĞIMSIZ DENETİM A.Ş.,,,HAYIR
KZBGY,KIZILBÜK GAYRİMENKUL YATIRIM ORTAKLIĞI A.Ş.,8acae2c5794d3d66017aadf2b6b719cb,5395-kizilbuk-gayrimenkul-yatirim-ortakligi-a-s,İSTANBUL,ARSEN BAĞIMSIZ DENETİM HİZMETLERİ A.Ş.,,,HAYIR
KLGYO,KİLER GAYRİMENKUL YATIRIM ORTAKLIĞI A.Ş.,4028e4a2415f4f8101415f7009a809a2,1541-kiler-gayrimenkul-yatirim-ortakligi-a-s,İSTANBUL,ÇÖZÜM ÜNLÜER BAĞIMSIZ DENETİM VE YEMİNLİ MALİ MÜŞAVİRLİK A.Ş.,,,HAYIR
KLRHO,KİLER HOLDİNG A.Ş.,4028e4a1415f4d990141600b4b5331e2,3766-kiler-holding-a-s,İSTANBUL,EREN BAĞIMSIZ DENETİM A.Ş.,,,HAYIR
KMPUR,KİMTEKS POLİÜRETAN SANAYİ VE TİCARET A.Ş.,8acae2c47d3bee4e017da32a238f235f,5480-kimteks-poliuretan-sanayi-ve-ticaret-a-s,İSTANBUL,PwC BAĞIMSIZ DENETİM VE SERBEST MUHASEBECİ MALİ MÜŞAVİRLİK A.Ş,,,HAYIR
KLMSN,KLİMASAN KLİMA SANAYİ VE TİCARET A.Ş.,4028e4a2416e696c01416f7763e874db,1004-klimasan-klima-sanayi-ve-ticaret-a-s,MANİSA,EREN BAĞIMSIZ DENETİM A.Ş.,,,HAYIR
KCAER,KOCAER ÇELİK SANAYİ VE TİCARET A.Ş.,4028e4a2416f888d01416f9ea04a058f,3776-kocaer-celik-sanayi-ve-ticaret-a-s,DENİZLİ,GÜRELİ YEMİNLİ MALİ MÜŞAVİRLİK VE BAĞIMSIZ DENETİM HİZMETLERİ A.Ş.,,,HAYIR
KOCFN,KOÇ FİNANSMAN A.Ş.,4028e4a140f2ed710140f2f251eb0026,1438-koc-finansman-a-s,İSTANBUL,GÜNEY BAĞIMSIZ DENETİM VE SERBEST MUHASEBECİ MALİ MÜŞAVİRLİK A.Ş.,,,HAYIR
KCHOL,KOÇ HOLDİNG A.Ş.,4028e4a140f2ed710140f2f4d6c70039,1005-koc-holding-a-s,İSTANBUL,GÜNEY BAĞIMSIZ DENETİM VE SERBEST MUHASEBECİ MALİ MÜŞAVİRLİK A.Ş.,,,HAYIR
KOCMT,KOÇ METALURJİ A.Ş.,4028e4a2416e696c01416f734ce273ad,3409-koc-metalurji-a-s,HATAY,PKF ADAY BAĞIMSIZ DENETİM A.Ş.,,,HAYIR
KSFIN,KOÇ STELLANTİS FİNANSMAN A.Ş.,4028e4a140f2ed710140f2f01f960011,1604-koc-stellantis-finansman-a-s,İSTANBUL,DRT BAĞIMSIZ DENETİM VE SERBEST MUHASEBECİ MALİ MÜŞAVİRLİK A.Ş.,,,HAYIR
KLSYN,KOLEKSİYON MOBİLYA SANAYİ A.Ş.,402821814da3a99c014f3b4e25ff608e,3651-koleksiyon-mobilya-sanayi-a-s,İSTANBUL,GÜRELİ YEMİNLİ MALİ MÜŞAVİRLİK VE BAĞIMSIZ DENETİM HİZMETLERİ A.Ş.,,,HAYIR
KNFRT,KONFRUT TARIM A.Ş.,4028e4a140f2ed710140f2fc30bc006e,1006-konfrut-tarim-a-s,İSTANBUL,ANALİZ BAĞIMSIZ DENETİM VE DANIŞMANLIK A.Ş.,,,HAYIR
KONTR,KONTROLMATİK TEKNOLOJİ ENERJİ VE MÜHENDİSLİK A.Ş.,8acae2c5745d76320174c4879b101cb2,5206-kontrolmatik-teknoloji-enerji-ve-muhendislik-a-s,İSTANBUL,GÜRELİ YEMİNLİ MALİ MÜŞAVİRLİK VE BAĞIMSIZ DENETİM HİZMETLERİ A.Ş.,,,HAYIR
KONYA,KONYA ÇİMENTO SANAYİİ A.Ş.,4028e4a140f2ed720140f3014c9400cf,1008-konya-cimento-sanayii-a-s,KONYA,DRT BAĞIMSIZ DENETİM VE SERBEST MUHASEBECİ MALİ MÜŞAVİRLİK A.Ş.,,,HAYIR
KONKA,KONYA KAĞIT SANAYİ VE TİCARET A.Ş.,4028e4a244a08180014619dea2160482,3308-konya-kagit-sanayi-ve-ticaret-a-s,KONYA,İRFAN BAĞIMSIZ DENETİM VE YEMİNLİ MALİ MÜŞAVİRLİK A.Ş.,,,HAYIR
KGYO,KORAY GAYRİMENKUL YATIRIM ORTAKLIĞI A.Ş.,4028e4a240f2ef4c0141176f57ca04a5,1125-koray-gayrimenkul-yatirim-ortakligi-a-s,İSTANBUL,VİZYON GRUP BAĞIMSIZ DENETİM.A.Ş.,,,HAYIR
KORDS,KORDSA TEKNİK TEKSTİL A.Ş.,4028e4a140f2ed720140f30606a700ec,1009-kordsa-teknik-tekstil-a-s,KOCAELİ,DRT BAĞIMSIZ DENETİM VE SERBEST MUHASEBECİ MALİ MÜŞAVİRLİK A.Ş.,,,HAYIR
KRPLS,KOROPLAST TEMİZLİK AMBALAJ ÜRÜNLERİ SANAYİ VE DIŞ TİCARET A.Ş.,8acae2c47f7cb49101803bbfecdb76dd,5593-koroplast-temizlik-ambalaj-urunleri-sanayi-ve-dis-ticaret-a-s,İSTANBUL,KPMG BAĞIMSIZ DENETİM VE SERBEST MUHASEBECİ MALİ MÜŞAVİRLİK A.Ş.,,,HAYIR
KORTS,KORTEKS MENSUCAT SANAYİ VE TİCARET A.Ş.,4028e4a140f2ed720140f2f4659e00bc,2363-korteks-mensucat-sanayi-ve-ticaret-a-s,BURSA,TTK BAĞIMSIZ DENETİM VE YEMİNLİ MALİ MÜŞAVİRLİK A.Ş.,,,HAYIR
KOTON,KOTON MAĞAZACILIK TEKSTİL SANAYİ VE TİCARET A.Ş.,4028e4a2422d9a7801429a4cc3d64f41,2365-koton-magazacilik-tekstil-sanayi-ve-ticaret-a-s,İSTANBUL,DRT BAĞIMSIZ DENETİM VE SERBEST MUHASEBECİ MALİ MÜŞAVİRLİK A.Ş.,,,HAYIR
KOPOL,KOZA POLYESTER SANAYİ VE TİCARET A.Ş.,8acae2c486d22a3b01873668ecf84494,5806-koza-polyester-sanayi-ve-ticaret-a-s,GAZİANTEP,ATA ULUSLARARASI BAĞIMSIZ DENETİM VE SMMM A.Ş.,,,HAYIR
KRGYO,KÖRFEZ GAYRİMENKUL YATIRIM ORTAKLIĞI A.Ş.,4028e4a244a081810146002d6e0c555f,1610-korfez-gayrimenkul-yatirim-ortakligi-a-s,İSTANBUL,DRT BAĞIMSIZ DENETİM VE SERBEST MUHASEBECİ MALİ MÜŞAVİRLİK A.Ş.,,,HAYIR
KRSTL,KRİSTAL KOLA VE MEŞRUBAT SANAYİ TİCARET A.Ş.,4028e4a240f2ef4c0140f3180014001a,1011-kristal-kola-ve-mesrubat-sanayi-ticaret-a-s,İSTANBUL,İRFAN BAĞIMSIZ DENETİM VE YEMİNLİ MALİ MÜŞAVİRLİK A.Ş.,,,HAYIR
KRONT,KRON TEKNOLOJİ A.Ş.,4028e4a2415f4f8401415ffc858834e3,1547-kron-teknoloji-a-s,İSTANBUL,KAVRAM BAĞIMSIZ DENETİM VE DANIŞMANLIK A.Ş.,,,HAYIR
KTKVK,KT KİRA SERTİFİKALARI VARLIK KİRALAMA A.Ş.,1DE05DAA8332073AE0530A4A622A2EBD,2058-kt-kira-sertifikalari-varlik-kiralama-a-s,İSTANBUL,DRT BAĞIMSIZ DENETİM VE SERBEST MUHASEBECİ MALİ MÜŞAVİRLİK A.Ş.,,,
KTSVK,KT SUKUK VARLIK KİRALAMA A.Ş.,8acae2c45a97ffbc015b1e02e5033b72,4409-kt-sukuk-varlik-kiralama-a-s,İSTANBUL,DRT BAĞIMSIZ DENETİM VE SERBEST MUHASEBECİ MALİ MÜŞAVİRLİK A.Ş.,,,
KSTUR,KUŞTUR KUŞADASI TURİZM ENDÜSTRİSİ A.Ş.,4028e4a141462df201414f97fa07221a,1588-kustur-kusadasi-turizm-endustrisi-a-s,AYDIN,KAVRAM BAĞIMSIZ DENETİM VE DANIŞMANLIK A.Ş.,,,HAYIR
KUVVA,KUVVA GIDA TİCARET VE SANAYİ YATIRIMLARI A.Ş.,4028e4a2422d9a6e01424699b9d061ec,1070-kuvva-gida-ticaret-ve-sanayi-yatirimlari-a-s,İSTANBUL,MERCEK BAĞIMSIZ DENETİM VE YEMİNLİ MALİ MÜŞAVİRLİK A.Ş.,,,HAYIR
KUYAS,KUYAŞ YATIRIM A.Ş.,4028e4a241a25fd60141a2bf974c04e8,1619-kuyas-yatirim-a-s,İSTANBUL,AKADEMİK BAĞIMSIZ DENETİM A.Ş.,,,HAYIR
KBORU,KUZEY BORU A.Ş.,8acae2c48b2fa259018c33b3ca910ba8,5911-kuzey-boru-a-s,AKSARAY,REHBER BAĞIMSIZ DENETİM VE YEMİNLİ MALİ MÜŞAVİRLİK A.Ş.,,,HAYIR
KZGYO,KUZUGRUP GAYRİMENKUL YATIRIM ORTAKLIĞI A.Ş.,8acae2c586d22c53018a02754e924a33,5857-kuzugrup-gayrimenkul-yatirim-ortakligi-a-s,İSTANBUL,VİZYON GRUP BAĞIMSIZ DENETİM.A.Ş.,,,HAYIR
KUTPO,KÜTAHYA PORSELEN SANAYİ A.Ş.,4028e4a240f2ef4c014111cff01d0420,1012-kutahya-porselen-sanayi-a-s,KÜTAHYA,RAM BAĞIMSIZ DENETİM VE DANIŞMANLIK A.Ş.,,,HAYIR
KTSKR,KÜTAHYA ŞEKER FABRİKASI A.Ş.,8acae2c5794d3d66017a1e5a8bfb4e07,5365-kutahya-seker-fabrikasi-a-s,KÜTAHYA,VİZYON GRUP BAĞIMSIZ DENETİM.A.Ş.,,,HAYIR
LIDER,LDR TURİZM A.Ş.,8acae2c5570aaa2b0157be3a3ef749af,4310-ldr-turizm-a-s,İSTANBUL,MODEL BAĞIMSIZ DENETİM A.Ş.,,,HAYIR
LIDFA,LİDER FAKTORİNG A.Ş.,4028e4a141da49ea0141dfe0d2732d48,1509-lider-faktoring-a-s,İSTANBUL,KPMG BAĞIMSIZ DENETİM VE SERBEST MUHASEBECİ MALİ MÜŞAVİRLİK A.Ş.,,,EVET
LILAK,LİLA KAĞIT SANAYİ VE TİCARET A.Ş.,8acae2c48c3efac0018f193ab573372b,5953-lila-kagit-sanayi-ve-ticaret-a-s,İSTANBUL,DRT BAĞIMSIZ DENETİM VE SERBEST MUHASEBECİ MALİ MÜŞAVİRLİK A.Ş.,,,HAYIR
LMKDC,LİMAK DOĞU ANADOLU ÇİMENTO SANAYİ VE TİCARET A.Ş.,8acae2c58b2fa64e018d8cfe461558d3,5930-limak-dogu-anadolu-cimento-sanayi-ve-ticaret-a-s,ŞANLIURFA,PwC BAĞIMSIZ DENETİM VE SERBEST MUHASEBECİ MALİ MÜŞAVİRLİK A.Ş,,,HAYIR
LINK,LİNK BİLGİSAYAR SİSTEMLERİ YAZILIMI VE DONANIMI SANAYİ VE TİCARET A.Ş.,4028e4a2422d9a6e01428f2d3d020b61,1015-link-bilgisayar-sistemleri-yazilimi-ve-donanimi-sanayi-ve-ticaret-a-s,İSTANBUL,DENEYİM BAĞIMSIZ DENETİM VE DANIŞMANLIK A.Ş.,,,HAYIR
LOGO,LOGO YAZILIM SANAYİ VE TİCARET A.Ş.,4028e4a14158e41e01415b41210a6e8c,1016-logo-yazilim-sanayi-ve-ticaret-a-s,KOCAELİ,DRT BAĞIMSIZ DENETİM VE SERBEST MUHASEBECİ MALİ MÜŞAVİRLİK A.Ş.,,,HAYIR
LKMNH,LOKMAN HEKİM ENGÜRÜSAĞ SAĞLIK TURİZM EĞİTİM HİZMETLERİ VE İNŞAAT TAAHHÜT A.Ş.,4028e4a24158e42401415f1d4417412e,1535-lokman-hekim-engurusag-saglik-turizm-egitim-hizmetleri-ve-insaat-taahhut-a-s,ANKARA,VEZİN BAĞIMSIZ DENETİM A.Ş.,,,HAYIR
LRSHO,LORAS HOLDİNG A.Ş.,4028e4a140f2ed7101411799cb9b02fc,1498-loras-holding-a-s,KONYA,TTK BAĞIMSIZ DENETİM VE YEMİNLİ MALİ MÜŞAVİRLİK A.Ş.,,,HAYIR
LXGYO,LUXERA GAYRİMENKUL YATIRIM ORTAKLIĞI A.Ş.,8acae2c59b85fa03019c74a891e94f5d,6197-luxera-gayrimenkul-yatirim-ortakligi-a-s,İSTANBUL,VİZYON GRUP BAĞIMSIZ DENETİM.A.Ş.,,,HAYIR
LUKSK,LÜKS KADİFE TİCARET VE SANAYİİ A.Ş.,4028e4a140f2ed720140f31ed775014f,1017-luks-kadife-ticaret-ve-sanayii-a-s,KAYSERİ,ARILAR BAĞIMSIZ DENETİM VE YEMİNLİ MALİ MÜŞAVİRLİK A.Ş.,,,HAYIR
LYDHO,LYDİA HOLDİNG A.Ş.,4028e4a240f2ef4701411763ed38047c,1035-lydia-holding-a-s,İSTANBUL,ANY PARTNERS BAĞIMSIZ DENETİM A.Ş.,,,HAYIR
LYDYE,LYDİA YEŞİL ENERJİ KAYNAKLARI A.Ş.,4028e4a241a25fcb0141a7c3f3302405,1687-lydia-yesil-enerji-kaynaklari-a-s,İSTANBUL,ANY PARTNERS BAĞIMSIZ DENETİM A.Ş.,,,HAYIR
MACKO,MACKOLİK İNTERNET HİZMETLERİ TİCARET A.Ş.,8acae2c48304fe9e0183694124c82d0a,5679-mackolik-internet-hizmetleri-ticaret-a-s,İSTANBUL,RAM BAĞIMSIZ DENETİM VE DANIŞMANLIK A.Ş.,,,HAYIR
MAKIM,MAKİM MAKİNA TEKNOLOJİLERİ SANAYİ VE TİCARET A.Ş.,8acae2c57f7cbb49017f977f7f190949,5562-makim-makina-teknolojileri-sanayi-ve-ticaret-a-s,ANKARA,DENEYİM BAĞIMSIZ DENETİM VE DANIŞMANLIK A.Ş.,,,HAYIR
MAKTK,MAKİNA TAKIM ENDÜSTRİSİ A.Ş.,4028e4a24158e42201415ad40fca5dd0,1018-makina-takim-endustrisi-a-s,İSTANBUL,DRT BAĞIMSIZ DENETİM VE SERBEST MUHASEBECİ MALİ MÜŞAVİRLİK A.Ş.,,,HAYIR
MANAS,MANAS ENERJİ YÖNETİMİ SANAYİ VE TİCARET A.Ş.,8acae2c5794d3d660179f09f7061388a,5357-manas-enerji-yonetimi-sanayi-ve-ticaret-a-s,ANKARA,ULUSAL BAĞIMSIZ DENETİM VE YEMİNLİ MALİ MÜŞAVİRLİK A.Ş.,,,HAYIR
MRBAS,MARBAŞ MENKUL DEĞERLER A.Ş.,4028e4a140f2ed7101413af95c8c047c,1324-marbas-menkul-degerler-a-s,İSTANBUL,PKF ADAY BAĞIMSIZ DENETİM A.Ş.,,,EVET
MRS,MARBAŞ MENKUL DEĞERLER A.Ş.,4028e4a140f2ed7101413af95c8c047c,1324-marbas-menkul-degerler-a-s,İSTANBUL,PKF ADAY BAĞIMSIZ DENETİM A.Ş.,,,EVET
MAGEN,MARGÜN ENERJİ ÜRETİM SANAYİ VE TİCARET A.Ş.,8acae2c47afb298a017bf270b76b78f1,5426-margun-enerji-uretim-sanayi-ve-ticaret-a-s,ANKARA,EREN BAĞIMSIZ DENETİM A.Ş.,,,HAYIR
MRMAG,MARKA MAĞAZACILIK A.Ş.,4028e4a240f2ef470141166b45c0040d,2698-marka-magazacilik-a-s,İSTANBUL,EREN BAĞIMSIZ DENETİM A.Ş.,,,HAYIR
MARKA,MARKA YATIRIM HOLDİNG A.Ş.,4028e4a140f2ed720141080991640264,1403-marka-yatirim-holding-a-s,İSTANBUL,C&Ç BAĞIMSIZ DENETİM VE YÖNETİM DANIŞMANLIĞI A.Ş.,,,HAYIR
MARMR,MARMARA HOLDİNG A.Ş.,8acae2c5991b90b001993ca6c1951026,6135-marmara-holding-a-s,KOCAELİ,BDO DENET BAĞIMSIZ DENETİM VE DANIŞMANLIK A.Ş.,,,HAYIR
MAALT,MARMARİS ALTINYUNUS TURİSTİK TESİSLER A.Ş.,4028e4a140f2ed710141179bf0630308,1021-marmaris-altinyunus-turistik-tesisler-a-s,ANTALYA,GÜNEY BAĞIMSIZ DENETİM VE SERBEST MUHASEBECİ MALİ MÜŞAVİRLİK A.Ş.,,,HAYIR
MRSHL,MARSHALL BOYA VE VERNİK SANAYİİ A.Ş.,4028e4a140f2ed720140f325b12e0172,1023-marshall-boya-ve-vernik-sanayii-a-s,KOCAELİ,GÜNEY BAĞIMSIZ DENETİM VE SERBEST MUHASEBECİ MALİ MÜŞAVİRLİK A.Ş.,,,HAYIR
MRGYO,MARTI GAYRİMENKUL YATIRIM ORTAKLIĞI A.Ş.,4028e4a1415f4d9b0141603d2b414108,1521-marti-gayrimenkul-yatirim-ortakligi-a-s,İSTANBUL,TİTANYUM BAĞIMSIZ DENETİM HİZMETLERİ A.Ş.,,,HAYIR
MARTI,MARTI OTEL İŞLETMELERİ A.Ş.,4028e4a1415f4d9b0141603d6cec410f,1022-marti-otel-isletmeleri-a-s,İSTANBUL,TİTANYUM BAĞIMSIZ DENETİM HİZMETLERİ A.Ş.,,,HAYIR
MASFN,MASFEN ENERJİ A.Ş.,8acae2c49f52d9d8019f708c67a5106a,6260-masfen-enerji-a-s,ISPARTA,REFORM BAĞIMSIZ DENETİM A.Ş.,,,HAYIR
MTRKS,MATRİKS FİNANSAL TEKNOLOJİLER A.Ş.,8acae2c575a1b5b60177de29c7177130,5280-matriks-finansal-teknolojiler-a-s,İSTANBUL,ÇÖZÜM ÜNLÜER BAĞIMSIZ DENETİM VE YEMİNLİ MALİ MÜŞAVİRLİK A.Ş.,,,HAYIR
MAVI,MAVİ GİYİM SANAYİ VE TİCARET A.Ş.,4028e4a141733b5101417ea9aae11fec,3843-mavi-giyim-sanayi-ve-ticaret-a-s,İSTANBUL,DRT BAĞIMSIZ DENETİM VE SERBEST MUHASEBECİ MALİ MÜŞAVİRLİK A.Ş.,,,HAYIR
MZHLD,MAZHAR ZORLU HOLDİNG A.Ş.,4028e4a24158e42401415adbb0917e5e,1024-mazhar-zorlu-holding-a-s,İZMİR,EREN BAĞIMSIZ DENETİM A.Ş.,,,HAYIR
MDIAZ,MEDİAZZ YENİ MEDYA VE TEKNOLOJİ YATIRIMLARI A.Ş.,8acae2c49c81f743019d2defe3ba3d95,6215-mediazz-yeni-medya-ve-teknoloji-yatirimlari-a-s,İSTANBUL,CNS BAĞIMSIZ DENETİM A.Ş.,,,HAYIR
MEDTR,MEDİTERA TIBBİ MALZEME SANAYİ VE TİCARET A.Ş.,8acae2c5794d3d6a017a1de13bf04ff2,5364-meditera-tibbi-malzeme-sanayi-ve-ticaret-a-s,İZMİR,ARTI DEĞER ULUSLARARASI BAĞIMSIZ DENETİM VE YMM A.Ş.,,,HAYIR
MEGMT,MEGA METAL SANAYİ VE TİCARET A.Ş.,8acae2c5594ca644015964a5bef50e57,4361-mega-metal-sanayi-ve-ticaret-a-s,İSTANBUL,MİTRA BAĞIMSIZ DENETİM A.Ş.,,,HAYIR
MEGAP,MEGA POLİETİLEN KÖPÜK SANAYİ VE TİCARET A.Ş.,4028e4a141e536460141ee602f162cdb,1601-mega-polietilen-kopuk-sanayi-ve-ticaret-a-s,İSTANBUL,ATR BAĞIMSIZ DENETİM VE SERBEST MUHASEBECİ MALİ MÜŞAVİRLİK A.Ş.,,,HAYIR
MEKAG,MEKA GLOBAL MAKİNE İMALAT SANAYİ VE TİCARET A.Ş.,8acae2c586d22c51018adff79d0f2d15,5875-meka-global-makine-imalat-sanayi-ve-ticaret-a-s,ANKARA,YEDİTEPE BAĞIMSIZ DENETİM VE YEMİNLİ MALİ MÜŞAVİRLİK A.Ş.,,,HAYIR
MEKMD,MEKSA YATIRIM MENKUL DEĞERLER A.Ş.,4028e4a24184e9e50141981faaf249d3,1326-meksa-yatirim-menkul-degerler-a-s,İSTANBUL,YEDİTEPE BAĞIMSIZ DENETİM VE YEMİNLİ MALİ MÜŞAVİRLİK A.Ş.,,,EVET
MSA,MEKSA YATIRIM MENKUL DEĞERLER A.Ş.,4028e4a24184e9e50141981faaf249d3,1326-meksa-yatirim-menkul-degerler-a-s,İSTANBUL,YEDİTEPE BAĞIMSIZ DENETİM VE YEMİNLİ MALİ MÜŞAVİRLİK A.Ş.,,,EVET
MNDRS,MENDERES TEKSTİL SANAYİ VE TİCARET A.Ş.,4028e4a1422d986e01425bfb19b05165,1027-menderes-tekstil-sanayi-ve-ticaret-a-s,İZMİR,PKF ADAY BAĞIMSIZ DENETİM A.Ş.,,,HAYIR
MEPET,MEPET METRO PETROL VE TESİSLERİ SANAYİ TİCARET A.Ş.,4028e4a1416e696301416ea253f418ae,1553-mepet-metro-petrol-ve-tesisleri-sanayi-ticaret-a-s,İSTANBUL,BD BAĞIMSIZ DENETİM VE YEMİNLİ MALİ MÜŞAVİRLİK A.Ş.,,,HAYIR
MERCN,MERCAN KİMYA SANAYİ VE TİCARET A.Ş.,8acae2c4782a4d580178ee32b32864d5,5325-mercan-kimya-sanayi-ve-ticaret-a-s,DENİZLİ,VİZYON GRUP BAĞIMSIZ DENETİM.A.Ş.,,,HAYIR
MRBKF,MERCEDES BENZ KAMYON FİNANSMAN A.Ş.,8acae2c48304fe9c0186986217ed49c5,5789-mercedes-benz-kamyon-finansman-a-s,İSTANBUL,BDO DENET BAĞIMSIZ DENETİM VE DANIŞMANLIK A.Ş.,,,HAYIR
MBFTR,MERCEDES-BENZ FİNANSMAN TÜRK A.Ş.,4028e4a241733d420141744bc087317b,2119-mercedes-benz-finansman-turk-a-s,İSTANBUL,PwC BAĞIMSIZ DENETİM VE SERBEST MUHASEBECİ MALİ MÜŞAVİRLİK A.Ş,,,HAYIR
MERIT,MERİT TURİZM YATIRIM VE İŞLETME A.Ş.,4028e4a140f2ed7101412b9f84390347,1594-merit-turizm-yatirim-ve-isletme-a-s,İSTANBUL,PKF ADAY BAĞIMSIZ DENETİM A.Ş.,,,HAYIR
MERKO,MERKO GIDA SANAYİ VE TİCARET A.Ş.,4028e4a240f2ef4701412bf3fc980553,1029-merko-gida-sanayi-ve-ticaret-a-s,İSTANBUL,ÇÖZÜM ÜNLÜER BAĞIMSIZ DENETİM VE YEMİNLİ MALİ MÜŞAVİRLİK A.Ş.,,,HAYIR
METEN,METGÜN ENERJİ YATIRIMLARI A.Ş.,8acae2c49b85f8cf019c0470c53c6a68,6189-metgun-enerji-yatirimlari-a-s,İSTANBUL,BDO DENET BAĞIMSIZ DENETİM VE DANIŞMANLIK A.Ş.,,,HAYIR
METRO,METRO TİCARİ VE MALİ YATIRIMLAR HOLDİNG A.Ş.,4028e4a1416e696301416e9a320e1649,1120-metro-ticari-ve-mali-yatirimlar-holding-a-s,İSTANBUL,BD BAĞIMSIZ DENETİM VE YEMİNLİ MALİ MÜŞAVİRLİK A.Ş.,,,HAYIR
MTRYO,METRO YATIRIM ORTAKLIĞI A.Ş.,4028e4a14158e41f01415b1cecc4619f,927-metro-yatirim-ortakligi-a-s,İSTANBUL,BD BAĞIMSIZ DENETİM VE YEMİNLİ MALİ MÜŞAVİRLİK A.Ş.,,,
MCARD,METROPAL KURUMSAL HİZMETLER A.Ş.,8acae2c59c81f7f7019c98b19b8c0af5,6200-metropal-kurumsal-hizmetler-a-s,İSTANBUL,PKF ADAY BAĞIMSIZ DENETİM A.Ş.,,,HAYIR
MEYSU,MEYSU GIDA SANAYİ VE TİCARET A.Ş.,8acae2c5998f25d7019b59665bd030f1,6175-meysu-gida-sanayi-ve-ticaret-a-s,KAYSERİ,VİZYON GRUP BAĞIMSIZ DENETİM.A.Ş.,,,HAYIR
MHRGY,MHR GAYRİMENKUL YATIRIM ORTAKLIĞI A.Ş.,8acae2c486d22a3a018b03ad439129a9,5877-mhr-gayrimenkul-yatirim-ortakligi-a-s,İSTANBUL,GÜRELİ YEMİNLİ MALİ MÜŞAVİRLİK VE BAĞIMSIZ DENETİM HİZMETLERİ A.Ş.,,,HAYIR
MIATK,MİA TEKNOLOJİ A.Ş.,8acae2c47afb298a017cbcef284245ba,5455-mia-teknoloji-a-s,ANKARA,KARAR BAĞIMSIZ DENETİM VE DANIŞMANLIK A.Ş.,,,HAYIR
MDASM,MİDAS MENKUL DEĞERLER A.Ş.,8acae2c4782a4d580178a723f5383685,5314-midas-menkul-degerler-a-s,İSTANBUL,DRT BAĞIMSIZ DENETİM VE SERBEST MUHASEBECİ MALİ MÜŞAVİRLİK A.Ş.,,,EVET
MDS,MİDAS MENKUL DEĞERLER A.Ş.,8acae2c4782a4d580178a723f5383685,5314-midas-menkul-degerler-a-s,İSTANBUL,DRT BAĞIMSIZ DENETİM VE SERBEST MUHASEBECİ MALİ MÜŞAVİRLİK A.Ş.,,,EVET
MGROS,MİGROS TİCARET A.Ş.,4028e4a141462df2014150162e1c3424,1494-migros-ticaret-a-s,İSTANBUL,PwC BAĞIMSIZ DENETİM VE SERBEST MUHASEBECİ MALİ MÜŞAVİRLİK A.Ş,,,HAYIR
MILKS,MİLK ACADEMY SÜT ÜRÜNLERİ SANAYİ VE TİCARET A.Ş.,8acae2c59b85fa03019beb0e0c8b5999,6187-milk-academy-sut-urunleri-sanayi-ve-ticaret-a-s,BURSA,,,,HAYIR
MINTF,MİNT FİNANSMAN A.Ş.,8acae2c4998f24d8019a0586000256ef,6153-mint-finansman-a-s,İSTANBUL,HSY DANIŞMANLIK VE BAĞIMSIZ DENETİM A.Ş.,,,HAYIR
MSGYO,MİSTRAL GAYRİMENKUL YATIRIM ORTAKLIĞI A.Ş.,8acae2c4540d444501545d374f8d070a,3695-mistral-gayrimenkul-yatirim-ortakligi-a-s,İZMİR,ÇÖZÜM ÜNLÜER BAĞIMSIZ DENETİM VE YEMİNLİ MALİ MÜŞAVİRLİK A.Ş.,,,HAYIR
MSY,MİSYON YATIRIM BANKASI A.Ş.,8acae2c482b7ea0b0182f949649916a8,5668-misyon-yatirim-bankasi-a-s,İSTANBUL,,,,EVET
MSYBN,MİSYON YATIRIM BANKASI A.Ş.,8acae2c482b7ea0b0182f949649916a8,5668-misyon-yatirim-bankasi-a-s,İSTANBUL,,,,EVET
MPARK,MLP SAĞLIK HİZMETLERİ A.Ş.,4028e4a1462cc5dd01465c9550782baa,2118-mlp-saglik-hizmetleri-a-s,İSTANBUL,DRT BAĞIMSIZ DENETİM VE SERBEST MUHASEBECİ MALİ MÜŞAVİRLİK A.Ş.,,,HAYIR
MMCAS,MMC SANAYİ VE TİCARİ YATIRIMLAR A.Ş.,4028e4a1415f4d99014160040b8e3137,1563-mmc-sanayi-ve-ticari-yatirimlar-a-s,İSTANBUL,ARILAR BAĞIMSIZ DENETİM VE YEMİNLİ MALİ MÜŞAVİRLİK A.Ş.,,,HAYIR
MNGFA,MNG FAKTORİNG A.Ş.,4028e4a141462df201414b08fe4e1287,3020-mng-faktoring-a-s,İSTANBUL,KPMG BAĞIMSIZ DENETİM VE SERBEST MUHASEBECİ MALİ MÜŞAVİRLİK A.Ş.,,,EVET
MOBTL,MOBİLTEL İLETİŞİM HİZMETLERİ SANAYİ VE TİCARET A.Ş.,8acae2c57afb2d70017d12c6d335669c,5462-mobiltel-iletisim-hizmetleri-sanayi-ve-ticaret-a-s,İSTANBUL,YEDİTEPE BAĞIMSIZ DENETİM VE YEMİNLİ MALİ MÜŞAVİRLİK A.Ş.,,,HAYIR
MOGAN,MOGAN ENERJİ YATIRIM HOLDİNG A.Ş.,8acae2c473646c5e0173e77f33b35138,5180-mogan-enerji-yatirim-holding-a-s,ANKARA,AS BAĞIMSIZ DENETİM VE YEMİNLİ MALİ MÜŞAVİRLİK A.Ş.,,,HAYIR
MNDTR,MONDİ TURKEY OLUKLU MUKAVVA KAĞIT VE AMBALAJ SANAYİ A.Ş.,4028e4a24158e42201415ae7c0875fab,1095-mondi-turkey-oluklu-mukavva-kagit-ve-ambalaj-sanayi-a-s,İZMİR,PwC BAĞIMSIZ DENETİM VE SERBEST MUHASEBECİ MALİ MÜŞAVİRLİK A.Ş,,,HAYIR
MOPAS,MOPAŞ MARKETÇİLİK GIDA SANAYİ VE TİCARET A.Ş.,8acae2c49145e00d0194730c9f3e6d30,6054-mopas-marketcilik-gida-sanayi-ve-ticaret-a-s,İSTANBUL,GÜRELİ YEMİNLİ MALİ MÜŞAVİRLİK VE BAĞIMSIZ DENETİM HİZMETLERİ A.Ş.,,,HAYIR
EGEPO,NASMED ÖZEL SAĞLIK HİZMETLERİ TİCARET A.Ş.,8acae2c4794d3648017a9fceecca0bad,5390-nasmed-ozel-saglik-hizmetleri-ticaret-a-s,İZMİR,DENEYİM BAĞIMSIZ DENETİM VE DANIŞMANLIK A.Ş.,,,HAYIR
NATEN,NATUREL YENİLENEBİLİR ENERJİ TİCARET A.Ş.,8acae2c469cee2a2016bb6c259155c47,4904-naturel-yenilenebilir-enerji-ticaret-a-s,ANKARA,EREN BAĞIMSIZ DENETİM A.Ş.,,,HAYIR
NTGAZ,NATURELGAZ SANAYİ VE TİCARET A.Ş.,8acae2c4782a4d580178492e12820f4f,5303-naturelgaz-sanayi-ve-ticaret-a-s,İSTANBUL,PKF ADAY BAĞIMSIZ DENETİM A.Ş.,,,HAYIR
NTHOL,NET HOLDİNG A.Ş.,4028e4a140f2ed7101412ba0829f034d,1039-net-holding-a-s,İSTANBUL,PKF ADAY BAĞIMSIZ DENETİM A.Ş.,,,HAYIR
NETAS,NETAŞ TELEKOMÜNİKASYON A.Ş.,4028e4a240f2ef47014111d7df220232,1041-netas-telekomunikasyon-a-s,İSTANBUL,KPMG BAĞIMSIZ DENETİM VE SERBEST MUHASEBECİ MALİ MÜŞAVİRLİK A.Ş.,,,HAYIR
NETCD,NETCAD YAZILIM A.Ş.,8acae2c47f7cb492017fd60a82802767,5577-netcad-yazilim-a-s,ANKARA,VEZİN BAĞIMSIZ DENETİM A.Ş.,,,HAYIR
NIBAS,NİĞBAŞ NİĞDE BETON SANAYİ VE TİCARET A.Ş.,4028e4a1413b7ef501413bc24123002f,1577-nigbas-nigde-beton-sanayi-ve-ticaret-a-s,NİĞDE,TTK BAĞIMSIZ DENETİM VE YEMİNLİ MALİ MÜŞAVİRLİK A.Ş.,,,HAYIR
NUHCM,NUH ÇİMENTO SANAYİ A.Ş.,4028e4a141558bdd014156053d9f04b2,1042-nuh-cimento-sanayi-a-s,KOCAELİ,BDO DENET BAĞIMSIZ DENETİM VE DANIŞMANLIK A.Ş.,,,HAYIR
NUGYO,NUROL GAYRİMENKUL YATIRIM ORTAKLIĞI A.Ş.,4028e4a1416e696301416f6100e76fb9,1043-nurol-gayrimenkul-yatirim-ortakligi-a-s,İSTANBUL,KPMG BAĞIMSIZ DENETİM VE SERBEST MUHASEBECİ MALİ MÜŞAVİRLİK A.Ş.,,,HAYIR
NURVK,NUROL VARLIK KİRALAMA A.Ş.,8acae2c55d8500f8015ee16f113a0c19,4512-nurol-varlik-kiralama-a-s,,GÜNEY BAĞIMSIZ DENETİM VE SERBEST MUHASEBECİ MALİ MÜŞAVİRLİK A.Ş.,,,
NRBNK,NUROL YATIRIM BANKASI A.Ş.,4028e4a1415f4d9901416dc894a66313,2200-nurol-yatirim-bankasi-a-s,İSTANBUL,GÜNEY BAĞIMSIZ DENETİM VE SERBEST MUHASEBECİ MALİ MÜŞAVİRLİK A.Ş.,,,EVET
NYB,NUROL YATIRIM BANKASI A.Ş.,4028e4a1415f4d9901416dc894a66313,2200-nurol-yatirim-bankasi-a-s,İSTANBUL,GÜNEY BAĞIMSIZ DENETİM VE SERBEST MUHASEBECİ MALİ MÜŞAVİRLİK A.Ş.,,,EVET
OBAMS,OBA MAKARNACILIK SANAYİ VE TİCARET A.Ş.,8acae2c58b2fa64e018dc01d63686b27,5934-oba-makarnacilik-sanayi-ve-ticaret-a-s,GAZİANTEP,EREN BAĞIMSIZ DENETİM A.Ş.,,,HAYIR
OBASE,OBASE BİLGİSAYAR VE DANIŞMANLIK HİZMETLERİ TİCARET A.Ş.,8acae2c57f7cbb49018050e4303b068b,5596-obase-bilgisayar-ve-danismanlik-hizmetleri-ticaret-a-s,İSTANBUL,KAVRAM BAĞIMSIZ DENETİM VE DANIŞMANLIK A.Ş.,,,HAYIR
ODAS,ODAŞ ELEKTRİK ÜRETİM SANAYİ TİCARET A.Ş.,4028e4a2416e696c01416edd70713183,1887-odas-elektrik-uretim-sanayi-ticaret-a-s,İSTANBUL,AS BAĞIMSIZ DENETİM VE YEMİNLİ MALİ MÜŞAVİRLİK A.Ş.,,,HAYIR
ODINE,ODİNE SOLUTİONS TEKNOLOJİ TİCARET VE SANAYİ A.Ş.,8acae2c58b2fa64e018e1cbdc7e02623,5941-odine-solutions-teknoloji-ticaret-ve-sanayi-a-s,İSTANBUL,BDO DENET BAĞIMSIZ DENETİM VE DANIŞMANLIK A.Ş.,,,HAYIR
OFSYM,OFİS YEM GIDA SANAYİ TİCARET A.Ş.,8acae2c586d22c510189bf5dfc710286,5851-ofis-yem-gida-sanayi-ticaret-a-s,ANKARA,A1 BAĞIMSIZ DENETİM A.Ş.,,,HAYIR
ONCSM,ONCOSEM ONKOLOJİK SİSTEMLER SANAYİ VE TİCARET A.Ş.,8acae2c4812b870c018161f7cdde10f3,5624-oncosem-onkolojik-sistemler-sanayi-ve-ticaret-a-s,ANKARA,EREN BAĞIMSIZ DENETİM A.Ş.,,,HAYIR
ONRYT,ONUR YÜKSEK TEKNOLOJİ A.Ş.,8acae2c58b2fa64e018f8540ca5f57d4,5962-onur-yuksek-teknoloji-a-s,ANKARA,NOTE OFFİCE ULUSLARARASI BAĞIMSIZ DENETİM DANIŞMANLIK A.Ş.,,,HAYIR
OPET,OPET PETROLCÜLÜK A.Ş.,4028e4a240e95dc30140ee34335300e8,2819-opet-petrolculuk-a-s,İSTANBUL,GÜNEY BAĞIMSIZ DENETİM VE SERBEST MUHASEBECİ MALİ MÜŞAVİRLİK A.Ş.,,,HAYIR
ORCAY,ORÇAY ORTAKÖY ÇAY SANAYİ VE TİCARET A.Ş.,8acae2c47afb298b017b5ea1d5ee3d78,5407-orcay-ortakoy-cay-sanayi-ve-ticaret-a-s,RİZE,DENEYİM BAĞIMSIZ DENETİM VE DANIŞMANLIK A.Ş.,,,HAYIR
ORFIN,ORFİN FİNANSMAN A.Ş.,4028e4a140f2ed7201411780a3bd062e,2121-orfin-finansman-a-s,İSTANBUL,DRT BAĞIMSIZ DENETİM VE SERBEST MUHASEBECİ MALİ MÜŞAVİRLİK A.Ş.,,,HAYIR
ORGE,ORGE ENERJİ ELEKTRİK TAAHHÜT A.Ş.,4028e4a140ee35c00140ee3971130009,1603-orge-enerji-elektrik-taahhut-a-s,İSTANBUL,VİZYON GRUP BAĞIMSIZ DENETİM.A.Ş.,,,HAYIR
ORMA,ORMA ORMAN MAHSÜLLERİ İNTEGRE SANAYİ VE TİCARET A.Ş.,4028e4a240ee37a90140ee3cedbb0002,1621-orma-orman-mahsulleri-integre-sanayi-ve-ticaret-a-s,İSTANBUL,DENGE BAĞIMSIZ DENETİM SERBEST MUHASEBECİ MALİ MÜŞAVİRLİK A.Ş.,,,HAYIR
ORZAX,ORZAKS İLAÇ VE KİMYA SANAYİ TİCARET A.Ş.,8acae2c59ee1b2d8019eff10c40c0dd5,6234-orzaks-ilac-ve-kimya-sanayi-ticaret-a-s,İSTANBUL,PKF ADAY BAĞIMSIZ DENETİM A.Ş.,,,HAYIR
OSVKS,OSMANLI VARLIK KİRALAMA A.Ş.,8acae2c5998f25d70199f11791bb492a,6151-osmanli-varlik-kiralama-a-s,İSTANBUL,PKF ADAY BAĞIMSIZ DENETİM A.Ş.,,,
OMD,OSMANLI YATIRIM MENKUL DEĞERLER A.Ş.,4028e4a240ee37a30140ee408ef80002,1576-osmanli-yatirim-menkul-degerler-a-s,İSTANBUL,PKF ADAY BAĞIMSIZ DENETİM A.Ş.,,,EVET
OSMEN,OSMANLI YATIRIM MENKUL DEĞERLER A.Ş.,4028e4a240ee37a30140ee408ef80002,1576-osmanli-yatirim-menkul-degerler-a-s,İSTANBUL,PKF ADAY BAĞIMSIZ DENETİM A.Ş.,,,EVET
OSTIM,OSTİM ENDÜSTRİYEL YATIRIMLAR VE İŞLETME A.Ş.,4028e4a241462fd8014149e82fb004c5,1596-ostim-endustriyel-yatirimlar-ve-isletme-a-s,ANKARA,DENEYİM BAĞIMSIZ DENETİM VE DANIŞMANLIK A.Ş.,,,HAYIR
OTKAR,OTOKAR OTOMOTİV VE SAVUNMA SANAYİ A.Ş.,4028e4a140ee35c70140ee4316b3001d,1046-otokar-otomotiv-ve-savunma-sanayi-a-s,İSTANBUL,GÜNEY BAĞIMSIZ DENETİM VE SERBEST MUHASEBECİ MALİ MÜŞAVİRLİK A.Ş.,,,HAYIR
OTOSR,OTOSOR OTOMOTİV A.Ş.,8acae2c486d22a3b018b041f67b641d2,5880-otosor-otomotiv-a-s,İSTANBUL,DENGE ANKARA BAĞIMSIZ DENETİM VE YEMİNLİ MALİ MÜŞAVİRLİK A.Ş.,,,HAYIR
OTTO,OTTO HOLDİNG A.Ş.,4028e4a14203278a01420955fc5d14bd,1752-otto-holding-a-s,İSTANBUL,HSY DANIŞMANLIK VE BAĞIMSIZ DENETİM A.Ş.,,,HAYIR
OYAKC,OYAK ÇİMENTO FABRİKALARI A.Ş.,4028e4a140f2ed720140f32377aa016c,1019-oyak-cimento-fabrikalari-a-s,ANKARA,DRT BAĞIMSIZ DENETİM VE SERBEST MUHASEBECİ MALİ MÜŞAVİRLİK A.Ş.,,,HAYIR
OYA,OYAK YATIRIM MENKUL DEĞERLER A.Ş.,4028e4a14158e41f01415a5e854d4441,2486-oyak-yatirim-menkul-degerler-a-s,İSTANBUL,GÜNEY BAĞIMSIZ DENETİM VE SERBEST MUHASEBECİ MALİ MÜŞAVİRLİK A.Ş.,,,EVET
OYYAT,OYAK YATIRIM MENKUL DEĞERLER A.Ş.,4028e4a14158e41f01415a5e854d4441,2486-oyak-yatirim-menkul-degerler-a-s,İSTANBUL,GÜNEY BAĞIMSIZ DENETİM VE SERBEST MUHASEBECİ MALİ MÜŞAVİRLİK A.Ş.,,,EVET
OYAYO,OYAK YATIRIM ORTAKLIĞI A.Ş.,4028e4a140ee35c70140ee4e93870038,1456-oyak-yatirim-ortakligi-a-s,İSTANBUL,GÜNEY BAĞIMSIZ DENETİM VE SERBEST MUHASEBECİ MALİ MÜŞAVİRLİK A.Ş.,,,
OYLUM,OYLUM SINAİ YATIRIMLAR A.Ş.,4028e4a14184e9cf0141919d8abd1552,1598-oylum-sinai-yatirimlar-a-s,KAYSERİ,REHBER BAĞIMSIZ DENETİM VE YEMİNLİ MALİ MÜŞAVİRLİK A.Ş.,,,HAYIR
OZKGY,ÖZAK GAYRİMENKUL YATIRIM ORTAKLIĞI A.Ş.,4028e4a140f2ed720141079632d0024f,1575-ozak-gayrimenkul-yatirim-ortakligi-a-s,İSTANBUL,BDO DENET BAĞIMSIZ DENETİM VE DANIŞMANLIK A.Ş.,,,HAYIR
OZATD,ÖZATA DENİZCİLİK SANAYİ VE TİCARET A.Ş.,8acae2c49145e00d019180a20f28221c,6018-ozata-denizcilik-sanayi-ve-ticaret-a-s,YALOVA,VİZYON GRUP BAĞIMSIZ DENETİM.A.Ş.,,,HAYIR
OZGYO,ÖZDERİCİ GAYRİMENKUL YATIRIM ORTAKLIĞI A.Ş.,4028e4a140ee35c70140ee582a75003c,1048-ozderici-gayrimenkul-yatirim-ortakligi-a-s,İSTANBUL,REPORT BAĞIMSIZ DENETİM A.Ş.,,,HAYIR
OZRDN,ÖZERDEN AMBALAJ SANAYİ A.Ş.,1DE05DAA82D2073AE0530A4A622A2EBD,2432-ozerden-ambalaj-sanayi-a-s,İSTANBUL,MİTRA BAĞIMSIZ DENETİM A.Ş.,,,HAYIR
OZSUB,ÖZSU BALIK ÜRETİM A.Ş.,8acae2c465a51c380166776d73784fba,4748-ozsu-balik-uretim-a-s,İZMİR,NEVADOS BAĞIMSIZ DENETİM A.Ş.,,,HAYIR
OZYSR,ÖZYAŞAR TEL VE GALVANİZLEME SANAYİ A.Ş.,8acae2c58b2fa64e018f853cd37d57cf,5961-ozyasar-tel-ve-galvanizleme-sanayi-a-s,İSTANBUL,RAM BAĞIMSIZ DENETİM VE DANIŞMANLIK A.Ş.,,,HAYIR
PAMEL,PAMEL YENİLENEBİLİR ELEKTRİK ÜRETİM A.Ş.,4028e4a246b4c5a90147f8ed32b0722f,2262-pamel-yenilenebilir-elektrik-uretim-a-s,İSTANBUL,DRT BAĞIMSIZ DENETİM VE SERBEST MUHASEBECİ MALİ MÜŞAVİRLİK A.Ş.,,,HAYIR
PNLSN,PANELSAN ÇATI CEPHE SİSTEMLERİ SANAYİ VE TİCARET A.Ş.,8acae2c47d3bee50017db95876e6220e,5487-panelsan-cati-cephe-sistemleri-sanayi-ve-ticaret-a-s,ANKARA,GÜNCEL BAĞIMSIZ DENETİM DANIŞMANLIK A.Ş.,,,HAYIR
PAGYO,PANORA GAYRİMENKUL YATIRIM ORTAKLIĞI A.Ş.,4028e4a240f2ef4c014134d6641f062a,1753-panora-gayrimenkul-yatirim-ortakligi-a-s,ANKARA,EREN BAĞIMSIZ DENETİM A.Ş.,,,HAYIR
PAPIL,PAPİLON SAVUNMA TEKNOLOJİ VE TİCARET A.Ş.,8acae2c46e7fdc6a016e93286c5304b5,4989-papilon-savunma-teknoloji-ve-ticaret-a-s,ANKARA,DENGE ANKARA BAĞIMSIZ DENETİM VE YEMİNLİ MALİ MÜŞAVİRLİK A.Ş.,,,HAYIR
PRFFK,PARAFİNANS FAKTORİNG A.Ş.,8acae2c562329bd101633aecee66085d,4640-parafinans-faktoring-a-s,İSTANBUL,ULUSAL BAĞIMSIZ DENETİM VE YEMİNLİ MALİ MÜŞAVİRLİK A.Ş.,,,EVET
PRDGS,PARDUS GİRİŞİM SERMAYESİ YATIRIM ORTAKLIĞI A.Ş.,8acae2c57afb2d71017bceb97170639d,5417-pardus-girisim-sermayesi-yatirim-ortakligi-a-s,İSTANBUL,PKF ADAY BAĞIMSIZ DENETİM A.Ş.,,,HAYIR
PRKME,PARK ELEKTRİK ÜRETİM MADENCİLİK SANAYİ VE TİCARET A.Ş.,4028e4a141da49ea0141e45622e54843,1049-park-elektrik-uretim-madencilik-sanayi-ve-ticaret-a-s,İSTANBUL,DRT BAĞIMSIZ DENETİM VE SERBEST MUHASEBECİ MALİ MÜŞAVİRLİK A.Ş.,,,HAYIR
PARSN,PARSAN MAKİNA PARÇALARI SANAYİİ A.Ş.,4028e4a140ee84900140f1ecef250011,1050-parsan-makina-parcalari-sanayii-a-s,İSTANBUL,PwC BAĞIMSIZ DENETİM VE SERBEST MUHASEBECİ MALİ MÜŞAVİRLİK A.Ş,,,HAYIR
PBT,PASHA YATIRIM BANKASI A.Ş.,4028e4a14184e9c9014192aa6c1c1e03,2025-pasha-yatirim-bankasi-a-s,İSTANBUL,KPMG BAĞIMSIZ DENETİM VE SERBEST MUHASEBECİ MALİ MÜŞAVİRLİK A.Ş.,,,EVET
PBTR,PASHA YATIRIM BANKASI A.Ş.,4028e4a14184e9c9014192aa6c1c1e03,2025-pasha-yatirim-bankasi-a-s,İSTANBUL,KPMG BAĞIMSIZ DENETİM VE SERBEST MUHASEBECİ MALİ MÜŞAVİRLİK A.Ş.,,,EVET
PASEU,PASİFİK EURASİA LOJİSTİK DIŞ TİCARET A.Ş.,8acae2c586d22c5101887ae575873835,5826-pasifik-eurasia-lojistik-dis-ticaret-a-s,ANKARA,DENEYİM BAĞIMSIZ DENETİM VE DANIŞMANLIK A.Ş.,,,HAYIR
PSGYO,PASİFİK GAYRİMENKUL YATIRIM ORTAKLIĞI A.Ş.,8acae2c4794d364a017a51e9e5d256c9,5371-pasifik-gayrimenkul-yatirim-ortakligi-a-s,ANKARA,DENEYİM BAĞIMSIZ DENETİM VE DANIŞMANLIK A.Ş.,,,HAYIR
PAHOL,PASİFİK HOLDİNG A.Ş.,8acae2c4998f24d8019a5ffde32b0e5a,6161-pasifik-holding-a-s,ANKARA,DENEYİM BAĞIMSIZ DENETİM VE DANIŞMANLIK A.Ş.,,,HAYIR
PATEK,PASİFİK TEKNOLOJİ A.Ş.,8acae2c58b2fa64e018d63b9afbd4e6c,5928-pasifik-teknoloji-a-s,İSTANBUL,DENEYİM BAĞIMSIZ DENETİM VE DANIŞMANLIK A.Ş.,,,HAYIR
PCILT,PC İLETİŞİM VE MEDYA HİZMETLERİ SANAYİ TİCARET A.Ş.,8acae2c5782a4e6d017844c378070abd,5299-pc-iletisim-ve-medya-hizmetleri-sanayi-ticaret-a-s,İSTANBUL,VİZYON GRUP BAĞIMSIZ DENETİM.A.Ş.,,,HAYIR
PGSUS,PEGASUS HAVA TAŞIMACILIĞI A.Ş.,4028e4a2422d9a78014232e751bc22a4,1710-pegasus-hava-tasimaciligi-a-s,İSTANBUL,DRT BAĞIMSIZ DENETİM VE SERBEST MUHASEBECİ MALİ MÜŞAVİRLİK A.Ş.,,,HAYIR
PEKGY,PEKER GAYRİMENKUL YATIRIM ORTAKLIĞI A.Ş.,8acae2c55fc6011001617acbeb1b48da,4584-peker-gayrimenkul-yatirim-ortakligi-a-s,İSTANBUL,GÜRELİ YEMİNLİ MALİ MÜŞAVİRLİK VE BAĞIMSIZ DENETİM HİZMETLERİ A.Ş.,,,HAYIR
PENGD,PENGUEN GIDA SANAYİ A.Ş.,4028e4a246b4c5a9014836bd56174fe9,1052-penguen-gida-sanayi-a-s,BURSA,EREN BAĞIMSIZ DENETİM A.Ş.,,,HAYIR
PENTA,PENTA TEKNOLOJİ ÜRÜNLERİ DAĞITIM TİCARET A.Ş.,4028e4a14184e9c9014198033c094251,3909-penta-teknoloji-urunleri-dagitim-ticaret-a-s,İSTANBUL,DRT BAĞIMSIZ DENETİM VE SERBEST MUHASEBECİ MALİ MÜŞAVİRLİK A.Ş.,,,HAYIR
PSDTC,PERGAMON STATUS DIŞ TİCARET A.Ş.,1DE05DAA8399073AE0530A4A622A2EBD,2371-pergamon-status-dis-ticaret-a-s,İZMİR,REANDA AREN BAĞIMSIZ DENETİM VE SMMM A.Ş.,,,HAYIR
PETKM,PETKİM PETROKİMYA HOLDİNG A.Ş.,4028e4a240f2ef470141165c566a03e4,1053-petkim-petrokimya-holding-a-s,İZMİR,GÜNEY BAĞIMSIZ DENETİM VE SERBEST MUHASEBECİ MALİ MÜŞAVİRLİK A.Ş.,,,HAYIR
PKENT,PETROKENT TURİZM A.Ş.,4028e4a140f2ed72014106c1df9a021f,1054-petrokent-turizm-a-s,ANKARA,C&Ç BAĞIMSIZ DENETİM VE YÖNETİM DANIŞMANLIĞI A.Ş.,,,HAYIR
PETUN,PINAR ENTEGRE ET VE UN SANAYİİ A.Ş.,4028e4a240ee866c0140f1f7b3990027,1057-pinar-entegre-et-ve-un-sanayii-a-s,İZMİR,KPMG BAĞIMSIZ DENETİM VE SERBEST MUHASEBECİ MALİ MÜŞAVİRLİK A.Ş.,,,HAYIR
PINSU,PINAR SU VE İÇECEK SANAYİ VE TİCARET A.Ş.,4028e4a240ee866c0140f1f8c01a003e,1058-pinar-su-ve-icecek-sanayi-ve-ticaret-a-s,İZMİR,KPMG BAĞIMSIZ DENETİM VE SERBEST MUHASEBECİ MALİ MÜŞAVİRLİK A.Ş.,,,HAYIR
PNSUT,PINAR SÜT MAMÜLLERİ SANAYİİ A.Ş.,4028e4a240ee866c0140f1f97e530042,1059-pinar-sut-mamulleri-sanayii-a-s,İZMİR,KPMG BAĞIMSIZ DENETİM VE SERBEST MUHASEBECİ MALİ MÜŞAVİRLİK A.Ş.,,,HAYIR
PKART,PLASTİKKART AKILLI KART İLETİŞİM SİSTEMLERİ SANAYİ VE TİCARET A.Ş.,4028e4a24184e9e501419d8dd26e7538,1402-plastikkart-akilli-kart-iletisim-sistemleri-sanayi-ve-ticaret-a-s,İSTANBUL,BDO DENET BAĞIMSIZ DENETİM VE DANIŞMANLIK A.Ş.,,,HAYIR
PLTUR,PLATFORM TURİZM TAŞIMACILIK GIDA İNŞAAT TEMİZLİK HİZMETLERİ SANAYİ VE TİCARET A.Ş.,4028e4a2422d9a7801427038d3fc1e11,3208-platform-turizm-tasimacilik-gida-insaat-temizlik-hizmetleri-sanayi-ve-ticaret-a-s,İSTANBUL,AKSİS ULUSLARARASI BAĞIMSIZ DENETİM A.Ş.,,,HAYIR
POLHO,POLİSAN HOLDİNG A.Ş.,4028e4a241733d4a01417414a27127d7,1608-polisan-holding-a-s,KOCAELİ,KPMG BAĞIMSIZ DENETİM VE SERBEST MUHASEBECİ MALİ MÜŞAVİRLİK A.Ş.,,,HAYIR
POLTK,POLİTEKNİK METAL SANAYİ VE TİCARET A.Ş.,4028e4a246b4c5a90147fcd473d37f85,2219-politeknik-metal-sanayi-ve-ticaret-a-s,İSTANBUL,RAM BAĞIMSIZ DENETİM VE DANIŞMANLIK A.Ş.,,,HAYIR
PRZMA,PRİZMA PRES MATBAACILIK YAYINCILIK SANAYİ VE TİCARET A.Ş.,4028e4a2415f4f8401415ff644c5341c,1599-prizma-pres-matbaacilik-yayincilik-sanayi-ve-ticaret-a-s,İSTANBUL,GRC BAĞIMSIZ DENETİM A.Ş.,,,HAYIR
QYATB,Q YATIRIM BANKASI A.Ş.,8acae2c58b2fa64e019103ccd8093825,6002-q-yatirim-bankasi-a-s,İZMİR,GÜRELİ YEMİNLİ MALİ MÜŞAVİRLİK VE BAĞIMSIZ DENETİM HİZMETLERİ A.Ş.,,,EVET
YBQ,Q YATIRIM BANKASI A.Ş.,8acae2c58b2fa64e019103ccd8093825,6002-q-yatirim-bankasi-a-s,İZMİR,GÜRELİ YEMİNLİ MALİ MÜŞAVİRLİK VE BAĞIMSIZ DENETİM HİZMETLERİ A.Ş.,,,EVET
QYHOL,Q YATIRIM HOLDİNG A.Ş.,8acae2c582b7eb070182f3043ec810b9,5667-q-yatirim-holding-a-s,AYDIN,NEVADOS BAĞIMSIZ DENETİM A.Ş.,,,HAYIR
FIN,QNB BANK A.Ş.,4028e4a240e95dc90140ee076f400178,2417-qnb-bank-a-s,İSTANBUL,GÜNEY BAĞIMSIZ DENETİM VE SERBEST MUHASEBECİ MALİ MÜŞAVİRLİK A.Ş.,,,EVET
QNBTR,QNB BANK A.Ş.,4028e4a240e95dc90140ee076f400178,2417-qnb-bank-a-s,İSTANBUL,GÜNEY BAĞIMSIZ DENETİM VE SERBEST MUHASEBECİ MALİ MÜŞAVİRLİK A.Ş.,,,EVET
QNBFF,QNB FAKTORİNG A.Ş.,4028e4a140e95be70140edf441e100cc,2218-qnb-faktoring-a-s,İSTANBUL,GÜNEY BAĞIMSIZ DENETİM VE SERBEST MUHASEBECİ MALİ MÜŞAVİRLİK A.Ş.,,,EVET
QNBFK,QNB FİNANSAL KİRALAMA A.Ş.,4028e4a140f2ed7201410821418e027d,953-qnb-finansal-kiralama-a-s,İSTANBUL,GÜNEY BAĞIMSIZ DENETİM VE SERBEST MUHASEBECİ MALİ MÜŞAVİRLİK A.Ş.,,,EVET
QNBVK,QNB VARLIK KİRALAMA A.Ş.,8acae2c468aeffb70169914527d01563,4843-qnb-varlik-kiralama-a-s,İSTANBUL,GÜNEY BAĞIMSIZ DENETİM VE SERBEST MUHASEBECİ MALİ MÜŞAVİRLİK A.Ş.,,,
QUAGR,QUA GRANITE HAYAL YAPI VE ÜRÜNLERİ SANAYİ TİCARET A.Ş.,8acae2c469cee2a4016b1c1dc11f2b03,4887-qua-granite-hayal-yapi-ve-urunleri-sanayi-ticaret-a-s,AYDIN,NEVADOS BAĞIMSIZ DENETİM A.Ş.,,,HAYIR
QUFIN,QUICK FİNANSMAN A.Ş.,8acae2c480e910340181144dafd90e8d,5613-quick-finansman-a-s,İSTANBUL,GÜRELİ YEMİNLİ MALİ MÜŞAVİRLİK VE BAĞIMSIZ DENETİM HİZMETLERİ A.Ş.,,,HAYIR
QUICK,QUİCK SİGORTA A.Ş.,8acae2c59f52dae5019f931868361e7e,6264-quick-sigorta-a-s,İSTANBUL,,,,EVET
RNPOL,RAİNBOW POLİKARBONAT SANAYİ TİCARET A.Ş.,8acae2c47afb298b017bcfa8c4e96550,5418-rainbow-polikarbonat-sanayi-ticaret-a-s,KAYSERİ,NOTE OFFİCE ULUSLARARASI BAĞIMSIZ DENETİM DANIŞMANLIK A.Ş.,,,HAYIR
RALYH,RAL YATIRIM HOLDİNG A.Ş.,4028e4a240f2ef4c0141029be169015f,883-ral-yatirim-holding-a-s,ANKARA,ANY PARTNERS BAĞIMSIZ DENETİM A.Ş.,,,HAYIR
RAYSG,RAY SİGORTA A.Ş.,4028e4a241733d4201417ddf67f8288c,1063-ray-sigorta-a-s,İSTANBUL,KPMG BAĞIMSIZ DENETİM VE SERBEST MUHASEBECİ MALİ MÜŞAVİRLİK A.Ş.,,,EVET
REEDR,REEDER TEKNOLOJİ SANAYİ VE TİCARET A.Ş.,8acae2c586d22c53018a73739d9104a8,5866-reeder-teknoloji-sanayi-ve-ticaret-a-s,SAMSUN,TESLA BAĞIMSIZ DENETİM A.Ş.,,,HAYIR
RYGYO,REYSAŞ GAYRİMENKUL YATIRIM ORTAKLIĞI A.Ş.,4028e4a140ee847b0140f20278c00023,1514-reysas-gayrimenkul-yatirim-ortakligi-a-s,İSTANBUL,RSM TURKEY ULUSLARARASI BAĞIMSIZ DENETİM A.Ş.,,,HAYIR
RYSAS,REYSAŞ TAŞIMACILIK VE LOJİSTİK TİCARET A.Ş.,4028e4a140ee847b0140f203980d0030,1415-reysas-tasimacilik-ve-lojistik-ticaret-a-s,İSTANBUL,RSM TURKEY ULUSLARARASI BAĞIMSIZ DENETİM A.Ş.,,,HAYIR
RODRG,RODRİGO TEKSTİL SANAYİ VE TİCARET A.Ş.,4028e4a241e538ab0141ef77414543c5,1998-rodrigo-tekstil-sanayi-ve-ticaret-a-s,İSTANBUL,VENTERA BAĞIMSIZ DENETİM A.Ş.,,,HAYIR
RGYAS,RÖNESANS GAYRİMENKUL YATIRIM A.Ş.,4028e4a241b612d80141d9a52e2a2727,1548-ronesans-gayrimenkul-yatirim-a-s,ANKARA,DRT BAĞIMSIZ DENETİM VE SERBEST MUHASEBECİ MALİ MÜŞAVİRLİK A.Ş.,,,HAYIR
RTALB,RTA LABORATUVARLARI BİYOLOJİK ÜRÜNLER İLAÇ VE MAKİNE SANAYİ TİCARET A.Ş.,4028e4a2486ec9ba0148c19eb7eb1933,2258-rta-laboratuvarlari-biyolojik-urunler-ilac-ve-makine-sanayi-ticaret-a-s,KOCAELİ,PKF ADAY BAĞIMSIZ DENETİM A.Ş.,,,HAYIR
RUBNS,RUBENİS TEKSTİL SANAYİ TİCARET A.Ş.,8acae2c47d3bee50017d8f777c171313,5478-rubenis-tekstil-sanayi-ticaret-a-s,İSTANBUL,ULUSLARARASI BAĞIMSIZ DENETİM A.Ş.,,,HAYIR
RUZYE,RUZY MADENCİLİK VE ENERJİ YATIRIMLARI SANAYİ VE TİCARET A.Ş.,4028e4a14158e41f01415a8ea74c4fbe,853-ruzy-madencilik-ve-enerji-yatirimlari-sanayi-ve-ticaret-a-s,İZMİR,PwC BAĞIMSIZ DENETİM VE SERBEST MUHASEBECİ MALİ MÜŞAVİRLİK A.Ş,,,HAYIR
SSAAT,SAAT VE SAAT SANAYİ VE TİCARET A.Ş.,8acae2c4508ff7260151d47a54641b19,4184-saat-ve-saat-sanayi-ve-ticaret-a-s,İSTANBUL,YEDİTEPE BAĞIMSIZ DENETİM VE YEMİNLİ MALİ MÜŞAVİRLİK A.Ş.,,,HAYIR
SAFKR,SAFKAR EGE SOĞUTMACILIK KLİMA SOĞUK HAVA TESİSLERİ İHRACAT İTHALAT SANAYİ VE TİCARET A.Ş.,8acae2c55fc6011101602fcafb57255a,4550-safkar-ege-sogutmacilik-klima-soguk-hava-tesisleri-ihracat-ithalat-sanayi-ve-ticaret-a-s,İZMİR,HSY DANIŞMANLIK VE BAĞIMSIZ DENETİM A.Ş.,,,HAYIR
SANEL,SAN-EL MÜHENDİSLİK ELEKTRİK TAAHHÜT SANAYİ VE TİCARET A.Ş.,4028e4a143371eea0143532e82ac510b,2068-san-el-muhendislik-elektrik-taahhut-sanayi-ve-ticaret-a-s,İSTANBUL,ULUSLARARASI BAĞIMSIZ DENETİM A.Ş.,,,HAYIR
SNICA,SANİCA ISI SANAYİ A.Ş.,8acae2c5830502c20183cb8491655a67,5691-sanica-isi-sanayi-a-s,İSTANBUL,BİLGİN GLOBAL BAĞIMSIZ DENETİM A.Ş.,,,HAYIR
SANFM,SANİFOAM ENDÜSTRİ VE TÜKETİM ÜRÜNLERİ SANAYİ TİCARET A.Ş.,4028e4a141733b560141741ee61b25bd,1578-sanifoam-endustri-ve-tuketim-urunleri-sanayi-ticaret-a-s,TEKİRDAĞ,İRFAN BAĞIMSIZ DENETİM VE YEMİNLİ MALİ MÜŞAVİRLİK A.Ş.,,,HAYIR
SANKO,SANKO PAZARLAMA İTHALAT İHRACAT A.Ş.,4028e4a242140a92014223b5b91333e8,1066-sanko-pazarlama-ithalat-ihracat-a-s,GAZİANTEP,DRT BAĞIMSIZ DENETİM VE SERBEST MUHASEBECİ MALİ MÜŞAVİRLİK A.Ş.,,,HAYIR
SAMAT,SARAY MATBAACILIK KAĞITÇILIK KIRTASİYECİLİK TİCARET VE SANAYİ A.Ş.,4028e4a1415f4d9b01415fde1bcc2fce,1552-saray-matbaacilik-kagitcilik-kirtasiyecilik-ticaret-ve-sanayi-a-s,ANKARA,ULUSLARARASI BAĞIMSIZ DENETİM A.Ş.,,,HAYIR
SARKY,SARKUYSAN ELEKTROLİTİK BAKIR SANAYİ VE TİCARET A.Ş.,4028e4a140f2ed7101410294f924012d,1067-sarkuysan-elektrolitik-bakir-sanayi-ve-ticaret-a-s,KOCAELİ,MGI BAĞIMSIZ DENETİM A.Ş.,,,HAYIR
SARTN,SARTEN AMBALAJ SANAYİ VE TİCARET A.Ş.,4028e4a1413b7ef5014144f0375b00cf,1688-sarten-ambalaj-sanayi-ve-ticaret-a-s,,PwC BAĞIMSIZ DENETİM VE SERBEST MUHASEBECİ MALİ MÜŞAVİRLİK A.Ş,,,HAYIR
SASA,SASA POLYESTER SANAYİ A.Ş.,4028e4a240ee866c0140f20abd9500cc,1068-sasa-polyester-sanayi-a-s,ADANA,GÜNEY BAĞIMSIZ DENETİM VE SERBEST MUHASEBECİ MALİ MÜŞAVİRLİK A.Ş.,,,HAYIR
SVGYO,SAVUR GAYRİMENKUL YATIRIM ORTAKLIĞI A.Ş.,8acae2c59b85fa03019c74a8cf6a4f62,6198-savur-gayrimenkul-yatirim-ortakligi-a-s,İSTANBUL,ARSEN BAĞIMSIZ DENETİM HİZMETLERİ A.Ş.,,,HAYIR
SAYAS,SAY YENİLENEBİLİR ENERJİ EKİPMANLARI SANAYİ VE TİCARET A.Ş.,4028e4a1415f4d9901416000c2de30f0,1983-say-yenilenebilir-enerji-ekipmanlari-sanayi-ve-ticaret-a-s,İZMİR,NEVADOS BAĞIMSIZ DENETİM A.Ş.,,,HAYIR
SDTTR,SDT UZAY VE SAVUNMA TEKNOLOJİLERİ A.Ş.,8acae2c48304fe9e0183ac70038e4941,5686-sdt-uzay-ve-savunma-teknolojileri-a-s,ANKARA,RAM BAĞIMSIZ DENETİM VE DANIŞMANLIK A.Ş.,,,HAYIR
SEGMN,SEĞMEN KARDEŞLER GIDA ÜRETİM VE AMBALAJ SANAYİ A.Ş.,8acae2c48c3efabf019017378c962a6d,5976-segmen-kardesler-gida-uretim-ve-ambalaj-sanayi-a-s,ANKARA,GÜNCEL BAĞIMSIZ DENETİM DANIŞMANLIK A.Ş.,,,HAYIR
SEKUR,SEKURO PLASTİK AMBALAJ SANAYİ A.Ş.,1DE05DAA83C4073AE0530A4A622A2EBD,2050-sekuro-plastik-ambalaj-sanayi-a-s,İSTANBUL,A1 BAĞIMSIZ DENETİM A.Ş.,,,HAYIR
SELEC,SELÇUK ECZA DEPOSU TİCARET VE SANAYİ A.Ş.,4028e4a2416e697d01416ec00e101dce,1420-selcuk-ecza-deposu-ticaret-ve-sanayi-a-s,İSTANBUL,YEDİTEPE BAĞIMSIZ DENETİM VE YEMİNLİ MALİ MÜŞAVİRLİK A.Ş.,,,HAYIR
SELVA,SELVA GIDA SANAYİ A.Ş.,8acae2c5794d3d6a0179fb3f31d744cd,5362-selva-gida-sanayi-a-s,KONYA,TTK BAĞIMSIZ DENETİM VE YEMİNLİ MALİ MÜŞAVİRLİK A.Ş.,,,HAYIR
SERNT,SERANİT GRANİT SERAMİK SANAYİ VE TİCARET A.Ş.,8acae2c49145e00b019497929176199a,6058-seranit-granit-seramik-sanayi-ve-ticaret-a-s,İSTANBUL,ARSEN BAĞIMSIZ DENETİM HİZMETLERİ A.Ş.,,,HAYIR
SRVGY,SERVET GAYRİMENKUL YATIRIM ORTAKLIĞI A.Ş.,4028e4a1416e696501416f80a3377c4b,1705-servet-gayrimenkul-yatirim-ortakligi-a-s,İSTANBUL,ARSEN BAĞIMSIZ DENETİM HİZMETLERİ A.Ş.,,,HAYIR
SEYKM,SEYİTLER KİMYA SANAYİ A.Ş.,402821824da3aa97014f16c428d14bcf,2500-seyitler-kimya-sanayi-a-s,MANİSA,ARTI DEĞER ULUSLARARASI BAĞIMSIZ DENETİM VE YMM A.Ş.,,,HAYIR
SILVR,SİLVERLİNE ENDÜSTRİ VE TİCARET A.Ş.,4028e4a243dd5e8f01440734fd5613db,1436-silverline-endustri-ve-ticaret-a-s,AMASYA,RSM TURKEY ULUSLARARASI BAĞIMSIZ DENETİM A.Ş.,,,HAYIR
SNGYO,SİNPAŞ GAYRİMENKUL YATIRIM ORTAKLIĞI A.Ş.,4028e4a14184e9cf01419c0168dd5a87,1459-sinpas-gayrimenkul-yatirim-ortakligi-a-s,İSTANBUL,ARSEN BAĞIMSIZ DENETİM HİZMETLERİ A.Ş.,,,HAYIR
SKYLP,SKYALP FİNANSAL TEKNOLOJİLER VE DANIŞMANLIK A.Ş.,4028e4a1415f4d9b01415ff295793adc,1602-skyalp-finansal-teknolojiler-ve-danismanlik-a-s,İSTANBUL,ARTI DEĞER ULUSLARARASI BAĞIMSIZ DENETİM VE YMM A.Ş.,,,HAYIR
SMRTG,SMART GÜNEŞ ENERJİSİ TEKNOLOJİLERİ ARAŞTIRMA GELİŞTİRME ÜRETİM SANAYİ VE TİCARET A.Ş.,8acae2c47d3bee4e017f49ce882e7b01,5557-smart-gunes-enerjisi-teknolojileri-arastirma-gelistirme-uretim-sanayi-ve-ticaret-a-s,İSTANBUL,EREN BAĞIMSIZ DENETİM A.Ş.,,,HAYIR
SMART,SMARTİKS YAZILIM A.Ş.,8acae2c569cee403016a6d8db5035804,4872-smartiks-yazilim-a-s,İSTANBUL,REHBER BAĞIMSIZ DENETİM VE YEMİNLİ MALİ MÜŞAVİRLİK A.Ş.,,,HAYIR
SODSN,SODAŞ SODYUM SANAYİİ A.Ş.,4028e4a140f2ed7201412ad04fdc071d,1583-sodas-sodyum-sanayii-a-s,İZMİR,RSM TURKEY ULUSLARARASI BAĞIMSIZ DENETİM A.Ş.,,,HAYIR
SOHOE,SOHO GİYİM VE ENERJİ A.Ş.,8acae2c49ee1b0ec019efd886aee0cc5,6233-soho-giyim-ve-enerji-a-s,İSTANBUL,ANALİZ BAĞIMSIZ DENETİM VE DANIŞMANLIK A.Ş.,,,HAYIR
SOKE,SÖKE DEĞİRMENCİLİK SANAYİ VE TİCARET A.Ş.,8acae2c552495f640152d616d67a0b95,4099-soke-degirmencilik-sanayi-ve-ticaret-a-s,AYDIN,GÜÇBİR BAĞIMSIZ DENETİM A.Ş.,,,HAYIR
SKTAS,SÖKTAŞ TEKSTİL SANAYİ VE TİCARET A.Ş.,4028e4a140f275530140f27bc043017d,1073-soktas-tekstil-sanayi-ve-ticaret-a-s,AYDIN,ANY PARTNERS BAĞIMSIZ DENETİM A.Ş.,,,HAYIR
SONME,SÖNMEZ FİLAMENT SENTETİK İPLİK VE ELYAF SANAYİ A.Ş.,4028e4a240f2ef4c01412ad6196104d2,1074-sonmez-filament-sentetik-iplik-ve-elyaf-sanayi-a-s,BURSA,GÜRELİ YEMİNLİ MALİ MÜŞAVİRLİK VE BAĞIMSIZ DENETİM HİZMETLERİ A.Ş.,,,HAYIR
SNPAM,SÖNMEZ PAMUKLU SANAYİİ A.Ş.,4028e4a240f2ef4c01412ad919a504dd,1075-sonmez-pamuklu-sanayii-a-s,BURSA,GÜRELİ YEMİNLİ MALİ MÜŞAVİRLİK VE BAĞIMSIZ DENETİM HİZMETLERİ A.Ş.,,,HAYIR
SUMAS,SUMAŞ SUNİ TAHTA VE MOBİLYA SANAYİİ A.Ş.,4028e4a141e536460141ea4aa4271f3b,2801-sumas-suni-tahta-ve-mobilya-sanayii-a-s,BALIKESİR,İBD İSTANBUL BAĞIMSIZ DENETİM VE SMMM A.Ş.,,,HAYIR
SUNTK,SUN TEKSTİL SANAYİ VE TİCARET A.Ş.,8acae2c47f7cb4920180234f4d1064b4,5587-sun-tekstil-sanayi-ve-ticaret-a-s,İZMİR,SUN BAĞIMSIZ DENETİM VE YEMİNLİ MALİ MÜŞAVİRLİK A.Ş.,,,HAYIR
SURGY,SUR TATİL EVLERİ GAYRİMENKUL YATIRIM ORTAKLIĞI A.Ş.,8acae2c48b2fa25a018c33a0808a03b0,5910-sur-tatil-evleri-gayrimenkul-yatirim-ortakligi-a-s,İSTANBUL,EREN BAĞIMSIZ DENETİM A.Ş.,,,HAYIR
SUWEN,SUWEN TEKSTİL SANAYİ PAZARLAMA A.Ş.,8acae2c47902e75601792308abd41e4a,5332-suwen-tekstil-sanayi-pazarlama-a-s,İSTANBUL,GÜRELİ YEMİNLİ MALİ MÜŞAVİRLİK VE BAĞIMSIZ DENETİM HİZMETLERİ A.Ş.,,,HAYIR
SMRFA,SÜMER FAKTORİNG A.Ş.,4028e4a144a0804f01459354f547295d,2411-sumer-faktoring-a-s,İSTANBUL,HSY DANIŞMANLIK VE BAĞIMSIZ DENETİM A.Ş.,,,EVET
SMRVA,SÜMER VARLIK YÖNETİM A.Ş.,402821814da3a99c014eb57bdd604a6f,3660-sumer-varlik-yonetim-a-s,İSTANBUL,HSY DANIŞMANLIK VE BAĞIMSIZ DENETİM A.Ş.,,,EVET
SARAE,ŞA-RA ENERJİ İNŞAAT TİCARET VE SANAYİ A.Ş.,8acae2c59ee1b2d8019f2860baca2f2e,6246-sa-ra-enerji-insaat-ticaret-ve-sanayi-a-s,ANKARA,A1 BAĞIMSIZ DENETİM A.Ş.,,,HAYIR
SEKFK,ŞEKER FİNANSAL KİRALAMA A.Ş.,4028e4a141e536460141e92af0291568,1392-seker-finansal-kiralama-a-s,İSTANBUL,DRT BAĞIMSIZ DENETİM VE SERBEST MUHASEBECİ MALİ MÜŞAVİRLİK A.Ş.,,,EVET
SEGYO,ŞEKER GAYRİMENKUL YATIRIM ORTAKLIĞI A.Ş.,8acae2c56faf888c01718864329b7097,5071-seker-gayrimenkul-yatirim-ortakligi-a-s,İSTANBUL,DRT BAĞIMSIZ DENETİM VE SERBEST MUHASEBECİ MALİ MÜŞAVİRLİK A.Ş.,,,HAYIR
SKY,ŞEKER YATIRIM MENKUL DEĞERLER A.Ş.,4028e4a241a25fcb0141a7c4a064241c,1351-seker-yatirim-menkul-degerler-a-s,İSTANBUL,DRT BAĞIMSIZ DENETİM VE SERBEST MUHASEBECİ MALİ MÜŞAVİRLİK A.Ş.,,,EVET
SKYMD,ŞEKER YATIRIM MENKUL DEĞERLER A.Ş.,4028e4a241a25fcb0141a7c4a064241c,1351-seker-yatirim-menkul-degerler-a-s,İSTANBUL,DRT BAĞIMSIZ DENETİM VE SERBEST MUHASEBECİ MALİ MÜŞAVİRLİK A.Ş.,,,EVET
SEK,ŞEKERBANK T.A.Ş.,4028e4a240f2ef4c01412adc8fba04ee,2418-sekerbank-t-a-s,,DRT BAĞIMSIZ DENETİM VE SERBEST MUHASEBECİ MALİ MÜŞAVİRLİK A.Ş.,,,EVET
SKBNK,ŞEKERBANK T.A.Ş.,4028e4a240f2ef4c01412adc8fba04ee,2418-sekerbank-t-a-s,,DRT BAĞIMSIZ DENETİM VE SERBEST MUHASEBECİ MALİ MÜŞAVİRLİK A.Ş.,,,EVET
SOKM,ŞOK MARKETLER TİCARET A.Ş.,4028e4a14184e9c9014198095f4442bf,3913-sok-marketler-ticaret-a-s,İSTANBUL,PwC BAĞIMSIZ DENETİM VE SERBEST MUHASEBECİ MALİ MÜŞAVİRLİK A.Ş,,,HAYIR
TABGD,TAB GIDA SANAYİ VE TİCARET A.Ş.,4028e4a141e536460141e5aa84740938,4065-tab-gida-sanayi-ve-ticaret-a-s,İSTANBUL,GÜNEY BAĞIMSIZ DENETİM VE SERBEST MUHASEBECİ MALİ MÜŞAVİRLİK A.Ş.,,,HAYIR
TAC,TACİRLER YATIRIM MENKUL DEĞERLER A.Ş.,4028e4a14184e9cf01419c00c2a65a7e,2522-tacirler-yatirim-menkul-degerler-a-s,İSTANBUL,PwC BAĞIMSIZ DENETİM VE SERBEST MUHASEBECİ MALİ MÜŞAVİRLİK A.Ş,,,EVET
TCRYT,TACİRLER YATIRIM MENKUL DEĞERLER A.Ş.,4028e4a14184e9cf01419c00c2a65a7e,2522-tacirler-yatirim-menkul-degerler-a-s,İSTANBUL,PwC BAĞIMSIZ DENETİM VE SERBEST MUHASEBECİ MALİ MÜŞAVİRLİK A.Ş,,,EVET
TAMFA,TAM FİNANS FAKTORİNG A.Ş.,4028e4a241da4bed0141dfd84e062851,2188-tam-finans-faktoring-a-s,İSTANBUL,KPMG BAĞIMSIZ DENETİM VE SERBEST MUHASEBECİ MALİ MÜŞAVİRLİK A.Ş.,,,EVET
TNZTP,TAPDİ OKSİJEN ÖZEL SAĞLIK VE EĞİTİM HİZMETLERİ SANAYİ TİCARET A.Ş.,8acae2c575a1b5b601773e8cc29d0b24,5261-tapdi-oksijen-ozel-saglik-ve-egitim-hizmetleri-sanayi-ticaret-a-s,İZMİR,NEVADOS BAĞIMSIZ DENETİM A.Ş.,,,HAYIR
TARFN,TARFİN TARIM A.Ş.,8acae2c59145e00e0192764b21c25052,6030-tarfin-tarim-a-s,İSTANBUL,EREN BAĞIMSIZ DENETİM A.Ş.,,,HAYIR
TARKM,TARKİM BİTKİ KORUMA SANAYİ VE TİCARET A.Ş.,8acae2c56eccfc0c016fae44264f6323,5023-tarkim-bitki-koruma-sanayi-ve-ticaret-a-s,MANİSA,DENEYİM BAĞIMSIZ DENETİM VE DANIŞMANLIK A.Ş.,,,HAYIR
TATGD,TAT GIDA SANAYİ A.Ş.,4028e4a140f2ed720140f31089aa010a,1091-tat-gida-sanayi-a-s,İSTANBUL,KPMG BAĞIMSIZ DENETİM VE SERBEST MUHASEBECİ MALİ MÜŞAVİRLİK A.Ş.,,,HAYIR
TATEN,TATLIPINAR ENERJİ ÜRETİM A.Ş.,8acae2c586d22c510189bf5827490281,5850-tatlipinar-enerji-uretim-a-s,İSTANBUL,REFORM BAĞIMSIZ DENETİM A.Ş.,,,HAYIR
TAVHL,TAV HAVALİMANLARI HOLDİNG A.Ş.,4028e4a140f2ed720140f31195ef010e,1452-tav-havalimanlari-holding-a-s,İSTANBUL,DRT BAĞIMSIZ DENETİM VE SERBEST MUHASEBECİ MALİ MÜŞAVİRLİK A.Ş.,,,HAYIR
DRPHN,T.C. HAZİNE VE MALİYE BAKANLIĞI DARPHANE VE DAMGA MATBAASI GENEL MÜDÜRLÜĞÜ,8acae2c482b7ea0b0182d608977f0ba7,5665-t-c-hazine-ve-maliye-bakanligi-darphane-ve-damga-matbaasi-genel-mudurlugu,İSTANBUL,,,,HAYIR
TEBFA,TEB FAKTORİNG A.Ş.,4028e4a241462fd801414f9ef4b3377b,3025-teb-faktoring-a-s,İSTANBUL,GÜNEY BAĞIMSIZ DENETİM VE SERBEST MUHASEBECİ MALİ MÜŞAVİRLİK A.Ş.,,,EVET
TEKTU,TEK-ART İNŞAAT TİCARET TURİZM SANAYİ VE YATIRIMLAR A.Ş.,4028e4a1416e696301416effc1a04330,1092-tek-art-insaat-ticaret-turizm-sanayi-ve-yatirimlar-a-s,İSTANBUL,MGI BAĞIMSIZ DENETİM A.Ş.,,,HAYIR
TKFEN,TEKFEN HOLDİNG A.Ş.,4028e4a140f2ed720140f31367840112,1470-tekfen-holding-a-s,İSTANBUL,GÜNEY BAĞIMSIZ DENETİM VE SERBEST MUHASEBECİ MALİ MÜŞAVİRLİK A.Ş.,,,HAYIR
TKNSA,TEKNOSA İÇ VE DIŞ TİCARET A.Ş.,4028e4a240f2ef470140f31ac6aa006f,1607-teknosa-ic-ve-dis-ticaret-a-s,İSTANBUL,DRT BAĞIMSIZ DENETİM VE SERBEST MUHASEBECİ MALİ MÜŞAVİRLİK A.Ş.,,,HAYIR
TMPOL,TEMAPOL POLİMER PLASTİK VE İNŞAAT SANAYİ TİCARET A.Ş.,4028e4a246b4c5ad0148319a4a87518f,2075-temapol-polimer-plastik-ve-insaat-sanayi-ticaret-a-s,KAYSERİ,REHBER BAĞIMSIZ DENETİM VE YEMİNLİ MALİ MÜŞAVİRLİK A.Ş.,,,HAYIR
TRFFA,TERA FİNANS FAKTORİNG A.Ş.,4028e4a14184e9cf014193512aaa2c5e,2463-tera-finans-faktoring-a-s,İSTANBUL,ULUSAL BAĞIMSIZ DENETİM VE YEMİNLİ MALİ MÜŞAVİRLİK A.Ş.,,,EVET
TRHOL,TERA FİNANSAL YATIRIMLAR HOLDİNG A.Ş.,4028e4a140f2ed7101411163985a021e,1089-tera-finansal-yatirimlar-holding-a-s,İSTANBUL,ULUSAL BAĞIMSIZ DENETİM VE YEMİNLİ MALİ MÜŞAVİRLİK A.Ş.,,,HAYIR
TEVKS,TERA VARLIK KİRALAMA A.Ş.,8acae2c49b85f8cf019c2d1ef34e1606,6193-tera-varlik-kiralama-a-s,İSTANBUL,KPMG BAĞIMSIZ DENETİM VE SERBEST MUHASEBECİ MALİ MÜŞAVİRLİK A.Ş.,,,
TAE,TERA YATIRIM BANKASI A.Ş.,8acae2c58b2fa64e018b41c1d7310847,5886-tera-yatirim-bankasi-a-s,İSTANBUL,KPMG BAĞIMSIZ DENETİM VE SERBEST MUHASEBECİ MALİ MÜŞAVİRLİK A.Ş.,,,EVET
TRBNK,TERA YATIRIM BANKASI A.Ş.,8acae2c58b2fa64e018b41c1d7310847,5886-tera-yatirim-bankasi-a-s,İSTANBUL,KPMG BAĞIMSIZ DENETİM VE SERBEST MUHASEBECİ MALİ MÜŞAVİRLİK A.Ş.,,,EVET
TERA,TERA YATIRIM MENKUL DEĞERLER A.Ş.,4028e4a141733b56014178115f7e51e7,2464-tera-yatirim-menkul-degerler-a-s,İSTANBUL,GÜRELİ YEMİNLİ MALİ MÜŞAVİRLİK VE BAĞIMSIZ DENETİM HİZMETLERİ A.Ş.,,,EVET
TRA,TERA YATIRIM MENKUL DEĞERLER A.Ş.,4028e4a141733b56014178115f7e51e7,2464-tera-yatirim-menkul-degerler-a-s,İSTANBUL,GÜRELİ YEMİNLİ MALİ MÜŞAVİRLİK VE BAĞIMSIZ DENETİM HİZMETLERİ A.Ş.,,,EVET
TEHOL,TERA YATIRIM TEKNOLOJİ HOLDİNG A.Ş.,4028e4a240ee866c0140f1f6699e0018,968-tera-yatirim-teknoloji-holding-a-s,İSTANBUL,ULUSAL BAĞIMSIZ DENETİM VE YEMİNLİ MALİ MÜŞAVİRLİK A.Ş.,,,HAYIR
TFNVK,TF VARLIK KİRALAMA A.Ş.,4028e4a240f2ef4c01413b17046806f6,1711-tf-varlik-kiralama-a-s,İSTANBUL,DRT BAĞIMSIZ DENETİM VE SERBEST MUHASEBECİ MALİ MÜŞAVİRLİK A.Ş.,,,
TGSAS,TGS DIŞ TİCARET A.Ş.,4028e4a140f2ed710140f3255bea009c,1613-tgs-dis-ticaret-a-s,İSTANBUL,HSY DANIŞMANLIK VE BAĞIMSIZ DENETİM A.Ş.,,,HAYIR
TIMUR,TİMUR GAYRİMENKUL GELİŞTİRME YAPI VE YATIRIM A.Ş.,1DE05DAA8407073AE0530A4A622A2EBD,2473-timur-gayrimenkul-gelistirme-yapi-ve-yatirim-a-s,İSTANBUL,PKF ADAY BAĞIMSIZ DENETİM A.Ş.,,,HAYIR
TRYKI,TİRYAKİ AGRO GIDA SANAYİ VE TİCARET A.Ş.,1DE05DAA8408073AE0530A4A622A2EBD,2433-tiryaki-agro-gida-sanayi-ve-ticaret-a-s,İSTANBUL,PwC BAĞIMSIZ DENETİM VE SERBEST MUHASEBECİ MALİ MÜŞAVİRLİK A.Ş,,,HAYIR
TOASO,TOFAŞ TÜRK OTOMOBİL FABRİKASI A.Ş.,4028e4a140f2ed710140f328bed700a5,1096-tofas-turk-otomobil-fabrikasi-a-s,İSTANBUL,DRT BAĞIMSIZ DENETİM VE SERBEST MUHASEBECİ MALİ MÜŞAVİRLİK A.Ş.,,,HAYIR
TRGYO,TORUNLAR GAYRİMENKUL YATIRIM ORTAKLIĞI A.Ş.,4028e4a1413b7ef5014144f83882011f,1524-torunlar-gayrimenkul-yatirim-ortakligi-a-s,İSTANBUL,PwC BAĞIMSIZ DENETİM VE SERBEST MUHASEBECİ MALİ MÜŞAVİRLİK A.Ş,,,HAYIR
TRMET,TR ANADOLU METAL MADENCİLİK İŞLETMELERİ A.Ş.,4028e4a2422d9a6e0142bd921d307a6d,1010-tr-anadolu-metal-madencilik-isletmeleri-a-s,ANKARA,PwC BAĞIMSIZ DENETİM VE SERBEST MUHASEBECİ MALİ MÜŞAVİRLİK A.Ş,,,HAYIR
TRENJ,TR DOĞAL ENERJİ KAYNAKLARI ARAŞTIRMA VE ÜRETİM A.Ş.,4028e4a2422d9a6e0142bd9255a37a70,986-tr-dogal-enerji-kaynaklari-arastirma-ve-uretim-a-s,ANKARA,PwC BAĞIMSIZ DENETİM VE SERBEST MUHASEBECİ MALİ MÜŞAVİRLİK A.Ş,,,HAYIR
TLMAN,TRABZON LİMAN İŞLETMECİLİĞİ A.Ş.,8acae2c45fc5ff9d0160e9391f3b05a4,4570-trabzon-liman-isletmeciligi-a-s,TRABZON,TENET BAĞIMSIZ DENETİM A.Ş.,,,HAYIR
TSPOR,TRABZONSPOR SPORTİF YATIRIM VE FUTBOL İŞLETMECİLİĞİ TİCARET A.Ş.,4028e4a141da49e50141e0852f272b80,1400-trabzonspor-sportif-yatirim-ve-futbol-isletmeciligi-ticaret-a-s,TRABZON,ANY PARTNERS BAĞIMSIZ DENETİM A.Ş.,,,HAYIR
TDGYO,TREND GAYRİMENKUL YATIRIM ORTAKLIĞI A.Ş.,8acae2c45fc5ff9d01613299f17a2065,4580-trend-gayrimenkul-yatirim-ortakligi-a-s,İSTANBUL,HSY DANIŞMANLIK VE BAĞIMSIZ DENETİM A.Ş.,,,HAYIR
TRMEN,TRIVE YATIRIM MENKUL DEĞERLER A.Ş.,4028e4a2416f888d01416f9bd89f0453,1296-trive-yatirim-menkul-degerler-a-s,İSTANBUL,,,,EVET
TVM,TRIVE YATIRIM MENKUL DEĞERLER A.Ş.,4028e4a2416f888d01416f9bd89f0453,1296-trive-yatirim-menkul-degerler-a-s,İSTANBUL,,,,EVET
TSGYO,TSKB GAYRİMENKUL YATIRIM ORTAKLIĞI A.Ş.,4028e4a240f2ef470140f37174c600a7,1502-tskb-gayrimenkul-yatirim-ortakligi-a-s,İSTANBUL,PwC BAĞIMSIZ DENETİM VE SERBEST MUHASEBECİ MALİ MÜŞAVİRLİK A.Ş,,,HAYIR
TUCLK,TUĞÇELİK ALÜMİNYUM VE METAL MAMÜLLERİ SANAYİ VE TİCARET A.Ş.,4028e4a146b4c4110147f3bb4e795ce5,2264-tugcelik-aluminyum-ve-metal-mamulleri-sanayi-ve-ticaret-a-s,İSTANBUL,GÜNCEL BAĞIMSIZ DENETİM DANIŞMANLIK A.Ş.,,,HAYIR
TUKAS,TUKAŞ GIDA SANAYİ VE TİCARET A.Ş.,4028e4a240f2ef470140f373b77f00ac,1101-tukas-gida-sanayi-ve-ticaret-a-s,İZMİR,DENEYİM BAĞIMSIZ DENETİM VE DANIŞMANLIK A.Ş.,,,HAYIR
TRCAS,TURCAS HOLDİNG A.Ş.,4028e4a1415f4d9b01416005c65d3d53,1102-turcas-holding-a-s,İSTANBUL,BDO DENET BAĞIMSIZ DENETİM VE DANIŞMANLIK A.Ş.,,,HAYIR
TUREX,TUREKS TURİZM TAŞIMACILIK A.Ş.,402821824bf524dd014d7babc2134829,3986-tureks-turizm-tasimacilik-a-s,İSTANBUL,EREN BAĞIMSIZ DENETİM A.Ş.,,,HAYIR
MARBL,TUREKS TURUNÇ MADENCİLİK İÇ VE DIŞ TİCARET A.Ş.,8acae2c45835eb6501593a986e7e57f7,4355-tureks-turunc-madencilik-ic-ve-dis-ticaret-a-s,AFYONKARAHİSAR,GÜRELİ YEMİNLİ MALİ MÜŞAVİRLİK VE BAĞIMSIZ DENETİM HİZMETLERİ A.Ş.,,,HAYIR
TRKFN,TURK FİNANSMAN A.Ş.,8acae2c46d7599a6016d873a5f860360,4952-turk-finansman-a-s,İSTANBUL,PwC BAĞIMSIZ DENETİM VE SERBEST MUHASEBECİ MALİ MÜŞAVİRLİK A.Ş,,,HAYIR
TRILC,TURK İLAÇ VE SERUM SANAYİ A.Ş.,8acae2c575a1b5b601773ec6c0030b66,5263-turk-ilac-ve-serum-sanayi-a-s,ANKARA,DENEYİM BAĞIMSIZ DENETİM VE DANIŞMANLIK A.Ş.,,,HAYIR
TCELL,TURKCELL İLETİŞİM HİZMETLERİ A.Ş.,4028e4a1486ec80a0148c55510d71d31,1103-turkcell-iletisim-hizmetleri-a-s,İSTANBUL,PwC BAĞIMSIZ DENETİM VE SERBEST MUHASEBECİ MALİ MÜŞAVİRLİK A.Ş,,,HAYIR
TRKNT,TURKNET İLETİŞİM HİZMETLERİ A.Ş.,8acae2c469cee2a4016a77942be766cf,4874-turknet-iletisim-hizmetleri-a-s,İSTANBUL,KPMG BAĞIMSIZ DENETİM VE SERBEST MUHASEBECİ MALİ MÜŞAVİRLİK A.Ş.,,,HAYIR
TMSN,TÜMOSAN MOTOR VE TRAKTÖR SANAYİ A.Ş.,4028e4a141e536460141e53904b50025,1694-tumosan-motor-ve-traktor-sanayi-a-s,İSTANBUL,TENET BAĞIMSIZ DENETİM A.Ş.,,,HAYIR
TUPRS,TÜPRAŞ-TÜRKİYE PETROL RAFİNERİLERİ A.Ş.,4028e4a140f2ed720140f37f139c01bc,1105-tupras-turkiye-petrol-rafinerileri-a-s,İSTANBUL,GÜNEY BAĞIMSIZ DENETİM VE SERBEST MUHASEBECİ MALİ MÜŞAVİRLİK A.Ş.,,,HAYIR
TRALT,TÜRK ALTIN İŞLETMELERİ A.Ş.,4028e4a2422d9a6e0142bd91d3687a69,1500-turk-altin-isletmeleri-a-s,ANKARA,PwC BAĞIMSIZ DENETİM VE SERBEST MUHASEBECİ MALİ MÜŞAVİRLİK A.Ş,,,HAYIR
THYAO,TÜRK HAVA YOLLARI A.O.,4028e4a140f2ed720140f376bebb01a7,1107-turk-hava-yollari-a-o,İSTANBUL,PwC BAĞIMSIZ DENETİM VE SERBEST MUHASEBECİ MALİ MÜŞAVİRLİK A.Ş,,,HAYIR
PRKAB,TÜRK PRYSMİAN KABLO VE SİSTEMLERİ A.Ş.,4028e4a240f2ef470141167b777b0437,1108-turk-prysmian-kablo-ve-sistemleri-a-s,BURSA,PwC BAĞIMSIZ DENETİM VE SERBEST MUHASEBECİ MALİ MÜŞAVİRLİK A.Ş,,,HAYIR
TTKOM,TÜRK TELEKOMÜNİKASYON A.Ş.,4028e4a241e538ab0141ea9c96912c8b,1473-turk-telekomunikasyon-a-s,ANKARA,GÜNEY BAĞIMSIZ DENETİM VE SERBEST MUHASEBECİ MALİ MÜŞAVİRLİK A.Ş.,,,HAYIR
TTRAK,TÜRK TRAKTÖR VE ZİRAAT MAKİNELERİ A.Ş.,4028e4a140f2ed720140f3790d6a01ad,1393-turk-traktor-ve-ziraat-makineleri-a-s,ANKARA,GÜNEY BAĞIMSIZ DENETİM VE SERBEST MUHASEBECİ MALİ MÜŞAVİRLİK A.Ş.,,,HAYIR
TBORG,TÜRK TUBORG BİRA VE MALT SANAYİİ A.Ş.,4028e4a140f2ed720140f37b033601b2,1088-turk-tuborg-bira-ve-malt-sanayii-a-s,İZMİR,DRT BAĞIMSIZ DENETİM VE SERBEST MUHASEBECİ MALİ MÜŞAVİRLİK A.Ş.,,,HAYIR
TURGG,TÜRKER PROJE GAYRİMENKUL VE YATIRIM GELİŞTİRME A.Ş.,4028e4a140f2ed720140f3440383018e,1996-turker-proje-gayrimenkul-ve-yatirim-gelistirme-a-s,İSTANBUL,GÜRELİ YEMİNLİ MALİ MÜŞAVİRLİK VE BAĞIMSIZ DENETİM HİZMETLERİ A.Ş.,,,HAYIR
GARAN,TÜRKİYE GARANTİ BANKASI A.Ş.,4028e4a140f2ed720140f37cb2a601b7,2422-turkiye-garanti-bankasi-a-s,İSTANBUL,GÜNEY BAĞIMSIZ DENETİM VE SERBEST MUHASEBECİ MALİ MÜŞAVİRLİK A.Ş.,,,EVET
TGB,TÜRKİYE GARANTİ BANKASI A.Ş.,4028e4a140f2ed720140f37cb2a601b7,2422-turkiye-garanti-bankasi-a-s,İSTANBUL,GÜNEY BAĞIMSIZ DENETİM VE SERBEST MUHASEBECİ MALİ MÜŞAVİRLİK A.Ş.,,,EVET
HALKB,TÜRKİYE HALK BANKASI A.Ş.,1DE05DAA82C3073AE0530A4A622A2EBD,2423-turkiye-halk-bankasi-a-s,İSTANBUL,KPMG BAĞIMSIZ DENETİM VE SERBEST MUHASEBECİ MALİ MÜŞAVİRLİK A.Ş.,,,EVET
THL,TÜRKİYE HALK BANKASI A.Ş.,1DE05DAA82C3073AE0530A4A622A2EBD,2423-turkiye-halk-bankasi-a-s,İSTANBUL,KPMG BAĞIMSIZ DENETİM VE SERBEST MUHASEBECİ MALİ MÜŞAVİRLİK A.Ş.,,,EVET
EXIMB,TÜRKİYE İHRACAT KREDİ BANKASI A.Ş.,1DE05DAA8430073AE0530A4A622A2EBD,2424-turkiye-ihracat-kredi-bankasi-a-s,İSTANBUL,GÜNEY BAĞIMSIZ DENETİM VE SERBEST MUHASEBECİ MALİ MÜŞAVİRLİK A.Ş.,,,EVET
THR,TÜRKİYE İHRACAT KREDİ BANKASI A.Ş.,1DE05DAA8430073AE0530A4A622A2EBD,2424-turkiye-ihracat-kredi-bankasi-a-s,İSTANBUL,GÜNEY BAĞIMSIZ DENETİM VE SERBEST MUHASEBECİ MALİ MÜŞAVİRLİK A.Ş.,,,EVET
ISATR,TÜRKİYE İŞ BANKASI A.Ş.,4028e4a140f2ed7201411682b0cb05c6,2425-turkiye-is-bankasi-a-s,İSTANBUL,PwC BAĞIMSIZ DENETİM VE SERBEST MUHASEBECİ MALİ MÜŞAVİRLİK A.Ş,,,EVET
ISBTR,TÜRKİYE İŞ BANKASI A.Ş.,4028e4a140f2ed7201411682b0cb05c6,2425-turkiye-is-bankasi-a-s,İSTANBUL,PwC BAĞIMSIZ DENETİM VE SERBEST MUHASEBECİ MALİ MÜŞAVİRLİK A.Ş,,,EVET
ISCTR,TÜRKİYE İŞ BANKASI A.Ş.,4028e4a140f2ed7201411682b0cb05c6,2425-turkiye-is-bankasi-a-s,İSTANBUL,PwC BAĞIMSIZ DENETİM VE SERBEST MUHASEBECİ MALİ MÜŞAVİRLİK A.Ş,,,EVET
ISKUR,TÜRKİYE İŞ BANKASI A.Ş.,4028e4a140f2ed7201411682b0cb05c6,2425-turkiye-is-bankasi-a-s,İSTANBUL,PwC BAĞIMSIZ DENETİM VE SERBEST MUHASEBECİ MALİ MÜŞAVİRLİK A.Ş,,,EVET
TIB,TÜRKİYE İŞ BANKASI A.Ş.,4028e4a140f2ed7201411682b0cb05c6,2425-turkiye-is-bankasi-a-s,İSTANBUL,PwC BAĞIMSIZ DENETİM VE SERBEST MUHASEBECİ MALİ MÜŞAVİRLİK A.Ş,,,EVET
KLN,TÜRKİYE KALKINMA VE YATIRIM BANKASI A.Ş.,4028e4a14158e41e01415b2dc3476cf4,2426-turkiye-kalkinma-ve-yatirim-bankasi-a-s,İSTANBUL,GÜNEY BAĞIMSIZ DENETİM VE SERBEST MUHASEBECİ MALİ MÜŞAVİRLİK A.Ş.,,,EVET
KLNMA,TÜRKİYE KALKINMA VE YATIRIM BANKASI A.Ş.,4028e4a14158e41e01415b2dc3476cf4,2426-turkiye-kalkinma-ve-yatirim-bankasi-a-s,İSTANBUL,GÜNEY BAĞIMSIZ DENETİM VE SERBEST MUHASEBECİ MALİ MÜŞAVİRLİK A.Ş.,,,EVET
TSK,TÜRKİYE SINAİ KALKINMA BANKASI A.Ş.,4028e4a140f2ed710140f3831c6300fd,2427-turkiye-sinai-kalkinma-bankasi-a-s,İSTANBUL,PwC BAĞIMSIZ DENETİM VE SERBEST MUHASEBECİ MALİ MÜŞAVİRLİK A.Ş,,,EVET
TSKB,TÜRKİYE SINAİ KALKINMA BANKASI A.Ş.,4028e4a140f2ed710140f3831c6300fd,2427-turkiye-sinai-kalkinma-bankasi-a-s,İSTANBUL,PwC BAĞIMSIZ DENETİM VE SERBEST MUHASEBECİ MALİ MÜŞAVİRLİK A.Ş,,,EVET
TURSG,TÜRKİYE SİGORTA A.Ş.,4028e4a140e95be70140ee2f466d0159,975-turkiye-sigorta-a-s,İSTANBUL,PwC BAĞIMSIZ DENETİM VE SERBEST MUHASEBECİ MALİ MÜŞAVİRLİK A.Ş,,,EVET
SISE,TÜRKİYE ŞİŞE VE CAM FABRİKALARI A.Ş.,4028e4a140f2ed710140f385d5690102,1087-turkiye-sise-ve-cam-fabrikalari-a-s,İSTANBUL,PwC BAĞIMSIZ DENETİM VE SERBEST MUHASEBECİ MALİ MÜŞAVİRLİK A.Ş,,,HAYIR
TVB,TÜRKİYE VAKIFLAR BANKASI T.A.O.,4028e4a1415f4d9b01415fe3340f36e4,2428-turkiye-vakiflar-bankasi-t-a-o,İSTANBUL,GÜNEY BAĞIMSIZ DENETİM VE SERBEST MUHASEBECİ MALİ MÜŞAVİRLİK A.Ş.,,,EVET
VAKBN,TÜRKİYE VAKIFLAR BANKASI T.A.O.,4028e4a1415f4d9b01415fe3340f36e4,2428-turkiye-vakiflar-bankasi-t-a-o,İSTANBUL,GÜNEY BAĞIMSIZ DENETİM VE SERBEST MUHASEBECİ MALİ MÜŞAVİRLİK A.Ş.,,,EVET
TV8TV,TV8 TV YAYINCILIK A.Ş.,4028e4a1415f4d9b014160385b35407b,3548-tv8-tv-yayincilik-a-s,İSTANBUL,GÜRELİ YEMİNLİ MALİ MÜŞAVİRLİK VE BAĞIMSIZ DENETİM HİZMETLERİ A.Ş.,,,HAYIR
UFUK,UFUK YATIRIM YÖNETİM VE GAYRİMENKUL A.Ş.,4028e4a24158e42201415afe28e760a4,1444-ufuk-yatirim-yonetim-ve-gayrimenkul-a-s,İSTANBUL,ANY PARTNERS BAĞIMSIZ DENETİM A.Ş.,,,HAYIR
ULAS,ULAŞLAR TURİZM ENERJİ TARIM GIDA VE İNŞAAT YATIRIMLARI A.Ş.,4028e4a240f2ef4c0140f38adfa1008d,1677-ulaslar-turizm-enerji-tarim-gida-ve-insaat-yatirimlari-a-s,ANKARA,ULUSAL BAĞIMSIZ DENETİM VE YEMİNLİ MALİ MÜŞAVİRLİK A.Ş.,,,HAYIR
ULUFA,ULUSAL FAKTORİNG A.Ş.,4028e4a1416e696301416f321c3d5ca7,2149-ulusal-faktoring-a-s,İSTANBUL,DRT BAĞIMSIZ DENETİM VE SERBEST MUHASEBECİ MALİ MÜŞAVİRLİK A.Ş.,,,EVET
ULUSE,ULUSOY ELEKTRİK İMALAT TAAHHÜT VE TİCARET A.Ş.,4028e4a24a069620014a341cfac83419,2374-ulusoy-elektrik-imalat-taahhut-ve-ticaret-a-s,ANKARA,GÜNEY BAĞIMSIZ DENETİM VE SERBEST MUHASEBECİ MALİ MÜŞAVİRLİK A.Ş.,,,HAYIR
ULUUN,ULUSOY UN SANAYİ VE TİCARET A.Ş.,4028e4a14371e09d0143c4d925022442,2375-ulusoy-un-sanayi-ve-ticaret-a-s,SAMSUN,GÜÇBİR BAĞIMSIZ DENETİM A.Ş.,,,HAYIR
UMPAS,UMPAŞ HOLDİNG A.Ş.,4028e4a240f2ef4c0140f38be24f0091,2065-umpas-holding-a-s,UŞAK,GÜNCEL BAĞIMSIZ DENETİM DANIŞMANLIK A.Ş.,,,HAYIR
USAK,UŞAK SERAMİK SANAYİ A.Ş.,1DE05DAA843E073AE0530A4A622A2EBD,1111-usak-seramik-sanayi-a-s,UŞAK,KARAR BAĞIMSIZ DENETİM VE DANIŞMANLIK A.Ş.,,,HAYIR
UCAYM,ÜÇAY MÜHENDİSLİK ENERJİ VE İKLİMLENDİRME TEKNOLOJİLERİ A.Ş.,8acae2c49b85f8ce019ba3efeb403292,6182-ucay-muhendislik-enerji-ve-iklimlendirme-teknolojileri-a-s,İSTANBUL,BDO DENET BAĞIMSIZ DENETİM VE DANIŞMANLIK A.Ş.,,,HAYIR
ULKER,ÜLKER BİSKÜVİ SANAYİ A.Ş.,4028e4a14184e9c901419801438a422b,859-ulker-biskuvi-sanayi-a-s,İSTANBUL,DRT BAĞIMSIZ DENETİM VE SERBEST MUHASEBECİ MALİ MÜŞAVİRLİK A.Ş.,,,HAYIR
UNLU,ÜNLÜ YATIRIM HOLDİNG A.Ş.,4028e4a24bcf2bca014be9def2a47203,2474-unlu-yatirim-holding-a-s,İSTANBUL,PwC BAĞIMSIZ DENETİM VE SERBEST MUHASEBECİ MALİ MÜŞAVİRLİK A.Ş,,,HAYIR
VAKFA,VAKIF FAKTORİNG A.Ş.,4028e4a2422d9a7801426b0fb4db037d,2556-vakif-faktoring-a-s,İSTANBUL,GÜNEY BAĞIMSIZ DENETİM VE SERBEST MUHASEBECİ MALİ MÜŞAVİRLİK A.Ş.,,,EVET
VAKFN,VAKIF FİNANSAL KİRALAMA A.Ş.,4028e4a241462fd801414fa81cce2e75,1115-vakif-finansal-kiralama-a-s,İSTANBUL,GÜNEY BAĞIMSIZ DENETİM VE SERBEST MUHASEBECİ MALİ MÜŞAVİRLİK A.Ş.,,,EVET
VKGYO,VAKIF GAYRİMENKUL YATIRIM ORTAKLIĞI A.Ş.,4028e4a140f2ed72014101a0d3b501f7,1116-vakif-gayrimenkul-yatirim-ortakligi-a-s,İSTANBUL,GÜNEY BAĞIMSIZ DENETİM VE SERBEST MUHASEBECİ MALİ MÜŞAVİRLİK A.Ş.,,,HAYIR
VKFYO,VAKIF MENKUL KIYMET YATIRIM ORTAKLIĞI A.Ş.,4028e4a241462fd801414fa6227c2e62,1117-vakif-menkul-kiymet-yatirim-ortakligi-a-s,İSTANBUL,GÜNEY BAĞIMSIZ DENETİM VE SERBEST MUHASEBECİ MALİ MÜŞAVİRLİK A.Ş.,,,EVET
VAKVK,VAKIF VARLIK KİRALAMA A.Ş.,8acae2c45835eb6501589126775520fb,4329-vakif-varlik-kiralama-a-s,İSTANBUL,DRT BAĞIMSIZ DENETİM VE SERBEST MUHASEBECİ MALİ MÜŞAVİRLİK A.Ş.,,,
VAKKO,VAKKO TEKSTİL VE HAZIR GİYİM SANAYİ İŞLETMELERİ A.Ş.,4028e4a2422d9a6e014251b075f0227f,1119-vakko-tekstil-ve-hazir-giyim-sanayi-isletmeleri-a-s,İSTANBUL,DRT BAĞIMSIZ DENETİM VE SERBEST MUHASEBECİ MALİ MÜŞAVİRLİK A.Ş.,,,HAYIR
VANGD,VANET GIDA SANAYİ İÇ VE DIŞ TİCARET A.Ş.,4028e4a1416e696301416ecfa3fb2ca4,1558-vanet-gida-sanayi-ic-ve-dis-ticaret-a-s,İSTANBUL,VİZYON GRUP BAĞIMSIZ DENETİM.A.Ş.,,,HAYIR
VBTYZ,VBT YAZILIM A.Ş.,8acae2c4794d3648017a420bdd4c4fa3,5369-vbt-yazilim-a-s,İSTANBUL,NOTE OFFİCE ULUSLARARASI BAĞIMSIZ DENETİM DANIŞMANLIK A.Ş.,,,HAYIR
VDFLO,VDF FİLO KİRALAMA A.Ş.,8acae2c56faf888c0171e54394012909,5080-vdf-filo-kiralama-a-s,İSTANBUL,BDO DENET BAĞIMSIZ DENETİM VE DANIŞMANLIK A.Ş.,,,HAYIR
VRGYO,VERA KONSEPT GAYRİMENKUL YATIRIM ORTAKLIĞI A.Ş.,8acae2c486d22a3a018b27e15c37493e,5885-vera-konsept-gayrimenkul-yatirim-ortakligi-a-s,ANKARA,DENEYİM BAĞIMSIZ DENETİM VE DANIŞMANLIK A.Ş.,,,HAYIR
VERUS,VERUSA HOLDİNG A.Ş.,4028e4a2422d9a78014275ba7f133b05,2059-verusa-holding-a-s,İSTANBUL,DRT BAĞIMSIZ DENETİM VE SERBEST MUHASEBECİ MALİ MÜŞAVİRLİK A.Ş.,,,HAYIR
VERTU,VERUSATURK GİRİŞİM SERMAYESİ YATIRIM ORTAKLIĞI A.Ş.,4028e4a2420327a4014209c59cc91457,2048-verusaturk-girisim-sermayesi-yatirim-ortakligi-a-s,İSTANBUL,DRT BAĞIMSIZ DENETİM VE SERBEST MUHASEBECİ MALİ MÜŞAVİRLİK A.Ş.,,,HAYIR
VESBE,VESTEL BEYAZ EŞYA SANAYİ VE TİCARET A.Ş.,4028e4a140f2ed7201412c223c9707e6,1419-vestel-beyaz-esya-sanayi-ve-ticaret-a-s,İSTANBUL,PwC BAĞIMSIZ DENETİM VE SERBEST MUHASEBECİ MALİ MÜŞAVİRLİK A.Ş,,,HAYIR
VESTL,VESTEL ELEKTRONİK SANAYİ VE TİCARET A.Ş.,4028e4a140f2ed7201412c2000c507db,1122-vestel-elektronik-sanayi-ve-ticaret-a-s,İSTANBUL,PwC BAĞIMSIZ DENETİM VE SERBEST MUHASEBECİ MALİ MÜŞAVİRLİK A.Ş,,,HAYIR
VKING,VİKİNG KAĞIT VE SELÜLOZ A.Ş.,4028e4a140f2ed72014101a2d00a01fe,1123-viking-kagit-ve-seluloz-a-s,İZMİR,KPMG BAĞIMSIZ DENETİM VE SERBEST MUHASEBECİ MALİ MÜŞAVİRLİK A.Ş.,,,HAYIR
VSNMD,VİŞNE MADENCİLİK ÜRETİM SANAYİ VE TİCARET A.Ş.,8acae2c59145e00e01949893374b244d,6060-visne-madencilik-uretim-sanayi-ve-ticaret-a-s,İZMİR,REANDA AREN BAĞIMSIZ DENETİM VE SMMM A.Ş.,,,HAYIR
VDFAS,VOLKSWAGEN DOĞUŞ FİNANSMAN A.Ş.,4028e4a24371e0a20143914bc74c6e5b,2153-volkswagen-dogus-finansman-a-s,İSTANBUL,BDO DENET BAĞIMSIZ DENETİM VE DANIŞMANLIK A.Ş.,,,HAYIR
YKFKT,YAPI KREDİ FAKTORİNG A.Ş.,4028e4a240f2ef47014117688e9e04a6,2303-yapi-kredi-faktoring-a-s,İSTANBUL,GÜNEY BAĞIMSIZ DENETİM VE SERBEST MUHASEBECİ MALİ MÜŞAVİRLİK A.Ş.,,,EVET
YKFIN,YAPI KREDİ FİNANSAL KİRALAMA A.O.,4028e4a1413b7ef401414503a8c00095,1124-yapi-kredi-finansal-kiralama-a-o,İSTANBUL,GÜNEY BAĞIMSIZ DENETİM VE SERBEST MUHASEBECİ MALİ MÜŞAVİRLİK A.Ş.,,,EVET
YKR,YAPI KREDİ YATIRIM MENKUL DEĞERLER A.Ş.,4028e4a240f2ef4c01412ae47c99052d,2532-yapi-kredi-yatirim-menkul-degerler-a-s,İSTANBUL,GÜNEY BAĞIMSIZ DENETİM VE SERBEST MUHASEBECİ MALİ MÜŞAVİRLİK A.Ş.,,,EVET
YKYAT,YAPI KREDİ YATIRIM MENKUL DEĞERLER A.Ş.,4028e4a240f2ef4c01412ae47c99052d,2532-yapi-kredi-yatirim-menkul-degerler-a-s,İSTANBUL,GÜNEY BAĞIMSIZ DENETİM VE SERBEST MUHASEBECİ MALİ MÜŞAVİRLİK A.Ş.,,,EVET
YKB,YAPI VE KREDİ BANKASI A.Ş.,4028e4a240f2ef4c01412ae6d6630538,2429-yapi-ve-kredi-bankasi-a-s,İSTANBUL,GÜNEY BAĞIMSIZ DENETİM VE SERBEST MUHASEBECİ MALİ MÜŞAVİRLİK A.Ş.,,,EVET
YKBNK,YAPI VE KREDİ BANKASI A.Ş.,4028e4a240f2ef4c01412ae6d6630538,2429-yapi-ve-kredi-bankasi-a-s,İSTANBUL,GÜNEY BAĞIMSIZ DENETİM VE SERBEST MUHASEBECİ MALİ MÜŞAVİRLİK A.Ş.,,,EVET
YAPRK,YAPRAK SÜT VE BESİ ÇİFTLİKLERİ SANAYİ VE TİCARET A.Ş.,4028e4a1416e696501416eec8e443d62,2920-yaprak-sut-ve-besi-ciftlikleri-sanayi-ve-ticaret-a-s,İSTANBUL,ECOVİS DEĞER BAĞIMSIZ DENETİM VE YEMİNLİ MALİ MÜŞAVİRLİK A.Ş. ,,,HAYIR
YATAS,YATAŞ YATAK VE YORGAN SANAYİ TİCARET A.Ş.,4028e4a140f2ed72014106c48768022e,1129-yatas-yatak-ve-yorgan-sanayi-ticaret-a-s,KAYSERİ,ATA ULUSLARARASI BAĞIMSIZ DENETİM VE SMMM A.Ş.,,,HAYIR
YATVK,YATIRIM VARLIK KİRALAMA A.Ş.,8acae2c56d759b01016e02beaf763330,4977-yatirim-varlik-kiralama-a-s,İSTANBUL,PwC BAĞIMSIZ DENETİM VE SERBEST MUHASEBECİ MALİ MÜŞAVİRLİK A.Ş,,,
YYLGD,YAYLA AGRO GIDA SANAYİ VE TİCARET A.Ş.,4028e4a2420a2daf014213d4625d3edc,2759-yayla-agro-gida-sanayi-ve-ticaret-a-s,ANKARA,EREN BAĞIMSIZ DENETİM A.Ş.,,,HAYIR
YAYLA,YAYLA ENERJİ ÜRETİM TURİZM VE İNŞAAT TİCARET A.Ş.,4028e4a1486ec80b0148c539d6721829,2061-yayla-enerji-uretim-turizm-ve-insaat-ticaret-a-s,ANKARA,KARAR BAĞIMSIZ DENETİM VE DANIŞMANLIK A.Ş.,,,HAYIR
YGGYO,YENİ GİMAT GAYRİMENKUL YATIRIM ORTAKLIĞI A.Ş.,4028e4a241733d4201417cda3f421321,2012-yeni-gimat-gayrimenkul-yatirim-ortakligi-a-s,ANKARA,GÜNCEL BAĞIMSIZ DENETİM DANIŞMANLIK A.Ş.,,,HAYIR
YEOTK,YEO TEKNOLOJİ ENERJİ VE ENDÜSTRİ A.Ş.,4028e4a140f2ed7101413af3da8c0440,2900-yeo-teknoloji-enerji-ve-endustri-a-s,İSTANBUL,GÜRELİ YEMİNLİ MALİ MÜŞAVİRLİK VE BAĞIMSIZ DENETİM HİZMETLERİ A.Ş.,,,HAYIR
YYAPI,YEŞİL YAPI ENDÜSTRİSİ A.Ş.,4028e4a1416e696301416f35f8425ec3,885-yesil-yapi-endustrisi-a-s,İSTANBUL,PKF ADAY BAĞIMSIZ DENETİM A.Ş.,,,HAYIR
YESIL,YEŞİL YATIRIM HOLDİNG A.Ş.,4028e4a2416e696c01416edc458b30f0,1386-yesil-yatirim-holding-a-s,İSTANBUL,PKF ADAY BAĞIMSIZ DENETİM A.Ş.,,,HAYIR
YBTAS,YİBİTAŞ YOZGAT İŞÇİ BİRLİĞİ İNŞAAT MALZEMELERİ TİCARET VE SANAYİ A.Ş.,4028e4a2416f888d01416f94bfb001ec,1595-yibitas-yozgat-isci-birligi-insaat-malzemeleri-ticaret-ve-sanayi-a-s,YOZGAT,DENGE ANKARA BAĞIMSIZ DENETİM VE YEMİNLİ MALİ MÜŞAVİRLİK A.Ş.,,,HAYIR
YIGIT,YİĞİT AKÜ MALZEMELERİ NAKLİYAT TURİZM İNŞAAT SANAYİ VE TİCARET A.Ş.,8acae2c48c3efac0018fabe5e40b5043,5965-yigit-aku-malzemeleri-nakliyat-turizm-insaat-sanayi-ve-ticaret-a-s,ANKARA,DENEYİM BAĞIMSIZ DENETİM VE DANIŞMANLIK A.Ş.,,,HAYIR
YONGA,YONGA MOBİLYA SANAYİ VE TİCARET A.Ş.,4028e4a24158e42201415b0fde196300,1585-yonga-mobilya-sanayi-ve-ticaret-a-s,DENİZLİ,NEVADOS BAĞIMSIZ DENETİM A.Ş.,,,HAYIR
YKSLN,YÜKSELEN ÇELİK A.Ş.,8acae2c569cee403016a6e925a8b5bd8,4873-yukselen-celik-a-s,İSTANBUL,HSY DANIŞMANLIK VE BAĞIMSIZ DENETİM A.Ş.,,,HAYIR
YUNSA,YÜNSA YÜNLÜ SANAYİ VE TİCARET A.Ş.,4028e4a240f2ef4c014101b726fa011d,1132-yunsa-yunlu-sanayi-ve-ticaret-a-s,İSTANBUL,GÜNEY BAĞIMSIZ DENETİM VE SERBEST MUHASEBECİ MALİ MÜŞAVİRLİK A.Ş.,,,HAYIR
ZGYO,Z GAYRİMENKUL YATIRIM ORTAKLIĞI A.Ş.,8acae2c5998f25d7019b732d4d683a5c,6178-z-gayrimenkul-yatirim-ortakligi-a-s,ANKARA,GÜÇBİR BAĞIMSIZ DENETİM A.Ş.,,,HAYIR
ZEDUR,ZEDUR ENERJİ ELEKTRİK ÜRETİM A.Ş.,4028e4a240f2ef470141164fd5f803a1,1539-zedur-enerji-elektrik-uretim-a-s,ANKARA,GÜNCEL BAĞIMSIZ DENETİM DANIŞMANLIK A.Ş.,,,HAYIR
ZERGY,ZERAY GAYRİMENKUL YATIRIM ORTAKLIĞI A.Ş.,8acae2c5998f25d7019aed48b7597a50,6166-zeray-gayrimenkul-yatirim-ortakligi-a-s,KOCAELİ,AKADEMİK BAĞIMSIZ DENETİM A.Ş.,,,HAYIR
ZRGYO,ZİRAAT GAYRİMENKUL YATIRIM ORTAKLIĞI A.Ş.,8acae2c45835eb660158bfedd32d3332,4337-ziraat-gayrimenkul-yatirim-ortakligi-a-s,İSTANBUL,PwC BAĞIMSIZ DENETİM VE SERBEST MUHASEBECİ MALİ MÜŞAVİRLİK A.Ş,,,HAYIR
ZKBVK,ZİRAAT KATILIM VARLIK KİRALAMA A.Ş.,8acae2c5540d442c0154a032b7740b6f,2606-ziraat-katilim-varlik-kiralama-a-s,İSTANBUL,PwC BAĞIMSIZ DENETİM VE SERBEST MUHASEBECİ MALİ MÜŞAVİRLİK A.Ş,,,
ZKBVR,ZKB VARLIK KİRALAMA A.Ş.,8acae2c465a51c3b01672b4d7dd02796,4771-zkb-varlik-kiralama-a-s,İSTANBUL,PwC BAĞIMSIZ DENETİM VE SERBEST MUHASEBECİ MALİ MÜŞAVİRLİK A.Ş,,,
ZOREN,ZORLU ENERJİ ELEKTRİK ÜRETİM A.Ş.,4028e4a140f2ed7201412c19687407a7,1133-zorlu-enerji-elektrik-uretim-a-s,BURSA,KPMG BAĞIMSIZ DENETİM VE SERBEST MUHASEBECİ MALİ MÜŞAVİRLİK A.Ş.,,,HAYIR
BINHO,1000 YATIRIMLAR HOLDİNG A.Ş.,8acae2c48b2fa25a018bba0a5034596d,5900-1000-yatirimlar-holding-a-s,İSTANBUL,DENEYİM BAĞIMSIZ DENETİM VE DANIŞMANLIK A.Ş.,,,HAYIR
